id,source,date,rating,text,version,helpful,word_count
play_b33991c4-8a2b-4416-a8a3-394a8d8051d1,google_play,2026-08-01T19:18:38,1,chor company,26.7.4,0,2
play_eee16bfe-0b53-4e51-8c19-b7b5a65ba074,google_play,2026-08-01T19:18:24,1,"Good delivery experience, but it suffers from genuine cases. I live in Mumbai and they frequently miss items, and Zepto never helps with refunds or anything, even when the rider says the item is missing from the order. They just keep saying ""mail us the case"" then say ""we can't process without even talking.""",26.7.4,0,54
play_6a3caba1-fb74-4c5f-bccb-41bfecf61983,google_play,2026-08-01T19:18:21,5,all products are too good,26.7.4,0,5
play_9b3392b6-533a-4665-8c32-ff29362d7a00,google_play,2026-08-01T19:10:44,1,"zepto warehouses are very dirty. there was fungus on the side of the food products that I bought. buy ONLY packaged products from zepto - no vegetables, no fruits, no eggs, no ice-cream. please be careful. I've received expired food products too. I think big basket is a marginally better option. Atleast they don't give expired food products",26.7.4,0,58
play_0101c753-6a5d-4ee7-855f-8f024cca5b06,google_play,2026-08-01T19:07:04,5,mast🤗🤗,26.7.4,0,1
play_fdfba881-6844-4be1-8104-f678f3a7c4a4,google_play,2026-08-01T19:06:30,1,poor customer service and they never refund the money charged...,26.7.4,0,10
play_fd0a20ac-3752-4a90-a13b-e09a66880824,google_play,2026-08-01T19:06:00,1,"The delivery is taking too long these days. Moreover, they just used to automatically cancel the order for no reason.",26.7.4,0,20
play_40135356-a23c-4768-aed0-b41548b94bf5,google_play,2026-08-01T18:54:34,1,orders are of not good quality. orders are missed while delivered. price wont be adjusted for not delivered items. worst customer care service. That AI doesn't understand nothing. good way to cheat customers.,26.7.4,0,33
play_a92f21ad-7093-4f2d-af56-1fa664466454,google_play,2026-08-01T18:52:51,1,"worthless app. in terms of the delivery agent Absolutely ill- mannered.Doesn't know how to speak, rude, impolite. No help line number for this app.",26.7.1,0,24
play_574a7453-7e3a-4370-ae97-83d868690edd,google_play,2026-08-01T18:50:33,3,this time I'm unhappy because I ordered 5 bag but I received only 3bag,26.7.2,0,14
play_ad5c80ec-17ba-4614-8b92-623d65dcda0b,google_play,2026-08-01T18:49:22,5,good 👍😊,26.7.4,0,2
play_fe5d46dd-e04d-435d-a1b4-398db5f40e87,google_play,2026-08-01T18:44:55,5,I think before buying from blinkit u should give it a check too because the difference is insane also delivery fee cancels under then 90 rs order wheather in blinkit it's under 200rs it's good but I want them to add alot more of items and I hope u will check my reply and try to add items as soon as possible,26.7.4,0,62
play_06302b57-9847-4fc5-b605-511baa1cae8a,google_play,2026-08-01T18:44:29,5,all good,26.7.4,0,2
play_40b6dc3e-443e-40f6-ae91-cd641900d450,google_play,2026-08-01T18:42:51,5,very good app,26.7.4,0,3
play_2ab9cad5-494e-4a6d-8cc0-4be42e2c3356,google_play,2026-08-01T18:38:55,5,delivered always on time Or sometimes before time. fast delivery.,26.7.4,0,10
play_f83a6eed-69ba-4970-bee5-2e16e701f7ca,google_play,2026-08-01T18:37:18,4,very good 👍,26.7.4,0,3
play_8f24c131-59d3-4e91-b9ae-e60d6b28c982,google_play,2026-08-01T18:30:13,5,good,26.7.4,0,1
play_b18170f8-a982-449d-9677-130319767279,google_play,2026-08-01T18:13:33,5,খুব ভালো,26.7.4,0,2
play_f5f08286-1c56-464b-9672-9cefb09b3e19,google_play,2026-08-01T18:09:07,5,very good,26.7.4,0,2
play_9de4e0cd-e4a8-42d4-a279-599bfc145d33,google_play,2026-08-01T18:08:54,5,good,26.7.4,0,1
play_01806db7-bd70-49c7-923b-a4ce63a2307f,google_play,2026-08-01T18:08:25,1,"I bought several products from this platform, but the quality was disappointing. The peanuts were within the expiry date but had an oily, unpleasant taste. The dates looked fine outside but were spoiled inside. Customer support refused to help and asked me to contact the brand. Since I bought the products from this platform, I expected them to resolve the issue. Disappointing service. Please check food products carefully after delivery.",26.7.4,0,70
play_e96ff9f9-c53b-47e3-b941-738019ef0bd9,google_play,2026-08-01T18:07:22,1,I have ordered one day prior set the schedule for today one bracelet and one chocolate for my friend on friendship day as a long distance friend but at the last moment zepto refunded the bracelet money and only delivered the chocolate if I have ordered something on prior basis then how can you just refund my money and at the last moment when the delivery guy is out for delivery atleast give prior notice so we can cancel our order and add new item in the basket it's very irresponsible application,26.7.4,0,92
play_15a3915c-da11-4a6b-bdec-881db2e04ccb,google_play,2026-08-01T18:03:27,5,nice,26.7.4,0,1
play_457e980f-a0cf-433d-a02e-8acb33a06c96,google_play,2026-08-01T17:46:53,5,very nice,26.7.4,0,2
play_55df6a1b-3d34-410e-8967-09765742ce02,google_play,2026-08-01T17:37:29,1,poor customer service m seller is fraud and zepto is covering up. just developer now responded to contact support mail id. I'm not sure whether the customer support team are even checking the emails. I have clearly explained my issue no response..,26.7.4,1,42
play_379048ec-b762-425d-8d66-e1d84b64edad,google_play,2026-08-01T17:36:42,1,nice,26.7.4,0,1
play_8a81ed46-e0fa-4b22-8a7e-ce4f13f4b9d2,google_play,2026-08-01T17:29:15,5,Good service,26.7.4,0,2
play_29a3084e-1b41-49f5-b399-4eedf7c3b839,google_play,2026-08-01T17:28:56,1,services good but sometimes it delivers expired products,24.6.4,0,8
play_73484520-4d3f-40e6-95b7-1e6180b7ff67,google_play,2026-08-01T17:27:53,1,worst app can't even cancel an order if placed by mistake lul app,26.7.4,0,13
play_3e89fd57-10c5-4bdc-8c20-e555d3ca866e,google_play,2026-08-01T17:20:54,5,good,26.7.4,0,1
play_607c211b-43fd-4109-a6c2-8a9e946f89c3,google_play,2026-08-01T17:00:51,5,it's nice and fast.,26.7.4,0,4
play_095a8137-5723-4a4c-84b2-9813e0a29ad4,google_play,2026-08-01T16:57:01,5,very less time taken to deliver products.,26.7.4,0,7
play_472b9bb3-686e-4ca2-96b5-54b1417b70ed,google_play,2026-08-01T16:53:50,5,u r allways best budget friendly tq zepto,,0,8
play_2d149710-24a7-440b-ba9a-05f1b478418d,google_play,2026-08-01T16:52:38,1,Multiple wrong deliveries and then no responsible customer care,26.7.4,0,9
play_d1bad0de-1d5b-47d8-b5a4-537dfbba8117,google_play,2026-08-01T16:48:07,5,on time really 😊😊,26.7.4,0,4
play_4051345e-477d-48b3-b17c-12c2daab1863,google_play,2026-08-01T16:41:03,1,mera experience Boht bura raha..maine milk order Kiya tha jo ki expired deliver Kiya..or ja use boil kiya to voh curdled ho gaya..uske baad jab maine apna refund manga or photo bhi click karkar send ki..tab bhi mujhe refund nahi kiya..or itni vahiyat shart rakhi ki hame packets original form me wapas karo tabhi refund karenge..boil or curdled milk ko mai wapas pouches me fill karkar kese deti.. isliye mujhe mera refund nahi kiya inlog ne..ki hamari yahi policy hai bolkar..worst app,26.7.4,0,82
play_a8679391-1bb5-4828-851b-ec6f9fc6aaed,google_play,2026-08-01T16:36:05,1,"Zepto, we understand you want to go for an IPO, but you should learn how to do business first. Firstly, you attract us by your offers and discounts and when I reach the billing page, I just get shocked to see the maths done there, it feels like I am paying more than the MRP, but still you manage to show that I have saved thousands of rupees in that order. You are making us fool clearly. Time to uninstall this app.",26.7.4,1,82
play_eb35a54b-2b80-4278-8663-b2310c7e9899,google_play,2026-08-01T16:32:12,1,No option to connect customer care. I ordered items and made UPI payment. payment was deducted but it was not reflecting to zepto's account so delivery boy took back my order even though payment was done in front of him. I was informed I will receive a refund but I haven't received it and there is no option to connect to customer care in application!!!!!,26.7.4,0,65
play_b9571f17-373f-41a4-b1a8-45e1085f727b,google_play,2026-08-01T16:24:36,1,1. they will give you defective item then they fail to provide you exchange and marked them from there side that they have successfully done the exchange this app is fraud please don't use it,26.7.4,0,35
play_dacfa732-f9c5-4e99-a364-f151c51ae6c5,google_play,2026-08-01T16:24:20,4,talk to customer Support should be more convenient.,26.7.4,0,8
play_e85748d8-284b-42b3-a003-00d032894b26,google_play,2026-08-01T16:24:16,1,refund option is never available here 😔,26.7.4,0,7
play_d3fc71ae-fd0a-408b-aec8-ae4b379df046,google_play,2026-08-01T16:22:53,4,super,26.7.4,0,1
play_d9031077-9d94-4607-9d19-ae99d916095d,google_play,2026-08-01T16:21:19,5,excellent,26.7.4,0,1
play_33db2b07-228b-4535-ac83-06d3673b5c4f,google_play,2026-08-01T16:20:45,1,very bad experience with this app. they are not delivered all orders items are missing. when I complained about this they said that they delivered all the items. I will never order again from this app.,,0,36
play_c6e8e5f4-d228-4a19-9190-aed1579fb919,google_play,2026-08-01T16:18:39,1,"bhaiyo aur bahno,saman lene ae pahle acche se count aur check kar lena,aap walo pe bharosa matt karna,1500 se upar karo to toh inhe bharosa nahi aap pe to paise to inhe pahle chahiye but agar aap saman receive kar liye aur check nahi kiye thodi der baad agar yaad aaya to aapko koi refund nahi milne wala,unko hisab se unhone aapko sara saman de diya,aap hi jhuth bol rahe........matal paise bhi gawao aur saman bhi........to aap ke faltu ke paise ho to hi is app se order kare 🙏",26.7.4,0,90
play_fab4ba10-6471-4a43-8d1e-f58f57056ec1,google_play,2026-08-01T16:17:28,5,very good,26.7.4,0,2
play_b2b1cafe-c75d-446a-812f-bac6b5544b1b,google_play,2026-08-01T16:16:53,5,Good 👍🏻😊😊😊,26.7.4,0,2
play_02e67418-4b0c-4f21-869f-51c98270d1b6,google_play,2026-08-01T16:15:28,1,they deliver damaged product and don't return or give any solution they ask to share images and videos after watching that the say there is no problem with the product A bunch of cheaters,25.11.3,0,34
play_a6195147-6729-4705-a22e-a8b072d3d931,google_play,2026-08-01T16:15:10,5,please 49 wala offer chalu karo mera,26.7.4,0,7
play_522d2936-91af-4f78-bce6-eacde9a20ea2,google_play,2026-08-01T16:11:27,5,why fear when zepto is hear,26.7.4,0,6
play_419280ca-511a-4a1c-92da-98f278deac19,google_play,2026-08-01T16:10:33,1,fraud seller denied my refund,,0,5
play_825ed50f-da4f-40ec-b85e-c70169319e1a,google_play,2026-08-01T16:06:47,5,super boy,26.7.4,0,2
play_58e8f588-299e-4f12-8a11-1674593d8d24,google_play,2026-08-01T16:06:28,5,fast delivery service.,26.7.4,0,3
play_664c2d30-bb0f-47ad-b3f0-304bfda39d12,google_play,2026-08-01T16:02:42,5,good app,26.6.5,0,2
play_b9d4b55b-8aca-4795-a529-aee88ee784f2,google_play,2026-08-01T16:01:59,5,good 👍😊👍😊,26.7.4,0,2
play_60153e8c-d751-4a1e-b22f-e9dbf5ffeb72,google_play,2026-08-01T16:00:56,5,verry good service's zepto,26.7.4,0,4
play_041a7415-d617-4bc9-82ab-8c17d83744a4,google_play,2026-08-01T15:59:04,5,"on time, every time,",26.7.4,0,4
play_7ad0eafa-ab70-4e49-a321-bb5fd09fcfe6,google_play,2026-08-01T15:55:03,1,cannot check for location,26.7.4,0,4
play_47675814-4928-46f7-9198-c6e2e173f84a,google_play,2026-08-01T15:52:22,5,good,26.7.4,0,1
play_79876430-df15-4c38-af13-045b8bc6a462,google_play,2026-08-01T15:51:08,1,I have item missing on my order and there no way talk to them I'm keep getting the automated reply. I lost my money. worst app I did email to your support team. I'm getting no solution from there as well.,26.7.4,0,41
play_3039433c-9783-4a89-ba9c-e66462809dcb,google_play,2026-08-01T15:50:54,5,"It is good to find things here that I dont see in a local store or supermarket, eg., protein bars.",26.7.4,0,20
play_51110672-22e1-477b-9ca3-7e1f4936c442,google_play,2026-08-01T15:49:31,1,boss inke price low High hote it's scam customer k saath alag totally time waste hain inke app pe 👎👎,,0,20
play_34ef4eb2-9a65-4f25-9435-6b9785478304,google_play,2026-08-01T15:46:28,1,"Vegetables are rotten and stale and when asked for a fair refund you guys cheat us, no timely response and resolution. What kind of chat and email support do you have?",26.7.4,0,31
play_515e2a9f-1fe7-4b1e-bebc-3bf9d1f44e18,google_play,2026-08-01T15:45:00,4,Good quality fast delivery,26.7.4,0,4
play_4578f18a-f491-4a63-bf34-a32809470c12,google_play,2026-08-01T15:44:59,3,good,,0,1
play_183115fe-a27d-409a-8cc5-c6ff60b16615,google_play,2026-08-01T15:41:23,1,very worst packing,26.4.7,0,3
play_0cb4ccf9-43d2-452c-8091-8b2d2d824e8d,google_play,2026-08-01T15:37:40,1,they deduct the money and then they say payment failed and then it takes 5 to 6 days to refund if u want to order from this app pay on delivery dont pay before it happens with me like 3 times now,26.7.4,0,42
play_b73d6128-7202-48be-8792-42811761a541,google_play,2026-08-01T15:35:31,5,very good,24.2.4,0,2
play_b3eb4cfa-bed3-4ad9-961f-6c5a9f84de8c,google_play,2026-08-01T15:34:27,5,good,,0,1
play_4aa49f31-78f9-4888-8146-ae133dfb043f,google_play,2026-08-01T15:20:00,1,bad,26.7.3,0,1
play_9b7e47e3-b7e7-44fe-8569-52dc40508220,google_play,2026-08-01T15:18:11,5,thanks you zepto❤️,26.7.3,0,3
play_c4ca16e9-affe-43f7-bcc9-3a6a3f9a7586,google_play,2026-08-01T15:17:43,5,good service,26.7.4,0,2
play_c2ae6f85-8c29-45b4-8e92-fc440bb1d599,google_play,2026-08-01T15:15:50,5,Good 👍,26.7.4,0,2
play_33170c45-eae0-4d5d-aa19-4d103978e260,google_play,2026-08-01T15:15:03,5,this is very nice cold coffee and this is best quality and fast delivery,26.7.4,0,14
play_f0b9b0c6-fa28-424e-bea8-f86a654151db,google_play,2026-08-01T15:13:02,1,"worst experience, don't order any thing from zepto, thay don't have customer care number. and ai chat is worst. if any thing wrong happened forgot your money because you can't speak to anyone or complain anyone.",26.7.4,0,36
play_928730a3-754b-463a-86bf-2bbb8003dc90,google_play,2026-08-01T15:10:52,1,worst delivery app ever like if you don't have a product just don't show it its that simple but you have to show the product which isn't even available and then if we order the product then our delivery gets canceled and then you can't cash on delivery like its freaking annoying I'm gonna uninstall this worst app,26.7.2,0,58
play_fd412c06-e6ee-409f-8b63-c5105ba9be2d,google_play,2026-08-01T15:04:40,5,good 💯😊,26.7.4,0,2
play_699116b5-4ac3-4e37-a720-a48ef45b8bc2,google_play,2026-08-01T14:59:54,1,"vegetables, fruits and milk products are smelly on this app .. other products are overpriced... may other apps give good price and service... customer support of zepto is the worst in the market...",,0,33
play_896358c0-a641-47d5-b9ba-6624ddfe2665,google_play,2026-08-01T14:57:54,1,vegetables and fruits are rotten .... don't make any payment on this app all the other products are overpriced... also don't buy milk products from here,,0,26
play_33efac5b-888e-4451-a86c-10458b5f5eb7,google_play,2026-08-01T14:57:50,5,good,26.7.4,0,1
play_7c7a9556-4f06-4687-a64a-4354f68fdb9a,google_play,2026-08-01T14:56:46,1,don't install this app ...all the products are outdated and rotten ... their worst customer support makes it more worse .....think twice before making payment on this app,,0,28
play_65a34806-7611-4788-80b5-08ea582c7305,google_play,2026-08-01T14:55:20,1,milk products are smelly ... all the vegetables and fruits are rotten... their customer support will not respond after you make the payment.... please be careful before ordering,,0,28
play_e9933fd0-0029-4160-897d-cf8135597791,google_play,2026-08-01T14:55:03,1,"I placed order and it not delivered, still shows driver is near to my location from last 6 hours. and they wont be processing my refund",26.7.3,0,26
play_de5668c9-9770-4050-85e3-ae1d3a54b1e4,google_play,2026-08-01T14:54:50,1,"cheating app, dont use this app such a fraud app",26.7.4,0,10
play_cde616ae-50e6-4a8c-b4ae-88e0383bad6d,google_play,2026-08-01T14:54:45,5,"zepto is actually a good app fast delivery , delivery guy behaviour is actually good",26.7.1,0,15
play_12abdbad-08dc-4c9a-8406-f692d9c1736b,google_play,2026-08-01T14:53:54,1,"all the products , vegetables are outdated on this app .. don't install",,0,13
play_c3ea718f-87cd-4d20-a09e-83c92a2a4ed2,google_play,2026-08-01T14:52:42,1,don't install this app .. all the products are outdated... especially they have rotten vegetables and fruits.... smelly milk products,,0,20
play_bdd83eaa-04b2-4a25-b868-698cbcf868b1,google_play,2026-08-01T14:51:11,1,vegetables and fruits are rotten on this app ...also please don't buy milk on this app ....they don't have any responsibility after taking your payment....,,0,25
play_89cf491b-8a01-4204-a699-4aa95a32b177,google_play,2026-08-01T14:49:30,1,"not good product,rotten veg , costly than market rate",,0,9
play_108835de-77b7-4968-9963-97b51210eb1c,google_play,2026-08-01T14:42:43,1,"please don't order vegetables, fruits and Milk from this app ....they sell only rotten vegetables and out dated milk ..... sealed packed products are good ..but I recommend don't buy from this app ...they are scammers ...a new customer is a new target for them only ...uninstall this app",26.7.4,0,49
play_6f1faa6e-a4ef-42a6-b67b-538d7bdd0a54,google_play,2026-08-01T14:41:01,1,I still haven't received my refund. Don't install this app.,,0,10
play_5332a1ef-1c67-4672-a1a0-51dc00d89ef4,google_play,2026-08-01T14:39:38,1,"This is a terrible app. I’ve ordered items from here so many times, but something or the other is always wrong with the delivery. I just ordered ice cream, but the Zepto partner brought it without a cooling bag, so the ice cream had completely melted👎👎",,0,46
play_eba055e6-48a0-4fab-b362-b942fac1eea6,google_play,2026-08-01T14:30:54,5,nice,26.7.4,0,1
play_ac73f073-48cf-47f5-8ea7-54ecc31ddad7,google_play,2026-08-01T14:29:11,3,good,26.7.4,0,1
play_036ebb53-005d-486d-9e7a-111be454114b,google_play,2026-08-01T14:29:00,5,low price mein Saman milte Hain good condition thank you zepto 👍,26.7.4,0,12
play_274171c3-757b-4fb9-926b-4b7864c502f4,google_play,2026-08-01T14:27:55,1,Zepto has the worst pricing method I have seen. They even have dynamic pricing on their own food which makes no sense unless they are selling food close to expiration and decreasing the price. The delivery also is very unreliable with no reliability for frozen items as they don't seem to have a proper cold chain for delivery. Frozen items are delivered in extreme heat in a thin plastic bag often with the delivery guy and out of the freezer for 15-20 minutes.,26.7.4,0,83
play_53ce191c-9030-4d68-87b5-6d76c38e7489,google_play,2026-08-01T14:27:38,5,good,26.7.6,0,1
play_9988dcae-780d-4105-b062-2e990a2863ac,google_play,2026-08-01T14:26:26,1,"well, the customer care is just awful... it's been 3days and they still haven't refunded me back my money...from my account it's showing the payment is successful...my order was cancelled and no refund....fix this issue as soon as possible.",26.7.4,0,39
play_824b86cf-f83a-487d-9d69-a857951dcb36,google_play,2026-08-01T14:22:38,5,super,26.7.3,0,1
play_861c343d-bd7e-4931-bb3b-713844665e0a,google_play,2026-08-01T14:10:16,5,nice,26.7.4,0,1
play_31c02fac-4300-49d1-b20b-bea1e86d2f81,google_play,2026-08-01T14:09:32,5,super app usefull tq,26.7.4,0,4
play_ce98bd66-9482-4824-a73e-5caa5a800204,google_play,2026-08-01T14:06:47,1,bhut hi ghatiya app h ye zepto.....pese khata h bas koi glti ho jaye payment m to koi option ni bat krne ka complaint krne ka....help m b bas inke instructions h koi chat ka option ni mne 360 pay krne ki badle glti se 399 kr diye .... is app ne koi refund ni kiya sare pese kha gya,26.7.4,0,60
play_98cca1f0-2dfc-485e-b077-51646ba6e89b,google_play,2026-08-01T14:00:53,4,good product,26.5.2,0,2
play_4ee8ceee-6f23-4d1c-be35-589ac949eb92,google_play,2026-08-01T13:58:40,5,nice,26.7.2,0,1
play_4d8163ce-64ab-466d-a1f5-673cde445332,google_play,2026-08-01T13:55:31,1,"worst app ,never going to order from here ,their customer service is awwful they are not refunding my money and taken money from me twice for 1 order and providing any help nobody from zepto had called me very bad app",26.7.4,0,41
play_6022b172-3447-4a75-9cd4-1d5566171a44,google_play,2026-08-01T13:44:24,1,"Worst experience with zepto...they do not care about customers...will send you different products from the one you ordered and do not refund or replace it...Not going to recommend zepto to anyone edit: even after so much time, zepto never disappoints, worst customer service",,0,43
play_939b8e49-700b-4da3-852e-61ffe4821671,google_play,2026-08-01T13:44:03,1,"Agent route is not optimised. Agent knocking 10 to 15 meters away from the actual customer location, to say precisely knocking in a different lane. The address of the customer entered is as per standard Indian postal address.",26.7.4,0,38
play_dd8349fb-daef-41d7-b640-dfc902a196e0,google_play,2026-08-01T13:37:14,1,28 july 2026 ko sant parmanand hospital civil lines me do nariyal order kiye the maine jo ek bimar beti ke liye the magar usme ek nariyal khali nikla tha. apko sharm ani chahie,26.7.4,0,34
play_875ccbf1-b365-46e9-becd-4889fc1ec331,google_play,2026-08-01T13:30:33,5,very nice,26.7.4,0,2
play_66d303d5-3244-4808-81bb-4445c9ebfa06,google_play,2026-08-01T13:27:48,5,good,26.7.3,0,1
play_5007d3dc-56fc-4f8a-b59a-0c5c46e95510,google_play,2026-08-01T13:26:27,1,"worst app ever,, they dont send polythene even if we order worth rs 1000,, they sometimes send torn or damaged packaging and don't acknowledge if we file a complaint,,, don't install this app, they should be banned 🚫",,1,38
play_15dbd830-e7b3-4abb-96ce-056ca622e5e0,google_play,2026-08-01T13:20:13,1,Zepto delivers wrong products and does not even exchange or get it refunded. specially any jewellery very very bad service and the delivery person also does not mention anything about product checking and then giving the otp,26.7.4,0,37
play_0596fcd8-c7a9-4fee-bed2-3b9f84b7aeb9,google_play,2026-08-01T13:20:00,1,so far it was good but now a days they are not ready to take any complains and issues.even after writing emails abt the damaged and expired products...automated replies come with same rhetoric.....and what they can offer after providing all the proofs is zepto cash....pls stop this zepto cash nonsene...I forbsure do not want to place anymore orders to use this zepto cash....,26.7.4,0,63
play_e6d7e2a9-a71a-45ee-ac7c-ec7f7010dcf9,google_play,2026-08-01T13:18:44,5,affordable,26.7.4,0,1
play_8a3b463e-e8e2-4020-a6f6-ff37c8299162,google_play,2026-08-01T13:16:51,5,veri good,26.4.3,0,2
play_abc3a360-a0e9-4885-ab9b-ecf340badc8d,google_play,2026-08-01T13:13:10,1,"They remove the items you added to your cart arbitrarily and then charge the delivery charges, making you pay much more than the actual charges.",,0,25
play_8db4b24c-3edf-4203-b30a-e1d122f49b02,google_play,2026-08-01T13:07:26,1,bekaar app hai bhilai mai services nhi h iski,,0,9
play_27cbcce8-86e5-4e8e-9f1d-8d1cb95bb1ac,google_play,2026-08-01T13:06:16,1,very poor customer support,,0,4
play_2a6eeb6d-36ed-4d17-9aac-58e5b6ad1dea,google_play,2026-08-01T13:05:06,1,app doens't have actual Customer service person. we have to talk to a stupid Ai whick give prepared answers.,26.7.4,1,19
play_f60a7b7b-99e8-46c5-9355-abf6373abfba,google_play,2026-08-01T13:01:40,1,"Very poor service, often delivered expired or damaged products. very disappointed and never trust zepto going forward. your customer service ai agent are very bad. If you are serious about your service look into my recent orders and issues",26.7.4,1,39
play_397bf462-37b9-4db8-9755-3459bb0c378e,google_play,2026-08-01T13:00:48,2,order late,26.7.2,0,2
play_4102be18-cadd-461b-b1d0-708a61d5a80b,google_play,2026-08-01T13:00:13,5,so for I got good service. 👍,26.7.4,0,7
play_732e799e-99f5-4069-8307-aad7ff1d4687,google_play,2026-08-01T12:59:53,5,Nice,,0,1
play_5d471255-77e1-4860-b58d-d64db9c04cc2,google_play,2026-08-01T12:58:41,1,ok fine,26.7.4,0,2
play_456aec00-b78c-4554-a1b6-821770e6f4cd,google_play,2026-08-01T12:54:18,3,"1st 4,5 orders best lekin uske baad worst in trust",26.7.4,1,10
play_f10d7a9a-3cab-4d13-82aa-d868544073ce,google_play,2026-08-01T12:53:52,1,worst app very slowly,,0,4
play_83f84d94-dce4-47a2-97cb-e10b334869d8,google_play,2026-08-01T12:52:26,1,worst app not good working,26.7.6,0,5
play_9cebbcf8-09f9-4ff5-b24b-b5a78abea410,google_play,2026-08-01T12:29:06,5,overall very good experience with Zepto . delivery well on time .,26.7.4,0,12
play_99d51bd5-1818-4d22-a68a-9db73b931a88,google_play,2026-08-01T12:27:18,5,ok,,0,1
play_e1875f06-6d0f-4672-9026-692cde80b550,google_play,2026-08-01T12:27:16,5,very well ☺️,26.7.4,0,3
play_a3c82f04-1164-4f49-8c1a-3d680a404081,google_play,2026-08-01T12:27:16,5,Good,26.7.4,0,1
play_9c3b79f9-ccab-43fb-afd8-a8363a6da659,google_play,2026-08-01T12:18:57,1,bahut hi ghatiya typing ki service hai or humne cut vegetables mangae the bahut less quantity Thi upar Se reviews ke liye bhi nahin Hai Koi aur options bhi nahin hai bahut hi ghatiya service unke to aaj ke bad main inke aap se kuchh bhi order nahin karungi or hum isko Blacklist kar rahe app ko iska review Hai Twitter par bhi jarur hogi,26.7.4,1,65
play_2ebf0485-db7e-4bb7-8c55-d18ebaac568e,google_play,2026-08-01T12:13:35,2,very bad experience 😔 few items are very good but vegetables and sell products are very bad return and refund policy not available,26.7.4,1,23
play_4d6e29f1-e76f-44ce-b869-68c34607b6fb,google_play,2026-08-01T12:10:49,5,very useful aap and product are nice and price is perfect 👍,26.7.4,0,12
play_531f3673-2f92-4bf1-897a-b3bcd673120c,google_play,2026-08-01T12:10:41,5,good and fast service 👍🏼,26.7.4,0,5
play_2f7d80ae-fdb6-4f81-8e91-5ec24f1a7d51,google_play,2026-08-01T12:05:28,5,nice,26.7.4,0,1
play_8e04c353-91d3-4b8a-9a11-2f89718ad839,google_play,2026-08-01T11:56:10,5,nice to use app,,0,4
play_eb9bcde2-8a3d-4f3e-80b8-b3d57c31dd15,google_play,2026-08-01T11:56:04,1,"Option for selection of bags at checkout has gone. mi 11i, redmi note 10 pro. even after mailing ya'll. ya'll didn't fix. what's the use only then.",26.7.4,1,27
play_832b5909-ec5c-4267-b629-01c111fdd042,google_play,2026-08-01T11:45:18,1,"Don't buy vegetables from zepto, they won't give you a refund even if you receive Vegetables which are rotten from the inside and don't be fooled with the replies from zepto to the complaints in this review section because they won't help even if you reach out to them with the email provided. You will get a AI chatbot - like response from them which won't help you the slightest. I say it again, avoid buying fruits and vegetables from Zepto.",26.7.1,1,81
play_984d9319-6c4c-4de0-afde-dff9ad570fa1,google_play,2026-08-01T11:44:26,1,"1st order, they send me 5 months old biscuits when i sent them a picture from phone they're saying it's from google. uninstalled never using it again.",26.7.4,1,27
play_a4a6c379-1b34-4750-9c1d-5459ad031879,google_play,2026-08-01T11:43:26,1,worst app,26.7.4,1,2
play_2b4bbc07-dca5-4e53-a377-6b4f2304656f,google_play,2026-08-01T11:42:42,1,referral option not showing in app. I am not able to refer someone.,26.7.4,1,13
play_27adb688-d6bf-4c38-b232-bbb26058f19a,google_play,2026-08-01T11:38:55,3,"firstly stop sending smses everyday! I block y'all still I am getting smses everyday. Secondly, sometimes y'all send expired stuff and stale vegetables, although I do appreciate that y'all instantly give refund, but how about upgrading your quality checks? hire better people! Also I have one request it would be great if you could stock Amul falooda icecream. otherwise it's a good app 👍",26.7.4,0,64
play_95749824-f1bc-4a3b-b145-6940468da3e0,google_play,2026-08-01T11:30:21,1,packet is leaked,26.7.4,1,3
play_3c83c529-7164-4b09-8a0f-37adf9587420,google_play,2026-08-01T11:20:37,1,"Zepto has hired all the thieves. You order many items and the delivery person very conveniently keeps something with himself and doesn't deliver it to you. when you complain, Zepto takes no actions against them. Worst customer service. I lost my money twice to these thieves. Stop using Zepto.",26.7.4,1,49
play_21aa37c8-9957-4f2e-b494-7292d66f3732,google_play,2026-08-01T11:14:40,5,good process,26.7.2,0,2
play_9015c551-88f5-406d-a903-1a32d3f0e3c7,google_play,2026-08-01T11:07:49,4,coupon got auto removed,26.7.4,0,4
play_576d85fa-0be6-4459-a61c-c49c420c704a,google_play,2026-08-01T11:06:31,5,👌,26.7.4,0,1
play_76e38138-47bc-4fc4-9145-db33b087a41a,google_play,2026-08-01T11:05:29,5,👍 👌,26.7.4,0,2
play_e2ce2d15-f96f-4da4-adf4-09dc53258046,google_play,2026-08-01T11:02:46,1,worst app - they deliver the order to someone and refuse to help,26.7.4,0,13
play_8bcfe432-d036-4c3b-871e-38d8ddce1e1d,google_play,2026-08-01T11:01:37,5,nice product,26.7.4,0,2
play_42800918-0875-48bd-8f92-bf5fe2a8e7ea,google_play,2026-08-01T10:57:26,5,This Webside is vere samrat and fast delivery,26.7.4,0,8
play_d4691389-35c7-40d2-9fc2-4ab885256edb,google_play,2026-08-01T10:40:52,1,when I see the map in full view at that time application got crashed and force close,26.7.4,0,17
play_9da042ce-5928-4295-b6aa-47d741ac163b,google_play,2026-08-01T10:35:58,1,discounted products are trash,,0,4
play_a89516fc-6a50-4f14-aa9b-225eebfbe22c,google_play,2026-08-01T10:32:45,5,return,26.7.4,0,1
play_3e57588e-6f28-42b0-a191-74d07c249487,google_play,2026-08-01T10:30:58,5,supper service easy delivery,26.7.4,0,4
play_a0d0e0ab-f9eb-4057-97b0-c2048c2be381,google_play,2026-08-01T10:10:39,4,good,26.5.5,0,1
play_4f280f1c-c2cc-4087-ad76-b699c755ce12,google_play,2026-08-01T10:07:10,5,Most convenient in the world.,26.7.4,0,5
play_026040dc-3ad0-43b4-afac-08d39fd09852,google_play,2026-08-01T09:56:40,2,01/August/2026 - Buying Fruits & Vegetables from Zepto was a bad experience. In today's case Brinjals and Bananas were completely damaged and rotten. I fail to understand that how can their staff pack rotten and damaged Vegetables and fruits . How can they have a blind eye for all this ?,26.7.4,1,51
play_fe5d0a86-01a5-4f72-8557-ee820b2467f0,google_play,2026-08-01T09:55:14,1,"they delivered wrong product and for help there is no customer helpline no also , when I report through Gmail they were said the product is check and blaming u that u were wrong , This has happened to me 2-3 times.",26.7.4,1,42
play_ddc5b539-656b-4773-8f6c-01354b6afae9,google_play,2026-08-01T09:50:14,5,Good product quality and prompt service thamkyou,26.7.4,0,7
play_e7abf3b5-2298-4790-ae4e-23b89b9b5cdb,google_play,2026-08-01T09:43:20,5,good,26.7.4,0,1
play_b2339d4e-6075-48be-a828-9fcac12b04fe,google_play,2026-08-01T09:37:37,5,very good thanks to zepto,26.7.4,0,5
play_11871ff5-fb0a-4b43-98ab-0b624e9f7f5c,google_play,2026-08-01T09:31:15,5,fast delivery and good quality and good service,26.7.4,0,8
play_0a364880-6d7d-4e65-9b87-29400ed8397f,google_play,2026-08-01T09:29:28,2,There was missing product. since I was leaving after receiving product so could not check but before 24 hours I try to raise issue and they closed conversation without further discussion. I had to loose my money. bad service,26.7.4,1,39
play_d43180c9-1314-43ed-88bd-ac8d713e623b,google_play,2026-08-01T09:14:06,5,Good,26.7.1,0,1
play_fcecae78-89fa-4103-b6ce-6331a20262d3,google_play,2026-08-01T09:13:15,5,nice app,26.7.2,0,2
play_ebe6bdfd-1b63-4021-b653-260d421f0229,google_play,2026-08-01T09:11:13,5,high price,26.7.4,0,2
play_656f28ef-4bca-4a31-9e37-f4cdfe0b106a,google_play,2026-08-01T09:09:30,5,fast delivery,26.7.4,0,2
play_6ebd3f78-04af-4cec-a9ef-b2fd2cf8c464,google_play,2026-08-01T09:07:42,1,"zepto a fraud service.. u will be provided items of bad quality & it will not be returned.& the customer support i... each items of every order needs to be reviewed infront of delivery person. as I faced new issue of tampered seal of one product. when I complained they say there is no tampering from our end. beware of such tactics. again i experience similiar one with zepto. they blame customers with their fraud tactics, they will not improve. Frauds will be Frauds only. Beware ot this service..",26.7.4,4,89
play_aaf23a8c-5e7e-4e15-bbd1-b846575665c3,google_play,2026-08-01T09:07:27,5,excellent,26.7.4,0,1
play_4a293267-aa46-4473-8096-de85aca5bd5b,google_play,2026-08-01T08:55:20,1,இன்று ஒரு பன் பாக்கெட் வாங்கினேன் அது மிகவும் துர்நாற்றம் அடித்தது 😭,26.7.3,0,10
play_cb6c37a1-9356-4cb5-a262-ec327b514ca4,google_play,2026-08-01T08:54:57,5,this is best app I was using Instamart but Instamart is fake zepto what' it' show it gives you instamart is fake,26.7.4,0,22
play_b1393ffa-03ef-4122-881a-71fbde3aa67c,google_play,2026-08-01T08:52:47,1,zepto is not supplying good quality product. fruits and vegetables also very low quality. and pls food quality checking department go to ride these zepto office or store,26.7.4,0,28
play_c58387cc-afcd-481f-a978-164e0e234b13,google_play,2026-08-01T08:52:17,5,ok,26.7.3,0,1
play_b6d73d24-7364-40c8-98e1-bcd9380b2991,google_play,2026-08-01T08:51:39,1,product ordered on 31st July 2026. outside box have date till 2027 and inside box have expired date 06.07.2026 sweets have expired and tries to hide.,26.7.3,0,26
play_3f8835a1-49cb-4930-9f06-4dbede5d5424,google_play,2026-08-01T08:49:36,5,very good,26.7.4,0,2
play_54c640a3-e2dd-4a73-9a42-cc51b98df71a,google_play,2026-08-01T08:34:33,5,fast,26.7.4,0,1
play_1c63e48f-87a3-480a-a435-bcf2e1b09d8f,google_play,2026-08-01T08:32:42,2,bed work this app,26.7.4,0,4
play_4ec0c923-5544-4275-848c-d4cb595e437d,google_play,2026-08-01T08:31:25,5,good 😊,26.7.2,0,2
play_c650e205-023e-480a-b291-fd528672f92a,google_play,2026-08-01T08:25:57,5,good,26.7.3,0,1
play_c8acb31a-dd7e-4007-b52f-daf86a862799,google_play,2026-08-01T08:22:36,1,I order 10kg tide pack they delivered me 8 kg all fraud and there is no response just like a chat box that Is useless say anything that always we now we can't explain our problems just they want to hear that they can and limited options in chat or and overall very bad with thus experience,26.7.4,0,57
play_f6935fcc-55e7-44a2-8213-428e8526ba72,google_play,2026-08-01T08:19:36,1,I had a very bad experience with the app.. disappointed with delivery partners . no proper guidance with the customer care regarding the products.. I suggest people not use this app....!!!,,0,31
play_2a919761-c368-42c1-91ec-55da34da067f,google_play,2026-08-01T08:19:21,5,super,26.7.4,0,1
play_d726188b-ef66-41d1-b1cf-b5da691cf2f4,google_play,2026-08-01T08:10:28,5,good service,26.7.2,0,2
play_6526946b-f4ea-44d8-9bdb-0382db98954a,google_play,2026-08-01T08:09:33,4,it very useful and delivery is very quick,26.7.4,0,8
play_9c8cd397-cc90-4d92-8b69-168af43e0364,google_play,2026-08-01T08:08:07,5,very quick service and quality.,26.7.4,0,5
play_9dcde55e-18fd-407b-9d40-a6678ee60449,google_play,2026-08-01T08:05:24,5,super super so so much,26.7.4,0,5
play_690fd2b0-bb19-4b2e-ba7b-9ec579857c05,google_play,2026-08-01T08:04:30,1,"Very poor in app customer support, and no calling support. I ordered for Amul khoya and got tampered packet, so request for return which was picked up on same day but in app it is still showing return failed. There is no option in app to raise complaint.",26.7.4,0,48
play_ec8a16e6-6663-4519-8380-9bd0bfa647ef,google_play,2026-08-01T08:04:13,4,very fast & good service,26.7.4,0,5
play_6b5ee834-27be-4428-853b-8e13a0f498b2,google_play,2026-08-01T07:56:52,5,Zepto is Good and awesome....,26.7.3,0,5
play_8445614a-7f1f-44d1-8ca3-52afe69ac605,google_play,2026-08-01T07:54:40,5,good,26.7.4,0,1
play_7e158044-d19a-43ee-866e-9befbd9732cc,google_play,2026-08-01T07:20:06,5,good,26.7.4,0,1
play_fe6dc868-5cbd-48d0-914a-abb8d606fc19,google_play,2026-08-01T07:10:02,5,good,26.7.1,0,1
play_d2a59758-fc9a-431b-90ee-934f9178ded7,google_play,2026-08-01T07:02:47,4,your map is very poor 😭 but nice discount and free delivery and cheapest price 😜 and products is nice,,0,20
play_9d6d9f3a-7b8e-46b9-9be6-bbb42631357c,google_play,2026-08-01T06:40:34,5,sound clear nhi h,26.7.4,0,4
play_1db998d6-5ce0-42f1-a5b5-208d21a17124,google_play,2026-08-01T05:57:40,1,"some item i purchase and use , I feel it was duplicate product...",26.7.4,0,13
play_d8523dc5-754a-469a-9609-b96b7d574e6c,google_play,2026-08-01T05:28:37,3,Super 👍 and very useful,,0,5
play_5f31c6cc-ae37-4a02-a10c-e2d056566019,google_play,2026-08-01T03:18:36,1,bhai Saman kam deta hai,26.7.4,0,5
play_320aa763-9031-423d-ab96-8d900ad90003,google_play,2026-08-01T03:14:09,5,good 👍,26.7.3,0,2
play_1c686999-37c3-49b8-8569-de0de58ad767,google_play,2026-08-01T02:45:54,5,best aap,26.4.1,0,2
play_f3f0f004-acd4-43ee-b4b0-7bec96a386f6,google_play,2026-08-01T02:35:49,5,too much improvement done from zepto simplified the ordering experience at night also available good 👍,,0,16
play_4f7554f3-4dcf-4a7b-8fc4-ace6e35ae112,google_play,2026-08-01T02:32:54,5,fast delivery quality super tasty product ice cream,26.6.2,0,8
play_85b39e34-218b-47e5-9806-caf7d3a7a2f5,google_play,2026-08-01T02:02:49,5,good,26.7.4,0,1
play_a2730921-ba18-4f64-b5f6-e651ce42c023,google_play,2026-08-01T01:51:52,5,nice,26.7.4,0,1
play_57d096f9-571d-4fdf-bf30-af5ab8e17341,google_play,2026-08-01T01:40:07,2,bakwas app h....Mains bhut bar paneer mngaya kharb aya or fr payment return bhi nhi krte bakwas h bilkul,26.7.4,0,19
play_f3f82494-b79c-4f0b-9f1e-8735912339db,google_play,2026-08-01T01:39:57,5,best service thanks zepto,26.7.4,0,4
play_01033636-9c9b-4392-a453-25e93c2eb201,google_play,2026-08-01T01:22:30,5,nice app,26.7.3,0,2
play_34043e49-0d17-4712-82ce-b8d444a8e7bd,google_play,2026-08-01T01:21:44,5,kharap mal bikei kare,26.7.4,0,4
play_df93186d-4dd9-4ecc-a5a3-c2e284bc35bd,google_play,2026-08-01T01:16:51,5,good service,26.5.1,0,2
play_deb7530e-2a4f-46ca-b687-24d95e4a9a1b,google_play,2026-08-01T01:10:35,5,good 👍,26.7.4,0,2
play_e28d35cb-d7b4-45a4-b63a-08beaaeaed3d,google_play,2026-08-01T00:47:03,5,good,26.7.4,0,1
play_c0f5db69-795d-48f2-9a74-64803e6e9d6f,google_play,2026-08-01T00:27:12,1,extra pay all products I am not use again for this aap and all my friends tell me not use zepto app,26.7.4,0,22
play_ba3502a1-a8b4-4f76-a09a-d16fd4eb225f,google_play,2026-08-01T00:26:31,1,order pick but not delivered to time... delay much time... rider not pick order,26.7.3,0,14
play_6c805157-7979-4d4f-ae44-010d138bf47a,google_play,2026-08-01T00:04:57,1,very bad quality fruit,26.7.4,0,4
play_68cd2c1b-c2a1-4e1f-8c0f-fdeb488b4287,google_play,2026-07-31T23:50:00,5,good,26.7.4,0,1
play_dc299e3f-a4ef-4967-8ebb-9768c768e32f,google_play,2026-07-31T23:49:05,1,"no proper way of order validation, order is not delivered and marked as delivered. customer looting service is awesome. replying to the response- The team has already done extensive research and verified that I have received the order. when I asked the process how they verified, that they were not sure. but the process is very much transparent and trustworthy as mentioned in the app description. as the customer himself doesn't know if they received the order or not.",,0,79
play_12863317-435b-4234-90f1-493782f00651,google_play,2026-07-31T23:48:03,1,"reduced rating because reaching out to support is very difficult and chatbot is only sharing same type ans on every query, I promised your chatbot I'll delete this app because of you.",26.7.4,0,32
play_88b75da8-3232-45e9-bb3e-4a96c8b45d11,google_play,2026-07-31T23:42:26,1,Worst service support they don't understand your concern m regular user of zepto still they doesn't help,26.7.4,0,17
play_f8da3ee7-f63d-4ff6-a27b-0486f55edbb0,google_play,2026-07-31T23:39:13,1,worst experience ever. I had order food items it says delivery at the night at 11 pm and eventually I order it at 10:54pm in this short time period. how they can delivery without even a call. and I had not recieved any order and in the custumer care they said that we will not do it again . so again again by your side and pay for it. well cover up zepto,26.7.4,0,73
play_06bc1411-c269-459a-ad0c-054b52c317d2,google_play,2026-07-31T23:33:49,1,because hame 99 ka order karna gae warna fee lagrahi or order nahi ho raha,,0,15
play_e8c8230b-7615-4c8c-928e-6a92c2a90c4a,google_play,2026-07-31T23:27:31,1,"Very disappointing experience with Zepto. I ordered 2 units of a product worth ₹215, but received only 1 unit, and it was the wrong color. I raised a complaint expecting a replacement, but the item was returned instead and only ₹104 was refunded. The remaining refund has not been provided. Customer support claimed that the order was delivered correctly without properly resolving my issue. Extremely disappointed with the service.",,0,69
play_9616d624-11e4-4b15-9694-da4c03de1f33,google_play,2026-07-31T23:21:45,5,excellent,26.7.4,0,1
play_41f1bb50-7844-486f-9a20-7bc1cab95444,google_play,2026-07-31T23:19:03,5,good,26.5.3,0,1
play_19888048-970d-468a-b02d-fb1f514f4475,google_play,2026-07-31T23:09:53,5,Best Delivery,26.7.4,0,2
play_facb6724-17d7-4da2-9294-611eadf20df0,google_play,2026-07-31T23:09:43,1,poor quality check at packing. poor system,26.7.4,0,7
play_22b5ddd5-6f89-4c67-af91-3dfa847c0755,google_play,2026-07-31T23:08:00,5,nice,26.7.4,0,1
play_29a90176-6035-4e4a-8415-897eccc121ab,google_play,2026-07-31T23:02:58,1,"The Customer Support is utterly disappointing, I was billed the whole amount even after 2 items were missing (ghee and capsicum). The total amount crosses Rs. 400 and they say they have verified with the seller. This is atrocious !!",26.7.4,0,40
play_4830436d-6c56-4078-9c87-08dfd64979ca,google_play,2026-07-31T22:58:25,5,best delivery app,26.6.4,0,3
play_e957a8a6-7c96-42cc-81af-857a84fb9686,google_play,2026-07-31T22:52:38,1,"bekaar app, kharab saaman denge aur wapis bhi ni lenge .. blinkit better hai... zepto pe kahi complaint nhi kar sakte Ai se he baat kar paaoge bas aur wo 4 option degi bas...",25.11.4,0,34
play_9a40400a-1631-4eb8-9765-3379902e46aa,google_play,2026-07-31T22:38:07,1,scam....handling charge is rs 40 .but not for everyone...pathetic .its a fraud...4.6 rating is also a scam..,26.5.5,0,17
play_eeb54e77-a54c-4151-be40-de2bebb69f0f,google_play,2026-07-31T22:33:08,5,Best services,26.7.4,0,2
play_4c3bef34-a628-4708-b7b0-a3bdda70c6f1,google_play,2026-07-31T22:33:02,5,good,26.7.4,0,1
play_130e5f69-a68f-4898-8a84-4a3cd68550b5,google_play,2026-07-31T22:27:49,5,good delivery boy,26.7.3,0,3
play_deacd78f-ea93-4206-b80b-741f9f4bd627,google_play,2026-07-31T22:24:44,5,is good app 👌🏻👌🏻👌🏻👌🏻👌🏻,26.7.2,0,4
play_258ad378-d83a-4ec3-b1e5-9bd22c59633d,google_play,2026-07-31T22:12:11,5,good 👍,26.7.4,0,2
play_858a9e2a-12f2-4760-aa70-eba89f2c2dfb,google_play,2026-07-31T22:07:55,5,good 👍,26.7.3,0,2
play_bd25c3e9-347d-47b0-af82-9cff2c8fa35e,google_play,2026-07-31T22:06:25,5,good service,26.7.4,0,2
play_dd692a62-58ce-449d-982a-7ef4b557ab20,google_play,2026-07-31T22:00:27,1,i have delivered expired bread and l don't get any refund,26.7.4,0,11
play_cd89dd6b-ad6d-4fe7-a3b9-8b730b206874,google_play,2026-07-31T22:00:19,5,good buy.,26.7.3,0,2
play_bc3056c0-a8a7-4fdb-b0e7-9f4a5efa01b4,google_play,2026-07-31T21:58:12,5,awesome 👍🏻,26.7.4,0,2
play_096e87ff-9d7f-46bd-86f9-0ba668cc4b81,google_play,2026-07-31T21:56:24,5,good 😊,26.5.5,0,2
play_7659b2a0-aedf-4914-afbe-6f1f90f40c79,google_play,2026-07-31T21:55:43,1,Worst Service,26.7.4,0,2
play_7a68fca9-5b30-4e7f-8853-88e87e31b944,google_play,2026-07-31T21:52:03,1,I experience very bad things about this app I am really very disappointed order complete hone se phle se order conform ho jata hai it's very bad,,0,27
play_85de788c-fc9b-47a8-9d4a-47019be29f6e,google_play,2026-07-31T21:44:40,1,Worst experience. Customer care is telling me to check quality of milk from a sealed packet and refusing refund when the milk turns out to be curdled and could be because of the poor storage at ZEPTO dark stores. How is it possible?,26.7.4,0,43
play_ba9aa918-2603-407c-8015-be282e473e97,google_play,2026-07-31T21:41:09,5,superb ❤️,26.7.3,0,2
play_b60a8c6d-9c4f-4412-9124-34dc53ccd422,google_play,2026-07-31T21:35:55,1,"zepto has become one of the worst apps recently, blinkit or Instamart are better than this. this app was good in the start only now this is the worst app ever.",26.6.2,0,31
play_749bbb94-263e-45a7-b1ab-44caf2642ee9,google_play,2026-07-31T21:32:14,1,worst app with the worst customer support,,0,7
play_7f98218a-30f2-442f-aa5b-951d594bb752,google_play,2026-07-31T21:21:41,5,nice,26.7.4,0,1
play_3f677011-480f-47f0-bf22-77d1f94bd37f,google_play,2026-07-31T21:20:56,5,Good Service,26.7.4,0,2
play_c586a06e-17ce-4fdd-9b71-324a623a1e56,google_play,2026-07-31T21:19:41,3,pls use good quality items.,26.7.4,0,5
play_bf32c16e-ca55-4c02-a04a-893a46f2dde2,google_play,2026-07-31T21:17:49,1,"Absolutely disgusting experience with Zepto. They delivered damaged and poor-quality products that should never have been sent to any customer. It feels like there is no proper quality check before dispatch. Even after reporting the issue with clear evidence, the response was slow and unhelpful, with no satisfactory resolution. Customers pay for fresh, undamaged products—not damaged items and endless frustration. This level of service is completely unacceptable.",26.7.3,0,67
play_b5adc5f7-a316-4a8e-af82-c9ebae7b76a9,google_play,2026-07-31T21:06:36,1,i ordered eggs from zepto and from inside it was red and yucky and they refuse to return and refund,26.7.4,1,20
play_434f313f-e3e0-4277-a1e6-52a50e08cadf,google_play,2026-07-31T21:04:22,5,fast and good service,26.7.4,0,4
play_559f408a-0dcc-45a7-8d43-35be51a2c6a8,google_play,2026-07-31T20:53:48,5,a good friend,26.7.4,0,3
play_2f43bf87-1bec-4e04-9616-8e06fd524ce4,google_play,2026-07-31T20:53:38,1,"⭐ 1 Star. Ordered 4 items, received only 3. One item was missing. I immediately checked with the delivery person after sharing the OTP, and he told me to contact support. I did exactly that and emailed support as requested. Zepto’s response? The seller “reviewed” it and claimed everything was delivered. No refund, no replacement, no real resolution. I paid for 4 items and received 3. Extremely disappointing customer service.",26.7.3,0,70
play_9cc0a902-abd2-4f3b-8f46-2344e4cc7028,google_play,2026-07-31T20:53:32,1,"Don't Recommend it... zepto is a straight example of what happens when people can't digest success...if there would have been one issue I would not have given a negative review but it has been many times...late delivery is acceptable but missing products, rotten product and delivery cancelled without attempt is sheer arrogance...bye bye zepto",26.7.4,1,54
play_5a8abf2b-45fd-4c92-b788-850e4dd48d50,google_play,2026-07-31T20:51:21,5,exlent,26.7.4,0,1
play_410c2194-c561-4f83-868f-19dc6e4278d1,google_play,2026-07-31T20:46:50,5,good service and good product,26.7.4,0,5
play_2a873d1f-5ddd-4b8c-b858-b58c847e8c2b,google_play,2026-07-31T20:43:42,1,"Worst Customer Support ever, why even bother having a help option if all its there for is AI pre written messages. It's not even an AI if it keeps repeating itself. Zepto needs to grow a spine and have actual customer facing representatives who can actually deal with issues.",26.7.4,0,49
play_1f91c2f9-01d5-47d9-b605-1a0644410bf9,google_play,2026-07-31T20:41:09,5,Affordable and good offers also all things are available,26.7.4,0,9
play_9ac36e1b-90cc-466f-aed7-94b3f3fed65c,google_play,2026-07-31T20:39:09,2,cancel ka option he nhi hai,26.7.4,0,6
play_53e9dd33-bc89-4d53-9c0a-9f7de85dce1b,google_play,2026-07-31T20:38:04,5,best service by zepto .,26.7.4,0,5
play_1431eacc-e9e9-41a7-bf53-2888e75a286b,google_play,2026-07-31T20:37:05,5,super,26.7.4,0,1
play_29f604fc-8ae4-4950-9b44-dfc3073d110d,google_play,2026-07-31T20:28:36,5,nice to,26.7.4,0,2
play_86d9d01f-41fe-47bb-be4b-940563d33cc5,google_play,2026-07-31T20:27:09,1,Maine ek rabdi order Kari Thi 180 ke six packs order Kare the bahut gandi quality kya hai expiry product receive agar hamari body per Koi impact padta to uski responsibility kya zepto company legi free of cost nahin tha mujhe refund chahie,26.7.4,0,43
play_20332370-ff08-446d-8650-a2e8041db22b,google_play,2026-07-31T20:24:20,1,"very bad service delivery by zepto , i have ordered study table by zepto received damaged product by zepto . they are not return this product, very bad service 😡😡",,0,30
play_a18764b6-3c35-451c-afba-932555fe0980,google_play,2026-07-31T20:18:39,1,I have not received refund money so I decided in future I will not raise order on zepto ... Blinkit is a best app,26.7.4,0,24
play_86dc739c-2e6d-449c-a1d9-630d89427b9e,google_play,2026-07-31T20:15:27,5,good service,,0,2
play_8f584317-c816-4fcb-90e4-92cbfd6a3aa7,google_play,2026-07-31T20:11:55,5,"It's not enough to thank the delivery partner for getting soaked and delivering the order in such heavy rain. Thank you delivery partner, you are also a true hero. You helped us without worrying about",26.6.4,0,35
play_6118f444-1f93-4927-be2c-2044a89fc542,google_play,2026-07-31T20:10:16,1,worst delivery app ever,,0,4
play_fc132eb9-562f-454a-83d0-11f23110727d,google_play,2026-07-31T20:05:58,1,very bad my location is not your zepto,,0,8
play_6c379913-774e-44c4-b846-489ed878a65b,google_play,2026-07-31T19:58:43,5,good,26.7.4,0,1
play_15d3db0f-e1b3-4c22-a7ec-049d8a7e8f59,google_play,2026-07-31T19:54:32,5,best app hai fafat order kar lo 10-15 minute me aa jata hai bahut,26.7.3,0,14
play_7cab7ca0-3dbd-4d1e-8f72-641a5ac383ab,google_play,2026-07-31T19:53:55,5,nice,26.7.4,0,1
play_76057635-2738-4591-afd3-281eb883ee5b,google_play,2026-07-31T19:49:48,5,very good service,26.7.3,0,3
play_2457dcbb-61ab-480c-a643-e77c3debcc93,google_play,2026-07-31T19:49:24,1,"pathetic app, no live cx support. order not rec'd, marked delivered. can't connect to live support. deleting the app.. blinkit is best",26.7.4,0,22
play_a117a3c6-69f7-4b44-9871-82a083d666b6,google_play,2026-07-31T19:46:31,1,"missing items from the cart, happened twice on my orders, which costs nearly 300rs on both orders,no proper customer support, very annoying app",,0,23
play_b10b4bad-24b6-46c9-a1ce-0cc93085427d,google_play,2026-07-31T19:40:46,4,"thanks for your response. and support at this matter. I got my money back. Just make sure it doesn't happen next time, that'll be enough",26.7.4,0,25
play_a324faf0-28af-4550-8a2a-e9f3a6efed10,google_play,2026-07-31T19:36:07,1,cash back was not received. flat 50 cashback offer chosen but not credited,26.7.1,0,13
play_3d642d92-5a51-44ec-85e8-d97da4f5cdab,google_play,2026-07-31T19:28:51,1,I was placing an order I have done online payment but my order hasn't been placed but amount debited from my account it's been more than a week I have still not received my refund I have sent endless emails messages to zepto I am unable to get my refund so it's a very bad experience with zepto.,26.7.4,0,58
play_c4f1caee-0d2b-4229-8309-9eb065982b41,google_play,2026-07-31T19:26:44,1,"you can't confirm order yourself without our approval, big cheating unnecessary I lost 30 rs as your delivery fee, very bad service",26.7.3,0,22
play_e20b642a-c1d3-4cf2-bd52-8eb54385e9b7,google_play,2026-07-31T19:15:41,5,quality product,26.7.4,0,2
play_f9812ad8-b5a4-4721-9607-25ccddb9cd66,google_play,2026-07-31T19:12:33,1,"it takes almost 40 mins to deliver products and what is most irritating is that few of the products will not be available but still be shown on the app while you order. Then they cancel it while you are waiting for it to arrive. pissed off really. I find Swiggy and blinkit much more efficient and fast. Also pls note, while the concern is already stated here, I am not going to write any email to you separately. Don't have time to waste. Better Buckle up!",26.7.4,0,87
play_3374cb79-06ab-44bc-9349-922ba3dbed14,google_play,2026-07-31T19:00:59,5,Excellent Online Grocery Super Market at Cheap Price With Quality Products,26.7.4,0,11
play_56436fa7-b878-4f2b-ae10-dc7000627300,google_play,2026-07-31T18:59:50,5,best for quick stuff delivery,26.7.4,0,5
play_c9eb7599-7694-44d6-9708-627c14c78e06,google_play,2026-07-31T18:58:39,1,"this app is very bad because the app dilevery is very bad services so, please do not order the item on this app the dilivery parter is very bad service ,,,,,,,, 🙏🙏🙏🙏",26.7.4,0,32
play_e54e9071-ead4-4fbe-9b8d-b72414458f62,google_play,2026-07-31T18:44:30,5,very good product & delivery time .,26.7.1,0,7
play_12c50a62-b415-429f-ba4f-7b2719d98343,google_play,2026-07-31T18:43:42,1,They mark orders delivered without delivering. And the support staff is pathetic and won't refund as well.,26.7.4,0,17
play_f140c4b0-00be-49b5-85f8-73d7197626cf,google_play,2026-07-31T18:32:48,5,it's amazing fast and quality,26.7.4,0,5
play_8f8f816b-22c5-4c73-a3e8-a22f6012eccc,google_play,2026-07-31T18:24:53,1,"My order was not delivered. I reached out to support, but they are telling me that they have verified with the delivery partner and the order was delivered. No proofs, no call record, nothing. Just denying refund.",26.7.4,0,37
play_59a7b7e7-7d6a-479a-9bef-17840fa7bc12,google_play,2026-07-31T18:23:52,5,Quick service. Thanks to Zepto and the delivery person as it's 🌧️ heavily.,26.7.4,0,13
play_d88a2296-b4a6-4e4a-a740-60a278ced497,google_play,2026-07-31T18:18:31,5,good,26.7.4,0,1
play_b85d42b1-d66c-45c4-87dd-b3269e5d2594,google_play,2026-07-31T18:18:12,1,mene phli bar order Kiya pr muje nhi mila 30 minutes bad delivery boy ka call aaya mere address se 1 kilometre dur aakr mujhe product le Jane ko bola to mene bola ki mere address pr deliver kro me 1kilometre chal kr kese aau to usne 1hr bad zepto ne Mera order cancel kr Diya or muje refund bhi nhi Kiya.very very bad service in Chandigarh,26.7.4,0,67
play_eaa0ffb5-a6dd-4a43-a134-ac1f437e65e3,google_play,2026-07-31T18:16:43,5,super 👌,26.6.1,0,2
play_80749383-afe0-413b-8e08-148c5212f179,google_play,2026-07-31T18:08:24,1,whenever I try to add an address the application shutsdow... Couldn't place order..,26.7.4,0,13
play_b420922b-b143-44d7-aad3-57ecf9a8266b,google_play,2026-07-31T17:46:27,5,very nice,26.7.4,0,2
play_0ae088ed-bad4-4c97-9603-e1e1b55a4de2,google_play,2026-07-31T17:45:55,1,"worst app and worst customer care What is this? If you're going to deliver melted ice cream, why sell it at all? The ice cream arrived completely melted and leaked everywhere, ruining my clothes.😡😡😡😡 I wanted to request a replacement, but there was no replacement option available in the app. Kindly provide a proper resolution for this issue. This is completely unacceptable. Frozen items should be delivered in proper condition, not melted. I expect a full refund or a replacement.",,0,80
play_c6f8043f-4c20-4580-8300-292529739be2,google_play,2026-07-31T17:43:01,5,good,26.7.4,0,1
play_e1eb1040-c1e5-4222-8600-b4674d594758,google_play,2026-07-31T17:41:12,5,Thank you so much team for helping me out. For the past 3 days I have ordered this from Amazon for same day delivery. Still order not received and cancelled and refund still not issued. Honestly I was not aware that Zepto has such phones also and can make the delivery so easy within minutes. Thank you so much,26.7.3,0,59
play_875f0ae0-1e2a-4700-ba39-f45bf22d86c6,google_play,2026-07-31T17:37:17,5,nice,26.7.4,0,1
play_f85e5a9a-bcee-4907-b39a-308bf1e00596,google_play,2026-07-31T17:31:31,5,Excellent,26.7.4,0,1
play_45ab0ce2-e4e6-4014-a699-a2abaadcc1b9,google_play,2026-07-31T17:28:59,1,bad experience,26.7.4,0,2
play_61d42ad1-d1d3-4861-8897-8deafb230297,google_play,2026-07-31T17:24:22,5,good👍,26.7.4,0,1
play_5addd352-f2ff-4217-82eb-2fee9c9b2def,google_play,2026-07-31T17:24:08,5,good 😊😊😊😊👍👍👍👍👍👍👍,26.7.4,0,2
play_4bfebf00-6cb0-4a69-a300-8422861bb3e8,google_play,2026-07-31T17:23:50,1,"Hi, I am a blind Talkback user. When I opened the Zepto application with Talkback, only the AI chatbot opens, and I am not able to close this chatbot or explore the application. Also, when I tried to shop, I am not able to shop with AI. I do not get any close button for the chatbot or any other options for the cart. Please provide a close button for the AI chatbot and keep making the application accessible for Talkback.",26.7.4,0,81
play_b5a108c8-5df9-42e7-a4ed-f0783595aee2,google_play,2026-07-31T17:17:48,1,"Dear Zepto Support Team, I am extremely disappointed with my recent order. One of the items I paid for was missing from the delivery. This is completely unacceptable and reflects very poor quality control. I paid for the entire order, so I expect to receive every item I purchased. It is frustrating to have to contact customer support because of a mistake that should never have happened. I expect an immediate refund or for the missing item to be delivered without any further delay.",26.7.4,0,84
play_3730575d-71c4-406b-bc53-1c5c3f926a58,google_play,2026-07-31T17:10:23,5,Very nice thanks for fast deliver zepto,26.7.4,0,7
play_75f830e6-9635-4f3c-b5b0-4b1f9223d7db,google_play,2026-07-31T17:08:14,4,best,26.7.2,0,1
play_5163ea35-b88e-4d06-97c5-7d597d420367,google_play,2026-07-31T17:07:38,1,worst app and delivery. they claim in 6 minutes and deliver in 1 hour. for help they created a dumb chatbot which does not answer correctly. no option to connect real agents or customer support.,26.7.4,0,35
play_4acda329-acf0-4d9b-9380-b5f368f9e0da,google_play,2026-07-31T17:01:15,5,best delivery,26.7.4,0,2
play_d76933e7-1b49-4af7-84b3-89de139373e1,google_play,2026-07-31T16:56:57,4,Thoda price kam karo,26.7.3,0,4
play_a3450dcb-2b36-4ed3-b70e-31715106873a,google_play,2026-07-31T16:53:17,5,Best Service App,26.7.4,0,3
play_cce67996-4f8b-4a13-ae90-bd29e93f91a2,google_play,2026-07-31T16:51:28,1,not good,,0,2
play_6719a54a-aba9-48c9-982f-1f5f4c2f91a3,google_play,2026-07-31T16:26:42,5,it's a good delivery partne r,26.7.4,0,6
play_dc8f968b-985b-4cc1-b796-9c21ae796a60,google_play,2026-07-31T16:22:22,1,app open e hocha na. onek bar try korchi,,0,9
play_8c81d4f6-6cd2-4df7-8978-b8bad0cabbf7,google_play,2026-07-31T16:13:37,5,very good 😊,26.7.4,0,3
play_3cc04cd0-c307-4ccf-bca6-4829896fe369,google_play,2026-07-31T16:09:39,5,the app is good but I don't see many of the items in category.,26.7.3,0,14
play_6ffc26fb-0833-4cfb-879d-228e296c16a2,google_play,2026-07-31T16:05:42,5,good,26.7.4,0,1
play_f039881a-248b-4ea7-996c-380a7f410871,google_play,2026-07-31T16:05:37,5,good,26.7.1,0,1
play_4b6b5992-005c-4d3f-bdd8-33a875b6a5fb,google_play,2026-07-31T16:01:07,5,exilent,26.7.4,0,1
play_a6c32885-17b4-44b4-a476-86abaf01ecff,google_play,2026-07-31T15:52:59,5,ye suvidha gaon me bhi honi chahiye thank you,26.7.4,0,9
play_f25e5567-fda8-4821-bfc2-b00d95133e83,google_play,2026-07-31T15:51:55,1,the experience is so bad if you don't get an item you just get an advice stating that your lose we are big brand and we don't care about any of such issue great you have multiple option please don't go for this app if you ordered and didn't received somthing its upon us not on them they have recieved the amount they don't care if we have received something or not.,26.7.4,0,72
play_5e30b29e-152c-4321-866a-db81c169bb33,google_play,2026-07-31T15:46:02,5,so beautiful so nice,26.7.4,0,4
play_a24d2a8b-3eac-4039-a217-8a6612652357,google_play,2026-07-31T15:44:06,1,I am saying that I had placed an order but my ₹11 was not returned. The delivery boy asked for the money online but did not send it.Emails are not even being replied to.,,0,34
play_4d49532a-460d-497e-8f86-e3848816cf40,google_play,2026-07-31T15:33:07,1,worst app ... today I have ordered chocolate from this app it is torn and smells awful ... help and support do not upload photos of torn packages when I was trying to find any response from them.,,0,38
play_1ecb5514-fa3a-4756-a70f-291047e5272a,google_play,2026-07-31T15:32:27,1,3rd class delivery. They show 5 minutes always and then deliver in 25 minutes. Fast delivery is only for 1st 5 orders. Fakest app ever,26.7.4,0,25
play_7f4cfa62-b0f6-4f9d-8b6f-12f6165b4098,google_play,2026-07-31T15:32:06,5,okay Thanks,26.7.4,0,2
play_553418c0-2735-44ca-ae8f-eabf7504ed33,google_play,2026-07-31T15:30:27,5,I am satisfied with Zepto's quick & effective timely service and maintaining the in their Marketing Services.,26.7.4,0,17
play_9a67f848-e6dd-49a3-9fea-0d9dd37b09ea,google_play,2026-07-31T15:29:08,5,good,26.7.4,0,1
play_8a697622-edd3-44e3-aa3d-6dd427f61898,google_play,2026-07-31T15:28:46,5,good 👍,26.7.2,0,2
play_1a7dc5f6-081c-42a3-b5ca-97c7db0cbe94,google_play,2026-07-31T15:23:51,5,ok,26.7.4,0,1
play_8ca101f1-2942-4a32-b0a3-6226908b1fb5,google_play,2026-07-31T15:17:50,4,good,26.7.4,0,1
play_63ae3a29-4243-4633-baaf-cf3c5af2e0d3,google_play,2026-07-31T15:06:25,5,NO DELEVERY CHARGES VERY GOOD,26.7.4,0,5
play_fedbd097-998e-4061-921e-f0098b4843c4,google_play,2026-07-31T15:06:04,5,zepto is one of my favorite app now because of Faster delivery and cheepst price of vegitable,26.7.4,0,17
play_1674a8e6-94fa-40b7-96fb-a95d97564dcf,google_play,2026-07-31T15:05:18,5,wonderful delivery Store..All items available,26.7.4,0,5
play_69e0bf6a-f65f-4347-92fc-072ed53594ef,google_play,2026-07-31T14:59:27,5,good,26.7.4,0,1
play_32a938fe-a79f-4ec5-af71-8da1c0ac5ce0,google_play,2026-07-31T14:53:27,5,good service and good product,26.7.4,0,5
play_61a87d59-4c27-4376-9e69-46a7c2676ef8,google_play,2026-07-31T14:50:17,5,good,26.7.4,0,1
play_cf379b38-b127-41c1-812a-bbd389b065e8,google_play,2026-07-31T14:41:48,5,🥰,26.7.4,0,1
play_680f5e0c-2135-496c-91f8-3cfa4e1e474f,google_play,2026-07-31T14:39:59,1,every time it will take 1 - 2 hrs for delivery we should msg for help line to come fast everytime then only they will try to deliver in 30 mins,26.7.4,0,31
play_73cef082-3ab8-4d87-a6be-22255fb27978,google_play,2026-07-31T14:38:57,5,good👍,26.7.4,0,1
play_3a3dc199-e1fb-46e4-a2dd-cc2b0a9081e6,google_play,2026-07-31T14:33:02,1,one of the worst app i see,26.7.4,0,7
play_8adc8503-c0cb-4d8a-adec-9343734016f7,google_play,2026-07-31T14:28:18,5,zepto is best,26.7.4,0,3
play_e06f3c56-2daa-4104-b04b-6bf5b29c162e,google_play,2026-07-31T14:15:57,4,please bring zepto in bhopall🥹,,0,5
play_e066af95-7695-495f-9796-fefb86a91029,google_play,2026-07-31T13:59:45,1,I had ordered a party pack but got fries instead and there is no response from the customer service such bad experience,26.7.4,0,22
play_4d1796a0-c4b6-4ca7-89cc-fb2ea16a2f1b,google_play,2026-07-31T13:55:31,1,😡😡 have already written around 10 mails back and forth regarding the issue. but poor customer care response. very very ignorant about customer's complaint. not even ready to take 1 step forward to know what issue the customer is raising. UNINSTALLING it right away. 😡😡,26.7.4,0,45
play_a97b6d82-d618-4700-aaf4-0e6dd95928ed,google_play,2026-07-31T13:53:38,5,I like it zeptooo,26.7.3,0,4
play_c21dc833-9ad1-466b-a32e-123f874e63c7,google_play,2026-07-31T13:50:16,5,order delivered,26.7.4,0,2
play_dccb11d9-856a-4682-bf9b-12a0f2c86ae9,google_play,2026-07-31T13:46:42,1,zepto service is literally pathetic. Once I had got expired biscuits pkt and they didn't take it return. Now I we got faulty tumbler. we raised request on the same day still they are not ready to take it back. Very pathetic Service.,,0,43
play_7244dd36-6a1e-4b89-90d0-ada56f59bcaa,google_play,2026-07-31T13:45:12,5,Good,26.7.4,0,1
play_9f385bf6-2e98-4ffe-9a43-0f26240d7cba,google_play,2026-07-31T13:43:08,5,good👍,,0,1
play_f148d271-d772-4b36-bfda-1bf806e07c03,google_play,2026-07-31T13:38:27,5,good,26.7.4,0,1
play_0aa98efc-1b52-41ad-845a-a3355fbcbdbd,google_play,2026-07-31T13:35:37,5,Good 😊,26.7.3,0,2
play_b629d1cb-6e42-4e39-82cf-8cda402cc5e1,google_play,2026-07-31T13:31:54,5,very nice,26.7.4,0,2
play_406986a9-b78d-4a64-9057-b2bb28055f73,google_play,2026-07-31T13:23:37,5,good,26.7.4,0,1
play_24d87b8d-dc86-4059-a02c-59dae86ed49f,google_play,2026-07-31T13:19:35,1,"2din se unserviceable aara h dombivli me,kya problem hua h zepto ko🤦🏻‍♀️😮‍💨😮‍💨😤",26.7.4,0,12
play_01aa7aca-d0bb-43bd-84b4-fd78d8512b2f,google_play,2026-07-31T13:14:40,5,nice kupit up in 5minet delivery 🚚 good 👍👍,26.7.4,0,9
play_1791db2e-b6c4-4fa3-bb36-b5370b9785ec,google_play,2026-07-31T12:58:41,5,good,26.5.5,0,1
play_086eeef4-0781-47b9-9f71-45a1faa46cf7,google_play,2026-07-31T12:58:07,1,"worst service don't buy anyone I purchased gulab jamun mix bey 1 get 1 I received 1 packet only Delevery boy If you make a return call saying that you will bring a second product, you will receive a wrong number. They also show refund or else all the customer care is asking for mobile anydesk which is not needed, I will do cyber police complet, very bad service zepto",26.7.4,0,70
play_ab8114e8-1fb4-4e58-b119-4280524bd939,google_play,2026-07-31T12:57:06,5,fast delivery and great service,26.7.4,0,5
play_039529e3-520e-40c7-b150-7e494ce37463,google_play,2026-07-31T12:51:17,3,too many promotions,,0,3
play_d6d7ed21-091f-4bcd-8685-df6c99f16b13,google_play,2026-07-31T12:47:22,1,delivary bays roods not a professional all,26.7.4,0,7
play_d6455a8e-2377-442e-903e-7bc9eeaff41f,google_play,2026-07-31T12:43:13,1,The Apps service has become so bad. the customer support is only for show. does not help with anything. they delivered expired products yet won't provide a replacement. really disappointed with the experience being an old customer.,26.7.4,1,37
play_681069bd-2ef2-498a-baa5-4738fa9acfda,google_play,2026-07-31T12:42:42,1,"Subject: Complaint Regarding Damaged Product Hello, I received my order in damaged condition. As you can see in the attached photo, the glass bottles are broken and the packaging is damaged. This product is not usable. I request you to please arrange a replacement or full refund as soon as possible.",,1,51
play_d3415912-0915-4c02-befa-ef8cbaa52586,google_play,2026-07-31T12:39:20,1,"Pathetic app and pathetic products, rotten and smelly veggies and they end the chat and do not give refunds as well for such unusable products. They promise fresh veggies but do not deliver them, always deliver rotten or old or expired products, some products do not have expiry date as well and when we complain they do not take any action.",,0,61
play_0d9a6bbe-a93f-45e3-aa3a-258494212aff,google_play,2026-07-31T12:39:09,1,"Very disappointing experience with Zepto. I repeatedly receive products close to their use-by/expiry date. My bajra flour was delivered at the end of July but expires on 19/08/2026. This is not the first time. Even worse, the in-app customer support is not providing proper help or resolution. Customers expect fresh stock and reliable support. Zepto seriously needs to improve quality checks, stock management and customer service. Please check expiry dates before accepting orders.",26.7.4,0,73
play_cef93c2a-a69e-4378-8779-d62ed7981381,google_play,2026-07-31T12:38:24,5,best online shopping stor,26.7.4,0,4
play_61a127f8-45f4-41bd-90a4-72bdab9e5f6e,google_play,2026-07-31T12:11:22,5,Use full,,0,2
play_1f28ef1a-2404-4a88-bdb5-1866d181cc47,google_play,2026-07-31T12:06:35,1,"I had a terrible experience with Zepto. I ordered 6 items because the app showed everything was in stock, but one item was missing. The refund was only added to my wallet, forcing me to place another order and pay delivery charges or buy extra items. This mistake wasted my time and money. Very disappointing service. I won't be ordering from Zepto again.",26.7.4,0,63
play_ffdfacba-aa8c-4e1d-8786-af734a53213b,google_play,2026-07-31T12:05:12,1,I had placed a prepaid order but due to some reasons i couldnot receive the call and i didnot receive the order yet the delivery partner has shown it as deliverd and due to this the support team says that i have received the order as per there seller . So i will not get any refund . If the delivery partner would have returned my order to the zepto hub then i could have received the order . But there delivery partner enjoyed my order through my money. Zepto must look into these kind of matters.,25.8.2,0,97
play_718f6f3f-05d5-46c1-801d-aa212cd96e2c,google_play,2026-07-31T11:51:05,5,Awesome,26.7.4,0,1
play_d4d8e3a8-0b1e-4662-abb1-5936aa57bc25,google_play,2026-07-31T11:45:26,1,very costly things i get,26.7.4,0,5
play_bf122551-0495-4fdd-a8a2-e4d5ebebc682,google_play,2026-07-31T11:45:19,5,good app,26.7.1,0,2
play_20cebadf-2f67-4db8-b874-e00a4cffd4a6,google_play,2026-07-31T11:42:50,3,why are you lately sending misleading notification of offers. On accepting it when it opens app it never shows the price in the notification ? I call it mis selling....31-7-26,26.7.3,0,30
play_0b08c76f-788f-477d-be23-bc3d7c2ee367,google_play,2026-07-31T11:40:37,1,"if you order something and its rotten, they ask you to contact vendor. No accountibility from zepto.....its a scam app",26.7.4,0,20
play_3da104aa-94cb-4655-9173-9fe851542a90,google_play,2026-07-31T11:34:19,1,"Worst experience no escalation by their support or grievance team no contact no. Available, got item with missed article sending multiple mails no refund initiated, they are doing fraud with Customers one should be careful pay only cash else don't receive order with missing items",26.7.4,0,45
play_5120c592-3163-4e4b-ac48-bd36c4c6032c,google_play,2026-07-31T11:10:44,1,"I am writing to raise a serious complaint regarding the repeated issues I have been facing with orders fulfilled from a particular store/partner on Zepto. Today's order is one more example of this recurring problem. I placed an order worth ₹171 containing 8 items, but I received only 6 items. Additionally, the invoice reflected a total of ₹141 along with ₹30 as delivery charges, which is unacceptable considering the missing items. This is not an isolated incident. I have experienced similar.",26.7.4,0,81
play_faea1be9-b085-400e-baaf-ac01d6150a25,google_play,2026-07-31T10:41:49,1,"This app is a joke. Every single order, something's missing — and Zepto can't even be bothered to mark items out of stock properly. You pay for a full cart and get half an order, over and over again. How hard is it to update inventory in real time?? This isn't bad luck, it's straight-up negligence. Completely unreliable and honestly not worth the hassle anymore. Do better, Zepto.Would've given 0 stars but apparently even Zepto can't keep that in stock either 🙃.",26.7.4,0,82
play_6c15a37d-620a-4d92-8221-85b2893a4987,google_play,2026-07-31T10:40:19,1,"I have maded from 5 to 1 star my order was not delivered to me and it is marked as delivered and also when I have reached to costumer support there only an chat bot is taking and when I have email them the call from zepto came and said the seller is saying that I have received the order and they will not provide me the refund, Like what does it mean not making any scene Zepto please return my ₹397 Rupees, instamart is 1000 times better then zepto",26.7.4,0,90
play_143de148-45df-4028-8be0-d573f51d16eb,google_play,2026-07-31T10:35:47,5,good,26.7.4,0,1
play_e40231a1-f628-4c10-8903-abe03ead3766,google_play,2026-07-31T10:34:11,5,nice,26.7.4,0,1
play_49a13463-0ca1-49ae-b4a1-f505f50544b8,google_play,2026-07-31T10:33:40,5,good app for delivery in minutes,26.7.4,0,6
play_5f4e076b-c59a-4e2a-8e76-51226c64ecfa,google_play,2026-07-31T10:28:30,5,Good service,26.7.4,0,2
play_31558277-4820-4c0d-84fb-e5d2ffa0a76a,google_play,2026-07-31T10:24:24,3,iam having problem in monthly groceries purchase. while delivering your partner standing in ground floor and noy delivering in my second floor. they are speaking harsh to my family members for more weight. how we have to order monthly groceries. please explain and call me. no customer care number also,26.7.4,0,50
play_1a2ca08e-36c6-411c-a743-fb6cb82b2605,google_play,2026-07-31T10:11:40,3,"It is impossible to use the app along with the screen reader. 😔 Therefore, I request that you improve the accessibility of the app. 🛠️ Please ensure that the ""Asked me"" screen does not disappear. Once this is addressed, I will follow up to confirm the correction has been implemented as soon as possible. 👍",26.7.4,0,55
play_eb4c286e-b8d7-42ec-b9ca-fe9cdf681022,google_play,2026-07-31T10:08:46,1,very bad experience,26.7.3,0,3
play_d19f6371-51e2-402f-bd0c-6bd7a3891d8d,google_play,2026-07-31T10:00:48,5,pinni wale ki jagah gatte wale mein diya karo,26.7.4,0,9
play_94f59fdd-824a-47d1-93f7-91f2c38b71b6,google_play,2026-07-31T09:54:48,5,very good,26.7.4,0,2
play_cb93176b-65af-4bb5-aeca-edf249fe64a4,google_play,2026-07-31T09:48:13,5,quick service good quality products,26.7.4,0,5
play_e57b88c1-1163-4f80-a03f-1f8b7eda3a0b,google_play,2026-07-31T09:46:18,5,nice app,26.7.4,0,2
play_305210e6-ba03-401f-9d13-e280790db4fc,google_play,2026-07-31T09:46:00,4,it is better zepto has some regulations for product sellers. all products must have a basic qualities.,26.7.4,0,17
play_f16173b8-2f74-477e-bd0d-17e650c7931b,google_play,2026-07-31T09:44:01,1,they dont replace the wrong product or expired product.. please use blinkit or instamart instead,26.7.4,0,15
play_21911e6b-8db0-4df6-baca-665a6acb7688,google_play,2026-07-31T09:41:10,5,very good app,26.7.4,0,3
play_19bedbc7-6523-4e43-bb46-4bc06ece8a71,google_play,2026-07-31T09:35:43,1,"biggest scammers eggs were rotten damage no solution, sandals no tag nothing fitting no solution if we receive any damage no solution if we ask to connect with senior no solution why the app now being pathetic earlier it is good no all scams happen in zepto i beleive no quality no service only robotic answers annoying excutive I will not order from zepto again I fed up with there service I am the customer who ordered more than 2 times a day but now it is the end",26.7.3,0,89
play_9bb3e3f9-3516-46ef-833d-584bdea4c351,google_play,2026-07-31T09:22:18,5,Great,26.7.4,0,1
play_d679ec59-fdaa-4538-9136-3493cbd77c2b,google_play,2026-07-31T09:08:06,5,bahut Acha saman tha,26.7.3,0,4
play_50a3453c-0f52-4942-b40e-87a18f78f880,google_play,2026-07-31T08:58:19,5,good,26.7.4,0,1
play_4c751e41-29b5-41e1-9c69-b321a0074160,google_play,2026-07-31T08:54:12,5,nice app,26.7.4,0,2
play_bd645e6c-934d-4122-80d2-87f87dcb8c7c,google_play,2026-07-31T08:54:02,5,veri good,26.7.4,0,2
play_d9697bc6-d61c-42b1-8d4b-83e1c1928397,google_play,2026-07-31T08:42:20,5,well organised work culture 👏.short time response. keep it up,26.7.4,0,10
play_8312529e-1c9e-42e8-9810-f2aec33e19e8,google_play,2026-07-31T08:40:35,5,fast dilivery,26.7.2,0,2
play_0401e511-eccd-4ca2-8465-ee0a0788afcb,google_play,2026-07-31T08:37:48,2,your product is not good regarding coconut water,26.7.4,0,8
play_75f4ffe1-6b83-45d1-b7ea-374aaa322326,google_play,2026-07-31T08:35:28,4,good 😊,26.7.4,0,2
play_4dce6dbb-73a2-4ac1-a732-b113b8526ba7,google_play,2026-07-31T08:29:49,1,The milk was curdled and it happened 3 times in a row. When I reached their support they straight away mentioned that we don't find any issues even when I provided them videos and photos as proof! Uninstalling the app straight away,26.7.4,0,42
play_0d90f7cd-297e-4c1e-b8f9-c34103e24b4e,google_play,2026-07-31T08:28:20,5,good and quick service with hygiene product best quality excellent,26.5.2,0,10
play_688e1316-fb9e-440f-8566-899bea383c1d,google_play,2026-07-31T08:21:19,1,Being a new customer charged higher prices than old customer,26.7.4,0,10
play_6e7ca293-309f-483b-ae9b-5def66fc058d,google_play,2026-07-31T08:16:41,5,Good,26.7.4,0,1
play_d03ab8e0-5d5a-44d3-b8c9-aea56f542543,google_play,2026-07-31T08:05:24,5,product quality is also good,26.7.4,0,5
play_a8998f89-27f5-4d90-89d8-a2717b135d92,google_play,2026-07-31T08:01:27,5,good 👍,26.7.4,0,2
play_c5d84330-1f96-44e7-a23c-a835876ba409,google_play,2026-07-31T07:56:55,1,the delivery time is 7 mins But The Delivery Received minimum 15 min Worst Zepto 😖,26.7.3,0,16
play_a577bf46-f44d-4edc-9946-0ac05e9977db,google_play,2026-07-31T07:53:47,5,good,26.6.5,0,1
play_c6ec8fbe-fc0e-4a6a-ba3f-48a49a3123be,google_play,2026-07-31T07:50:00,1,not even a single time I was able to upload an image successfully.. very poor and I am not sure if this is a scam from zepto.. frustrating it is..,26.7.4,0,30
play_27548dce-8ead-4131-aa4f-53e82d13c65a,google_play,2026-07-31T07:47:08,4,good,26.7.4,0,1
play_7fea47c0-b3f4-49e4-996a-5abc83e5dc0c,google_play,2026-07-31T07:40:00,5,fast delivery,26.7.4,0,2
play_5f95b105-f950-408e-a5a4-0dbca227ba3c,google_play,2026-07-31T07:29:37,1,referral code couldn't get,26.7.4,0,4
play_423ea6b2-48f9-4bf5-8d16-bea3fc2774c8,google_play,2026-07-31T07:08:09,5,"Ti me on delivery,best quality",26.6.5,0,5
play_a709a861-9227-427e-a2c6-deb6f910d136,google_play,2026-07-31T07:07:16,5,best,26.7.4,0,1
play_9d586f47-554e-40c8-bf01-f269cbca0031,google_play,2026-07-31T07:02:46,1,"they are selling fruits without mentioning the weight with higher prices, once item is received you would be surprised to see that the item is very small in price of big.",26.7.4,0,31
play_2bd16d8a-44dd-4e1e-8f70-4ceda3997467,google_play,2026-07-31T06:55:12,1,blinkit is far more better and reliable,26.7.4,0,7
play_ff61e4a7-e71a-47d4-9a87-9a529c9e215a,google_play,2026-07-31T06:46:14,5,bahut badhiya hai service,26.5.5,0,4
play_b3fa8fe9-5758-4f0f-83a1-c3952b76f97e,google_play,2026-07-31T06:43:19,4,Nice 👍,26.7.3,0,2
play_f98e3956-54e3-4aee-9caa-67f18e690f0b,google_play,2026-07-31T06:37:49,5,Excellent,26.7.4,0,1
play_31a21450-07a9-43a4-beb5-996cc123c5d8,google_play,2026-07-31T06:00:24,4,good product,26.7.3,0,2
play_97c951ec-8c0f-445d-a482-0528864ddda5,google_play,2026-07-31T05:28:37,5,nice app very usefull thank u zepto,26.7.4,0,7
play_659e5252-4991-4d1e-ac6d-4ffb784fd88a,google_play,2026-07-31T02:50:37,1,"Worst app I've ever used. I received an order with missing items, and the in-app Help section didn't work at all. I contacted customer support by email multiple times, but they kept sending generic responses without addressing my actual issue and doesn't concern to even reply back to the emails. As the issue remained unresolved, I had to file a grievance with the National Consumer Helpline. Extremely disappointing customer service. I won't be ordering from Zepto again.",26.7.3,1,77
play_4328f872-5043-41ce-b18a-e190ebf7c7c4,google_play,2026-07-31T02:27:47,1,"Poor item handling, delivery partner behaviour, and customer service. Flipkart and Instamart are way better.",26.7.3,0,15
play_620fb013-7dec-4155-a83b-fe37978112c8,google_play,2026-07-31T02:06:13,1,The service is not good.,26.7.4,0,5
play_af9cbb52-647d-4c93-821a-2688d1608ec9,google_play,2026-07-31T02:05:34,1,very annoying app I m regular customer in zepto but at night time they don't allow cash on delivery very misbehaving and cheap aap,26.7.4,0,24
play_56788d05-b604-469d-afb1-0a7fc587722e,google_play,2026-07-31T01:49:50,5,Better than Blinkit,26.7.4,0,3
play_6b87cc76-c353-4ea3-ad81-dae872f767b9,google_play,2026-07-31T01:48:18,5,app is very satisfying and very good app,26.7.4,0,8
play_0b0de993-fc0e-404e-9b17-0e7bfd5e138b,google_play,2026-07-31T01:45:47,5,very nice 👍🙂 service 😃,26.7.4,0,5
play_c956ad81-b2ec-462d-98ce-b6095fd07302,google_play,2026-07-31T01:42:50,1,very bad experience of ai chat bot .. not solving a single issue and not even connecting to agent .. it's frustrating,26.7.2,0,22
play_e1abf25f-4274-4972-90e4-1fa49e68b4d1,google_play,2026-07-31T01:18:39,5,thank you 🙏,26.7.4,0,3
play_246a3ab5-0e9d-4167-a6a8-8ea7fd2217fc,google_play,2026-07-31T01:15:09,5,not good,26.7.4,0,2
play_e3749778-d159-40c8-9204-8b70160bd39c,google_play,2026-07-31T01:08:27,1,i ordered the same order again... but I just received 1 product out of 2 product.,26.7.1,0,16
play_5c15f114-ebc9-4c88-a2e8-7570a141321e,google_play,2026-07-31T00:54:32,4,good,26.7.4,0,1
play_86d9a4c0-49dc-44b8-8198-73398aec86b1,google_play,2026-07-31T00:42:13,5,Good,26.7.4,0,1
play_c474535f-1b58-49f1-b1cf-b459a724fcc3,google_play,2026-07-31T00:33:43,5,good 👍🏻,26.5.5,0,2
play_c8773366-eeb9-49bc-8bec-286bbb37751d,google_play,2026-07-31T00:30:52,5,best,26.7.4,0,1
play_31bfff7d-e7ba-4b06-ac27-00794afc1ff5,google_play,2026-07-31T00:26:30,1,2 time order in zepto 2 times deduct money 249 and 249rs only one time refund anther one not coming at 0 star rating.. loose the trust zepto..,25.12.4,0,28
play_19885407-33d9-49d3-8aea-28b11493e205,google_play,2026-07-31T00:17:37,5,good service,26.7.4,0,2
play_3d15032b-f8f0-4d82-8068-6310abd26e6f,google_play,2026-07-31T00:16:07,1,"I have orderd total 4 items which cost was Rs 159 and was free delivery, Since one item of Rs 49, was not delivered from your end, cart value reduced to 110, so zepto unethically charged Rs 30 delivery charge Zepto failed to deliver product, why customer should pay delivery in that case Zepto response The seller put extra care into handling every order to ensure your items reach you in perfect condition. The handling charges contribute to the careful processing, secure",,0,82
play_6febd6d0-a46f-4a86-8eaf-fe029c628d29,google_play,2026-07-31T00:11:44,5,very useful,26.7.4,0,2
play_a596be00-b9bd-4841-847f-7c15d21b16f2,google_play,2026-07-31T00:08:05,5,"""Delivered much faster than expected. Great experience!""",26.7.4,0,7
play_f5b454ad-b4f4-4bc5-9dfe-a8839a95bc1d,google_play,2026-07-31T00:06:54,4,good,26.7.4,0,1
play_9264cad9-f153-482e-876e-120d115e03ca,google_play,2026-07-31T00:00:19,1,"At night orders, zepto's delivery person steals orders. I've just ordered 2 veg burgers and 1 bread but the delivery person only delivered bread in a cafe bag with ketchup pouches.",26.7.4,0,31
play_5a5480ed-435e-48cb-8fad-401cd5d42386,google_play,2026-07-30T23:50:56,5,good,26.7.4,0,1
play_e91853fb-5f00-403d-a424-15eeceaf6fa0,google_play,2026-07-30T23:35:46,5,best App,26.7.4,0,2
play_4ff1e9a0-6b5b-41d4-971b-5a181e9d36f8,google_play,2026-07-30T23:29:56,5,good sarvice,26.7.4,0,2
play_159026a4-b255-4bdc-a677-7599188136e4,google_play,2026-07-30T23:28:52,5,good 👍 service by zepto,26.7.4,0,5
play_28f4ad24-170b-47dd-b9a2-f54c794eb5d7,google_play,2026-07-30T23:27:53,5,good 👍😊 Happy,26.7.4,0,3
play_274b1e38-78f8-4c34-91bf-7a9dc60be1e6,google_play,2026-07-30T23:23:46,5,great,26.7.4,0,1
play_bebf4480-f0c4-40fc-b231-ebd0183639ba,google_play,2026-07-30T23:20:35,5,It is too Good from Anand Gujarat,26.7.4,0,7
play_e1b2b3da-2925-4d43-b0d0-27f9d9ee6077,google_play,2026-07-30T23:19:06,3,very poor service in future I'll never order again from zepto very poor packaging poor service poor products too disappointed,,0,20
play_7d39a06a-0813-4705-9eb7-90f1df617b4d,google_play,2026-07-30T23:17:49,5,good,26.7.4,0,1
play_bc28ad26-0c44-4e74-a007-ec1e1ea974a6,google_play,2026-07-30T23:14:05,1,my account has been on hold form last year. i reached out to them but they didn't reply,26.7.4,0,18
play_c4ba8607-342a-4bd5-a155-3c066f4bbb8e,google_play,2026-07-30T23:14:00,5,"Zepto, please take strict action against sellers who are delivering expired or spoiled products to customers. This kind of negligence can seriously affect customer health and safety. Please investigate this seller, take appropriate action, and ensure that such products are not delivered again.",26.7.4,0,43
play_20bdae53-b742-4316-a193-fc20fd0836c8,google_play,2026-07-30T23:07:53,5,thank you,26.7.4,0,2
play_19fa3600-db61-4911-a57d-aafec3921b7d,google_play,2026-07-30T23:03:56,5,good,26.7.3,0,1
play_bf399cf1-cd89-4c91-83b0-95dc7be46f21,google_play,2026-07-30T23:03:51,5,good,26.7.4,0,1
play_4b5c6ef1-d41d-4f9b-9a0f-4a3310a19dfd,google_play,2026-07-30T23:00:15,1,they completely missed 1 item from my order and charged me for it when raised issue their support team blindly claimed it was delivered without Doing any verification,26.7.4,0,28
play_17607e5f-85e7-481f-ba2e-50223b6c5540,google_play,2026-07-30T22:51:49,4,best,26.7.4,0,1
play_118d091e-ca5e-425a-b7ac-994e372add24,google_play,2026-07-30T22:50:44,5,good job 👍,26.7.4,0,3
play_48436c02-7de5-4884-b1e3-7cc6ed29ee0d,google_play,2026-07-30T22:45:45,5,good 👍👍,26.7.4,0,2
play_ad6e7273-2517-42b3-83c9-e6c28c006e81,google_play,2026-07-30T22:37:52,1,too much rates,25.2.1,0,3
play_c9f72685-8599-474a-9a12-454e610687c8,google_play,2026-07-30T22:33:55,1,worst experience the delivery boy didn't received my calls and even tho my product were broken,26.7.4,0,16
play_6a70e40a-df6f-44ff-a9af-7072e31b77c6,google_play,2026-07-30T22:22:01,5,super service,26.7.3,0,2
play_a94b71ba-c73c-4d75-89ba-20c06aa52e33,google_play,2026-07-30T22:18:55,1,most faltu,26.6.2,0,2
play_525b9f82-4ccc-4aa7-8213-1b4785af75d0,google_play,2026-07-30T22:17:34,5,Overall good experience and products at competitive prices 😃,26.7.3,0,9
play_6025d326-e783-45cd-8cfc-37b54515dc64,google_play,2026-07-30T22:16:50,5,good,26.7.4,0,1
play_e1d08b7c-d5d5-45bf-aed5-81bb56107d04,google_play,2026-07-30T22:05:12,5,good app,26.7.4,0,2
play_08b65393-dc1a-4c74-a2c0-e32674c25f2a,google_play,2026-07-30T21:58:40,5,nice 👍,26.7.4,0,2
play_a9589e1d-090e-442b-9857-fd6a61800156,google_play,2026-07-30T21:58:13,1,"I had tried to raise an issue on the app through Zepto Support (which did exactly the opposite). I bought 2- btls of shampoo to send as a gift. I received them, but the only difference was I was charged double of something which was on offer ""1+1 free"". I had tried N-number of times on their support link,& each time it says "" the store is temporary unservisible and says I have time till Aug 1 to raise the issue. I call it a fraud to sell a product on offer separately and trying to make double.",,0,98
play_a62eaf78-7dc7-4f9f-a877-d1e5a08bb717,google_play,2026-07-30T21:56:21,2,The company claims to offer a cashback of Rs 75 paying by using BHIM UPI after paying 2 times first am got 3 rupees and second order same coupon am got 5 rupees,26.7.4,0,33
play_692b4531-7465-40e0-9c98-900fab8fe04f,google_play,2026-07-30T21:55:49,5,good,26.7.2,0,1
play_dcbb3ddd-b728-4651-9d97-e345caf34a9f,google_play,2026-07-30T21:55:24,1,product Sahi nahin deta hai yah vegetable sabji damage Sara hua Gala hua deta hai yah,26.7.1,0,16
play_1f3ce681-8209-42af-b0bd-d4c5893cda76,google_play,2026-07-30T21:51:14,1,zepto selling China products don't buy electrical item in zepto items still not working,26.7.4,0,14
play_e7411671-c4d0-4f03-a394-643616c0658c,google_play,2026-07-30T21:50:28,1,"don't buy products from this platform as they remove the expiry date from the product, just go and buy from the local shop, I have received the wrong product most of the time. don't trust this.",26.7.4,0,36
play_7c241e3e-3595-4114-8fa3-7fe8bec12754,google_play,2026-07-30T21:49:22,5,very good app,26.7.3,0,3
play_08971a6b-901a-49d9-b5a8-bccd1e62d7df,google_play,2026-07-30T21:44:22,5,supper service,26.7.4,0,2
play_f52a971e-03bb-4736-b6aa-0bc94425d47b,google_play,2026-07-30T21:42:36,1,They are the worst in managing deliveries and orders minutes of deliveries converted to the next day scheme. uninstalled.,,0,19
play_87504d0a-e3e6-482d-a27f-3372d7371d23,google_play,2026-07-30T21:36:46,5,good,26.7.4,0,1
play_0e62f06b-84cb-492a-968f-fdd0683f888a,google_play,2026-07-30T21:36:09,5,super,26.7.4,0,1
play_ad8c4d55-a10f-49fc-ac73-535cdc353ea7,google_play,2026-07-30T21:26:59,5,delivery boy was so humble,,0,5
play_9bb256fd-52aa-41c8-9457-979f676397e5,google_play,2026-07-30T21:20:37,5,Zepto is really awesome food and grocery delivery app 😇🙏,26.7.4,1,10
play_84fc46b1-d3c3-4b88-9ca6-b214d902c3e0,google_play,2026-07-30T21:16:48,1,"Pathetic experience, rotten vegetables, torn packets of edible items. Horrible service. Items all covered in filth and dirt with foul odour. And no accountability.",26.7.4,0,24
play_77954f81-a428-4a71-a1ee-1c9376279f77,google_play,2026-07-30T21:11:49,5,good,26.7.3,0,1
play_9cb2f25f-7ca8-4837-b4ea-36ce1fff3bd3,google_play,2026-07-30T21:09:54,5,good 👍,26.7.3,0,2
play_2e126e77-2d35-4ddd-973a-fe36b70d58ab,google_play,2026-07-30T21:07:35,5,excellent services,25.6.2,0,2
play_0857a562-ec1f-4543-838e-7d1c69723252,google_play,2026-07-30T21:02:30,5,👍👍👍,26.7.4,0,1
play_c633a629-edaa-401f-9666-9b9146c075d9,google_play,2026-07-30T20:53:09,5,good working amezing aap,26.7.3,0,4
play_88a64f10-ad0d-4f52-93e1-89a17ca3ea4b,google_play,2026-07-30T20:47:11,5,improve your poor cheap polybag packing and one product diliver in hand Without packing. all is good zepto price dilivery all good but packing disappointed me.,26.7.4,1,26
play_f5e8798d-65cc-44cd-820a-b72637065fce,google_play,2026-07-30T20:46:42,1,"Sorry, from now on I will not use Zepto because you people say it will come in 5 minutes and it will come in 45 minutes 🙂",26.7.4,0,27
play_f57e1d2f-a295-403b-9fdf-0e91516bc421,google_play,2026-07-30T20:46:00,5,nice app,26.4.4,0,2
play_4f3909b0-a583-40ee-ae78-6595500cec1b,google_play,2026-07-30T20:45:14,5,good service,26.7.4,0,2
play_1c7223ae-6f12-4a26-a15c-2d446be12da6,google_play,2026-07-30T20:37:27,1,"worst delivery app ever, every time i order from this app either the product doesn't get delivered or doesn't get delivered at the right address despite the address i have given is correct. this time i thought to give it a chance one more time and it screwed again. upon placing the order since my cart value was less i added few more stuff and placed order but this time when order reached me the main product I ordered it for was missing and said out of stock and the other added items were deliver",26.7.4,0,95
play_f1914f26-507b-4af7-9559-bf9ecbbcc6a4,google_play,2026-07-30T20:36:37,5,Glorious 👌,26.7.4,0,2
play_f7aa1b0e-d2d9-4816-ba74-d8646fc4f86f,google_play,2026-07-30T20:33:54,5,very very nice app,26.7.4,0,4
play_5e48ba23-eb97-4930-be22-f4c5727d5307,google_play,2026-07-30T20:31:50,4,super delivery and time keeping for delivered person,26.7.2,0,8
play_a6bd9208-4c30-42c9-8936-9ddd1b829d31,google_play,2026-07-30T20:30:27,5,very very nice delivery app and partners behaviour,26.7.4,1,8
play_50df27f2-40c8-4010-bf37-aa3efa83d1e2,google_play,2026-07-30T20:18:39,5,quick delivery,26.7.3,0,2
play_8ddcf043-cb33-4b63-9ade-98ec11559ca9,google_play,2026-07-30T20:13:11,1,"High Demand , Schedule Order No Way Flipkart Minutes is Way Better",26.7.4,0,12
play_4ad700b8-9d5b-4b48-9cf8-7c971fa04991,google_play,2026-07-30T20:09:17,1,"Very bad quality of service, they supply cuddled milk and upon lodging complaint, they don't give refund, will never ever order again.",26.7.4,0,22
play_11956bba-aeb9-4e23-8cff-5727c01ceec4,google_play,2026-07-30T20:05:05,5,good,26.7.4,0,1
play_805eeff2-fe37-467e-bf08-11c6c1d9addf,google_play,2026-07-30T20:04:11,5,thanks zepto,26.5.1,0,2
play_b8247059-cd66-4971-b932-6fdfc297491e,google_play,2026-07-30T19:59:25,1,this app ke dilevery partner upar dene ke liye nhi aate he to mat kariye order,,0,16
play_2f091ae5-e614-40c0-a8a3-1caccfa36404,google_play,2026-07-30T19:57:36,1,"I got your zepto club membership and didn't know your priority support meant an AI bot, didn't know that asking for a human would lead AI to cancel my order worth 2K+. Thanks for making one wait for almost 2 hours and then cancelling the order .",26.7.4,0,47
play_b54d5a41-272f-4ad0-aa57-8d7c6604647f,google_play,2026-07-30T19:57:06,1,worst delivery service,26.7.4,0,3
play_576ca194-627b-46e6-bfa9-7890c4a6ceab,google_play,2026-07-30T19:49:57,2,item damaged,26.7.4,0,2
play_3dfcafb4-0b3a-4dcf-b4ce-a32b2e6172a7,google_play,2026-07-30T19:49:38,5,good service,26.7.4,0,2
play_e0933dc9-fa4e-4f28-8bc3-e8b06d624328,google_play,2026-07-30T19:46:16,5,super 👍,26.7.4,0,2
play_6712ea62-5235-4cd2-baec-e6d791b36c05,google_play,2026-07-30T19:39:25,5,best app provides u things with no delivery on spending 100,,0,11
play_ab2d808a-0127-4300-a798-5cf39bf7c5d3,google_play,2026-07-30T19:39:23,5,superb,26.7.3,0,1
play_522fbc28-5254-4e02-9bc8-15761a26ca31,google_play,2026-07-30T19:33:21,5,It is nice app for your daily life household and other products at best price ☺,26.7.4,1,16
play_86a290f9-4034-446c-81cc-968a60afdda9,google_play,2026-07-30T19:28:47,5,this is very help full and there very tasty food 🤤 and there delivery man is very hard work i like this app in zepto mins to send you the great amritsar to the great amritsar to the great amritsar to the great amritsar to the great amritsar and the same time as first and second time as first time in Hindi ka Sara hai tuition for very skinny girl in the wording change kar do not delivered to your family and family and friends and family and family and friends and friends and family in the great,26.7.4,0,98
play_fe1e7943-de2d-40bc-85d5-c4ed4049b8b8,google_play,2026-07-30T19:25:35,5,good,26.7.4,0,1
play_3606ceb6-c8e4-4ff9-9ca3-8f69532312fe,google_play,2026-07-30T19:15:06,1,very very bad response and quality,26.7.4,0,6
play_63c543dc-6f4f-4039-b7f9-6aba116303c8,google_play,2026-07-30T19:14:41,1,"The concerns are dealt like jokes here. very disappointed with the support team. They have not delivered 1 item for me and when I tried to reach out, their response is that in their system they see it's absolutely delivered correct items and they can't do anything. when I said I've proof and asked them to share their proof. no response for that and again same answer. Update: deleted Zepto, moved to blinkit.",26.7.4,0,73
play_b889ccf8-b008-4fd3-becc-30146530e5ec,google_play,2026-07-30T19:14:26,1,"worst experience you can ever have , I have ordered 2 quantity of products but I got 1 so I asked delivery person he told me to complaint and went off I complained but zepto has no contact number and chat and they didn't refund or replaced , please beware before ordering on zepto from now on, we have other options to order for minutes delivery",26.7.3,0,66
play_8ca2c81e-1fea-400e-bf6d-408a0674de74,google_play,2026-07-30T19:11:43,5,very nice,26.7.3,0,2
play_b19cf40e-33eb-4793-a16d-36bf6769e864,google_play,2026-07-30T19:09:55,5,excellent,26.7.4,0,1
play_1d4fb0df-6a40-4145-ba79-72f56cf895e0,google_play,2026-07-30T18:58:14,5,wow app,26.5.4,0,2
play_07177a85-8b17-4b92-b620-cd64993b8ace,google_play,2026-07-30T18:56:44,5,product rate in best,26.7.4,0,4
play_5bb6fe14-027a-45f1-94e7-9cee34959a6f,google_play,2026-07-30T18:54:30,5,👍🏻,26.7.4,0,1
play_b994ee99-e809-4036-a7be-250a8107cdb0,google_play,2026-07-30T18:45:16,1,"Pathetic Support & Midnight Harassment!Absolute zero stars for customer service. I received 2 packets of milk that curdled instantly upon heating. Support flatly refused a refund, hiding behind the printed expiry date and ignoring the broken cold chain. Worse, after escalating, their team had the audacity to call my personal phone number at 3:19 AM in the middle of the night! This is a shocking violation of privacy and basic professional etiquette. I have deleted my account permanently.",,1,78
play_1d8438f9-49f5-459a-89c8-d60c44b4df63,google_play,2026-07-30T18:27:55,1,no response from coustomer service,26.7.4,0,5
play_558ab880-5207-43be-ab19-48e175d8ce8d,google_play,2026-07-30T18:17:51,5,bada acha app ye hai app ka apna sathi ❤️❤️❤️☺️,,0,10
play_bcc00186-4842-480b-8656-0c36af6c7116,google_play,2026-07-30T18:16:28,5,💯,26.7.4,0,1
play_2150a9e0-3d76-4c93-9a95-bfb2352d62c2,google_play,2026-07-30T17:56:40,5,best app for grocery shopping,26.7.4,0,5
play_99b0663e-a201-4554-a90c-8eb09004249a,google_play,2026-07-30T17:56:03,5,good 👍,26.7.2,0,2
play_3cdeac42-82bf-4683-8f6a-73a1393ea28d,google_play,2026-07-30T17:53:26,2,sell expire items.,26.7.3,0,3
play_78bb9c1e-90a6-46ae-9150-bd600bf17dc6,google_play,2026-07-30T17:42:50,1,I got 2 items missing in my order when I complaint with video and photo proof they said we said we noted that and this will not happened again .when I ask for my refund they told me it's not possible.and end the conversation by saying sorry.....Now this is last order of my and I deleted this app Scammers,,1,59
play_8f1c196b-2138-46d0-ba8e-be5a24de5f78,google_play,2026-07-30T17:36:57,5,Good,26.7.4,0,1
play_8378ec50-d720-4a17-a91b-7324f5c4c2af,google_play,2026-07-30T17:32:47,5,this is good app for groceries,26.7.4,0,6
play_39674f02-1e56-4d85-a9e8-e8793a9e8045,google_play,2026-07-30T17:28:10,5,bot acha he zepto fast delivery,26.7.3,0,6
play_6f61afd6-2dc5-4087-a22b-6e4081c33330,google_play,2026-07-30T17:26:09,1,"selling expired products, received expired product thrice. please don't consume any product without checking expiry date from zepto, they are sending expired products(got the expired Butter milk and lassi) It's a very serious concern.",26.7.4,0,34
play_f415bfd2-999d-411a-98c7-13f953bd6ff3,google_play,2026-07-30T17:23:53,5,good,26.7.4,0,1
play_e475d28c-7469-4f69-bbee-d5026e867609,google_play,2026-07-30T17:20:13,5,good 😊,26.7.3,0,2
play_ae2c97a4-34b5-4543-a8a2-70c5ef42762d,google_play,2026-07-30T17:18:43,5,good service 💯,26.7.4,0,3
play_b3119128-29ac-49ae-a2a0-d70730414bf6,google_play,2026-07-30T17:10:07,5,super app,26.7.4,0,2
play_9ab2bfa8-eb60-481e-a001-213c03f9c3f0,google_play,2026-07-30T17:06:57,2,You are still not available at my location but still delivers 400 meters away at the main road in jaipur. Waiting for so long when you will start to deliver at my location,,0,33
play_2decfca2-b097-4fa2-bd52-42a384ca8931,google_play,2026-07-30T17:05:43,5,good service s,26.7.4,0,3
play_a7bf17e5-dc04-42c3-867a-80465e3127b9,google_play,2026-07-30T17:01:02,5,"Hi Zepto team, I would like to suggest a new feature where customers can transfer money through the app and request delivery of physical cash to their doorstep for a service fee. This could help people who need emergency cash and cannot access an ATM. I believe this would be a valuable addition to your platform.",26.7.4,1,56
play_3d1a54ca-fcc2-4d0f-bf8e-05fb685a1e68,google_play,2026-07-30T16:55:42,4,false delivery timer,26.7.4,0,3
play_a4c75c86-d5e2-4fa3-abec-4f83430c93a9,google_play,2026-07-30T16:55:18,1,My overall experience has been really bad.,,0,7
play_e87188a7-88a1-42ac-b054-b191c813afc0,google_play,2026-07-30T16:54:11,4,best hai,26.7.3,0,2
play_8e496994-3867-4a86-aa19-932b23aaf54c,google_play,2026-07-30T16:46:54,5,best Groceries and service,26.7.4,0,4
play_d98fa490-2bbe-4827-a6ed-fd0fb69033ea,google_play,2026-07-30T16:44:26,5,good👍,26.7.3,0,1
play_6ebc40f9-1ed3-4674-a06b-31656767c441,google_play,2026-07-30T16:19:26,1,"Very disappointing experience with Zepto. On 28 July, I ordered Bingo Cheese Nachos, but I received Haldiram's Mexilla instead. Due to my busy schedule, I could only check the order later. On 29 July, I also received paneer that had a sour taste, making me concerned about its quality. When I contacted customer support for both issues, they refused to help because the replacement/refund window had expired, even though these problems were not my fault.",26.7.4,0,75
play_aa822a9e-aae4-4381-a336-01b7893ab6d0,google_play,2026-07-30T16:14:51,1,"very pathetic product received also customer service provider is very ego stick ,they dnt give solution until I do twite against it",26.7.4,0,22
play_fcdc6c13-f472-4028-9153-201667534219,google_play,2026-07-30T16:01:12,5,Good,26.7.4,0,1
play_05b13bb5-a11c-42f8-911b-0440032cee31,google_play,2026-07-30T15:55:03,5,wao wahh,26.7.4,0,2
play_dcf286fa-920c-4021-98a1-9097c4169e01,google_play,2026-07-30T15:53:31,1,"This app's a rip-off, selling old stuff with fake new dates. You can spot it easily, and then customer service just says no exchanges or refunds. Seriously, don't bother. You're better off with Blinkit or even your local market, even if it costs a bit more. One more interesting things that it's customer care chat don't accept negative feedback and close the chat instantly and open new chat window 🤣",25.12.4,0,70
play_f2fefcf8-cb53-47dd-a5b0-697e84318ba8,google_play,2026-07-30T15:51:32,4,5star,26.7.4,0,1
play_3f0bf128-9f0f-407c-ae3e-66a27b01a51d,google_play,2026-07-30T15:46:01,1,😡😡😡😡😡,26.7.4,0,1
play_0e4f6b9d-3dbc-428f-b929-bfa2f49dc3b4,google_play,2026-07-30T15:44:48,4,always maintain Quality & Quantity,26.7.4,0,5
play_e16a9a7b-ee37-468b-994f-6f9671490147,google_play,2026-07-30T15:39:46,1,useless app with useless customer service...delivers wrong products and the delivery man doesn't update the order..USELESS,26.7.4,0,16
play_35d830b0-05d4-4c71-ae8d-b2ccbdcb118d,google_play,2026-07-30T15:39:00,1,no service for my location,26.7.4,0,5
play_9daa26b9-4719-49c0-af0f-11e6392dd1e6,google_play,2026-07-30T15:35:25,1,not free delivery,26.7.3,0,3
play_e7e78b60-f803-4f61-879a-fd678c908a64,google_play,2026-07-30T15:34:17,5,good service,26.7.4,0,2
play_7cc03c7f-5833-4317-9371-89d99f93a6a3,google_play,2026-07-30T15:25:46,5,nice,26.7.3,0,1
play_11fb710c-068b-4eaf-838a-2fa7b1f43930,google_play,2026-07-30T15:24:38,5,all ovar to good,26.7.4,0,4
play_ff503aa8-75c2-4dd8-900b-a7f8e0d8aa6c,google_play,2026-07-30T15:22:43,5,good service,26.7.2,0,2
play_c9bb9ccd-3824-40cf-846f-19ef28766f3d,google_play,2026-07-30T15:19:52,5,very good 👍,26.6.2,0,3
play_51704452-b650-4d72-90b0-72470db670e1,google_play,2026-07-30T15:13:03,1,the app is terrible....i ordered some items and after 15 minutes when they assigned a rider some items got out of stock and then they informed me......like what is this and after that they are not even giving the option to cancel why would I need a half complete order,26.6.5,0,50
play_bc75e74a-e531-425d-89c0-345df87d0c2d,google_play,2026-07-30T15:11:52,1,"so annoying experience i would never order again recieved the order in highly tranlsucent bag every personal item was visible I ordered personal hygiene products pads, period panties Instead of being delivered discreetly or securely wrapped, they were packed in a highly translucent, clear-facing polybag. Because the items were completely visible from the outside people in my locality noticed it and i felt so ashamed",26.7.4,0,65
play_458476f6-a602-4fe7-8244-6c88d5717bc5,google_play,2026-07-30T15:09:50,1,zepto has become the worst app. never listen to any queries. send rotten product and don't provide the refund too. never purchase from here,26.7.4,0,24
play_9828878d-8c94-4598-94b3-5fded6a82eb7,google_play,2026-07-30T14:54:53,3,very good 😊,26.3.5,0,3
play_b4395ce2-75a8-408e-862e-ee4ec0ec26e2,google_play,2026-07-30T14:54:35,5,Assam delivery,26.7.3,0,2
play_24d0b212-7045-42fe-876e-8edf85ef9880,google_play,2026-07-30T14:52:10,1,Pathetic response by the customer care instead of resolution getting templates and no call back received,26.7.4,0,16
play_6141b592-83d8-4613-b0dd-8a8824a16988,google_play,2026-07-30T14:51:42,1,Blind customer support. shared images of expired product still kept on saying the product is well within shelf life.,25.1.3,0,19
play_8bb7a95d-e932-4551-84fb-e0dc7871d467,google_play,2026-07-30T14:49:02,5,good,26.7.4,0,1
play_0ccba66d-3118-40bb-9a97-e9e44232d7af,google_play,2026-07-30T14:42:04,1,I ordered 2 times and paid via UPI (GPay) but the order got cancelled and there were no refunds whatsoever ...,26.7.4,0,21
play_375b09dc-c2aa-4033-adb4-11661676a060,google_play,2026-07-30T14:39:20,1,This app is very poor when it comes to refunds. Making customers wait 7 days for a refund is unacceptable and causes unnecessary inconvenience. Please improve your refund process.,26.7.3,0,29
play_e3baf2d4-9fa4-4a59-93cb-3e278c2f756f,google_play,2026-07-30T14:38:45,5,very good 👍,26.7.4,0,3
play_8688411b-5641-41a9-918e-766de2f3bc08,google_play,2026-07-30T14:15:02,5,very good service 😃,26.7.3,0,4
play_ba9a4f56-7cab-46d0-a484-4eaada093085,google_play,2026-07-30T13:58:21,5,best,26.7.4,0,1
play_2fc9c875-ec5b-44c7-a329-7b93321eac95,google_play,2026-07-30T13:39:52,1,Previously app was good which platform is charging 40Rs handling fee Swiggy & blink it charges 12rs max why zepto is charging 40rs does it make sense already company is going under losses for sure it will get shut down soon if it doesn't change👎,26.7.4,0,45
play_631a1a9e-e137-42e3-adb0-40e71b68b4cb,google_play,2026-07-30T13:38:01,1,They cheat and don't send your full order. even after showing the proofs they don't accept. they take much more time then they show and provide stale rotten vegetables. they don't have any solution,26.7.3,0,34
play_d8054b9f-6c27-40ce-8dd0-2e69cf4984ce,google_play,2026-07-30T13:34:42,1,"Received a product with some dirt/poop on it. Tried to request a replacement/refund but chat support doesn't allow it. Whenever I uploaded a photo of the dirty product, it says it didn't find any issue, re-upload. in short, I can't even raise a complaint for poor products, nor request a replacement/refund. Bad experience.",26.7.4,0,53
play_34dda7a9-cdcf-4297-b722-6f17ce889a30,google_play,2026-07-30T13:28:14,5,good 👍🏻😊,26.7.4,0,2
play_35aad9d0-6e2e-42a9-828a-f338164ed7f6,google_play,2026-07-30T13:20:17,1,Products are also not at all good. Very very worst customer service. Please don't waste your time and money by using this app,26.7.4,0,23
play_c49aff6f-0094-4e5d-8bed-111a4b509e8f,google_play,2026-07-30T13:07:37,1,no zepto cash provided and nowadays delivery being too late every time,26.7.4,0,12
play_6d99df43-31d0-4b65-a787-30ba0c21951d,google_play,2026-07-30T13:05:28,5,very good delivery,26.7.4,0,3
play_98162a6a-7271-409c-9494-13ec3ca7b6ad,google_play,2026-07-30T13:04:51,1,"only order less than 500 rs product, so if there is need of returning back, else you have to chase forever for your refund anf return pickup. bhindi tauri, chips lo bas. i am fadeup and loosing all hope 1 more point to be consider seriously. better to take atleast 1 day off from ofc, as i already finished my half day so far. still on same page",26.7.3,0,68
play_a427318c-d793-4472-92a2-148247ffbf8d,google_play,2026-07-30T13:04:34,5,Simply Superb keep up the good work,26.7.4,1,7
play_42cf930c-a28a-4310-8a8e-7a1f324c904f,google_play,2026-07-30T13:01:43,5,Good,26.7.2,0,1
play_021b49f5-41d3-48bb-b5e1-81f99b817968,google_play,2026-07-30T13:00:00,1,please don't use this app. this is totally fraud . there delivery partner doing fraud with customers and customer support is worst. they denied your problem without even checking with delivery partner. completely fraud app. full of scam. please avoid to use it. else you will get scammed by there delivery partner and you will not get any solution from there customer support.,,0,63
play_667db1a1-b60f-4303-8737-4a219cf82f77,google_play,2026-07-30T12:58:58,1,delivery guys arguing to pay online for cash on delivery,26.6.4,0,10
play_86e58ba9-07d3-44d6-90d6-fd581699cb5b,google_play,2026-07-30T12:57:38,5,excellent,26.7.3,0,1
play_5c0d236e-4906-4da1-82f4-04fa5b8a77af,google_play,2026-07-30T12:56:13,5,good,26.7.3,0,1
play_e23fdd24-00ad-4a39-a1e5-7a6d6d3bd96c,google_play,2026-07-30T12:55:22,5,వెరీ గుడ్ సర్వీస్,26.7.2,0,3
play_01e7ef6f-dfda-48fa-a2f3-86dd574d09ed,google_play,2026-07-30T12:53:58,1,don't ever order icecream here. they'll deliver melted and they won't refund or replace. Had a very bad experience. wanted to give 0 star rating.👎👎👎👎,26.7.4,0,25
play_61f4bfdc-1fcc-4d84-b048-2ce4759ae3bf,google_play,2026-07-30T12:52:04,3,very good product and job 👍,26.7.4,0,6
play_140b948b-ccf9-4b42-afef-fa6f06a20fde,google_play,2026-07-30T12:50:00,1,Every single time the delivery partner hands over my order item by item instead of delivering it in a proper bag or package. This is completely unacceptable and reflects a lack of professionalism in your delivery service.,26.7.4,0,37
play_dc8fcb9f-92bc-4f3e-842c-e4b5411d535b,google_play,2026-07-30T12:42:18,5,nice,26.7.4,0,1
play_8c20ac3b-1f6d-4ed2-91c7-a7dae0d3d582,google_play,2026-07-30T12:40:58,5,on time delivery and good product,26.7.4,0,6
play_97f1314d-d172-4c4b-b843-c671cde1ac44,google_play,2026-07-30T12:31:31,5,Zepto Is The Best.,26.7.4,0,4
play_a201efa5-09f5-4c67-919e-d555c0644949,google_play,2026-07-30T12:28:29,5,Nice,26.7.4,0,1
play_6919555d-1006-4e16-a6e2-bcb27fa00221,google_play,2026-07-30T12:27:27,5,good 👍,26.7.4,0,2
play_eb480785-368e-4f43-8a09-281575fa1f98,google_play,2026-07-30T12:25:55,1,delivery not 10 min wait more than 30 min + and amount is very high to other application and market price totally fraud,26.7.4,0,23
play_da66c8e1-d0f9-4712-91e6-fd79e03228c7,google_play,2026-07-30T12:16:19,1,"worst delivery, I don't select I don't need bag even though the delivered pack is not received very worst awkward experience, not going to order anything from zepto",26.7.4,0,28
play_94e5e01c-de1e-46a3-9b3d-30c4a74d7a9f,google_play,2026-07-30T12:15:45,5,😚🫶🏻,26.7.4,0,1
play_9412430f-0c22-4aa4-9405-68052565ae9b,google_play,2026-07-30T12:10:50,5,Zepto is literally very Nice......,26.7.4,0,5
play_ee00e9cf-d657-4f66-a071-ae15a3396f72,google_play,2026-07-30T11:43:30,1,bought earring from Zepto... even though the it was defective and the two pieces of the earrings could not be joined together... they refused to return it,26.7.4,0,27
play_71434551-d317-438a-bba1-7b33f3169bd5,google_play,2026-07-30T11:36:03,5,very good service 😃,26.7.4,0,4
play_c14085cf-06be-4fe0-9be7-ad7bcc01e009,google_play,2026-07-30T11:28:07,5,wrong Oder delivery,26.7.2,0,3
play_57d7e99e-29f0-4426-92f6-6f528ac4a5d7,google_play,2026-07-30T11:23:38,5,good quality product 👌,26.7.4,0,4
play_9d426ee8-097f-4481-a97b-66b129e6ced6,google_play,2026-07-30T11:23:10,1,"Yesterday I placed my order because every product on thier app was clearly marked as Buy One Get One. During billing, each product was charged at its regular MRP(with NO return Policy), so I assumed that I would automatically receive two units of each product under the offer. However, when my order was delivered, I received only one unit of each product and no free items were included. Since I paid the full MRP for the products, I expected the Buy One Get One offer to be applied automatically.",26.7.3,1,89
play_5e658553-3d1a-431e-a847-b1e373d82389,google_play,2026-07-30T11:18:32,5,satisfied,,0,1
play_58c0213f-0af5-46f4-83b3-b51039a90841,google_play,2026-07-30T11:18:19,5,very good patner behavior,26.7.4,0,4
play_d9d2b65a-6c84-401c-b38b-999db9f2ab3d,google_play,2026-07-30T11:13:50,1,I wanna be Blinkit....I don't know who is running this app but they don't reply to any complaints....got automated after 3 months after filing a complaint...,,0,26
play_a04917e9-39df-44e3-aa0d-266ccf883a8f,google_play,2026-07-30T11:12:12,5,Great App,26.7.3,0,2
play_0f8d4743-b975-47af-b185-28553e922031,google_play,2026-07-30T11:01:22,5,fast delivery 🚚 good price 👍🏻😊,26.7.4,0,6
play_69b1a982-d037-4149-9cf7-cba5308361db,google_play,2026-07-30T10:58:01,5,nice 👍,26.7.4,0,2
play_37803413-e806-4e6b-8844-d9571c287491,google_play,2026-07-30T10:52:29,5,👍👍👍👍👍,,0,1
play_02ab2531-c2eb-46ce-8422-ab835e98a5eb,google_play,2026-07-30T10:51:29,5,This app is the best,26.7.3,0,5
play_dac0311b-909c-40ac-a056-766fe2e3b4f9,google_play,2026-07-30T10:49:36,1,"Too late delivery, Delivery boy don't come at address instead they ask you to come to a location that's 200-300 meters far.",25.10.5,0,22
play_61d968ad-d134-4bb9-b396-a0077ac91632,google_play,2026-07-30T10:42:46,1,i am feeling very bad by using Zepto there is no proper customer service and as mailed to zepto support long back regarding the issue I have faced and mostly I am using Zepto every day needs and now the app is showing your account is on hold and not even one single day I returned the order Even though they kept on hold,26.7.4,0,64
play_fd99964d-8d42-480b-8252-ed93f233b8c2,google_play,2026-07-30T10:32:22,5,super 😍👍 support,26.7.3,0,3
play_248ad42c-c267-456f-8401-aff9d71bf7fd,google_play,2026-07-30T10:26:29,1,my account was blocked without having any reasons......😑,,0,8
play_16fe887c-b2c8-48e4-93a2-122060376cbb,google_play,2026-07-30T10:19:13,5,Service is very good 👍,26.7.4,0,5
play_0d5ea20e-bd01-40f9-942d-d0cdd07a94f5,google_play,2026-07-30T10:19:09,5,good,26.7.4,0,1
play_c0625f15-94d8-4e1c-b4de-53d3e57c1196,google_play,2026-07-30T10:17:08,5,very good 👍,26.7.4,0,3
play_ba27557b-7362-4328-94d1-7d144ddd9d98,google_play,2026-07-30T10:13:01,5,👌,26.7.3,0,1
play_3474e8bd-4bf6-4ba5-a213-9e9d8ebc488f,google_play,2026-07-30T10:12:26,5,good,,0,1
play_d79325ef-4b16-47ed-b648-7fc49eecbb9d,google_play,2026-07-30T10:04:13,1,"I ordered 12 items but received only 11. Customer service claims the seller says all items were sent, but they didn't reach me, did they? What’s the point for me? I could have just ordered from another app; this service is useless. Even earlier, the ice cream arrived melted, and they didn't provide any solution for that either.",,0,58
play_17079d7b-0d01-4a6b-b439-244d8fca87be,google_play,2026-07-30T10:00:37,5,Best App for Order in a minutes,,0,7
play_a91c0577-47b8-48ce-b156-4e26cdb10594,google_play,2026-07-30T09:55:45,5,good,26.7.4,0,1
play_1d877a7d-31b3-4c58-a14f-6ee6caf8945b,google_play,2026-07-30T09:49:12,1,Very bad service Belgharia location,26.7.4,0,5
play_43cbf4a5-152c-4d1d-87ce-b5144ae662b5,google_play,2026-07-30T09:48:07,1,It is a very worst app I've been experienced ever delivery experience is very bad and the delivery guy didn't answers the call,26.7.4,0,23
play_5888faf5-14ae-40f9-92d5-ddbcd3aa40d6,google_play,2026-07-30T09:44:10,5,very nice,26.7.4,0,2
play_e98da55a-f213-4f3d-9c2b-4e89029ef202,google_play,2026-07-30T09:40:44,1,There seems to be no on-call customer support. AI based chats are horrible as the solutions provided are baseless and senseless.,26.7.4,0,21
play_5d352a5d-bbc4-4d39-833f-d5881e73bf34,google_play,2026-07-30T09:40:22,5,all products best quality,26.7.3,0,4
play_62761629-b855-4a37-8dbb-d299d8e571ea,google_play,2026-07-30T09:37:15,5,best,26.7.4,0,1
play_1c254ba8-c859-4de6-853f-812ba91eaf3d,google_play,2026-07-30T09:35:19,5,Exceptional experience.,26.7.4,0,2
play_1e18e578-ce08-419f-883d-97c307b3e1f9,google_play,2026-07-30T09:24:43,5,good,26.5.1,0,1
play_c4a9490d-4296-44a4-b6ae-5eb315385910,google_play,2026-07-30T09:14:44,5,good service,26.7.4,0,2
play_2cbcd84d-1361-4427-b793-4232101979fd,google_play,2026-07-30T09:14:12,5,nice,26.7.4,0,1
play_8ba69935-c0fd-4963-ac11-e542d114d6e5,google_play,2026-07-30T09:07:16,1,Shows 8 minute delivery at Tardeo and comes after an hour... better to go for other apps like Swiggy Blinkit Amazon now or Flipkarts mins or even Big Basket...,26.7.4,7,29
play_4815b10e-fb45-451d-9ea0-d02b2aa2430c,google_play,2026-07-30T09:04:24,5,thank you 😊,26.6.5,0,3
play_04fd3345-c7ba-487e-a6e2-4d49080c97bd,google_play,2026-07-30T09:03:58,5,good app,26.7.4,0,2
play_845186f7-f8ab-4fec-ab14-4085edc6bc5b,google_play,2026-07-30T08:54:41,1,Zepto is a scammer. I have ordered Vegetables a few are missing and others are in bad condition. Outright rejected the complaint without any resolution or refund.,26.7.4,0,27
play_1cfae2a5-13f6-4036-9d64-3d24ee6e2ea6,google_play,2026-07-30T08:49:08,5,Very best app not scam🤗🤗🤗,26.5.2,0,5
play_4d732756-1b46-4ec7-b173-13cdb90d394a,google_play,2026-07-30T08:45:48,3,Your application keeps sending unnecessary notifications/ advertisement! keeps reminding me I should remove the app to live with peace! I will reinstall and use it only when required!,26.7.4,0,28
play_c691826a-2e6d-42c1-876e-08e53801b5a4,google_play,2026-07-30T08:44:54,5,zepto is the best,26.7.2,0,4
play_370e6a1c-cc7c-44a8-8e85-5449f4ab26f8,google_play,2026-07-30T08:41:30,5,Good And early services,26.7.4,0,4
play_e2f65c43-5f54-4485-bcb5-56af248e696a,google_play,2026-07-30T08:41:24,1,"I have ordered two pieces of zucchini green but received only one whereas the payment has been made for two pieces. and it's so pathetic that I can't raise a complaint regarding the same, no help centre ot no customer care number to reach out. they're just fooling people. Don't ever use it.",,0,53
play_e8c6d1c1-4562-4a60-9dd1-ea3ef31da42d,google_play,2026-07-30T08:33:11,5,Nice 👍,26.7.4,0,2
play_be6b8c27-f755-4a5d-af73-262057d10ced,google_play,2026-07-30T08:25:38,5,good,26.7.4,0,1
play_25187d7f-658b-40a5-b0b1-035457f106aa,google_play,2026-07-30T08:19:28,1,Zepto is the one of the worst platform in online grocery yesterday I purchased a item but it unfortunately I kept the location wrong after payment done I saw the address and immediately ask to cancel my order but they are really worst not even help to me. Next the rider also same in that way I said u. came to wrong address so cancel my address but he marked as a delivery. This is how the zepto organisation working. Instead of using this platform use Swiggy instamart and blinkit.,,0,90
play_51a2827e-2d85-45b5-8ba0-2d512bd952ff,google_play,2026-07-30T08:10:42,5,Fastest Delivery,26.7.4,0,2
play_58438b55-0b3c-4f84-af3a-a482e48e6be5,google_play,2026-07-30T08:06:48,1,no good delivery patnar boy miss my order no refund payment zepto urgent items not delivery very bad service zepto,26.7.4,0,20
play_8e1d81c2-156d-4d9b-ac40-3322b5fff761,google_play,2026-07-30T07:52:53,1,vegetables / greens are normally bad quality or old stock,26.7.4,0,10
play_cfd0de01-f093-41b3-9a39-f1c2f4e430d3,google_play,2026-07-30T07:45:04,5,thanks to technical team...very accurate tracking,26.7.4,0,6
play_5d4db70d-b071-43e7-8800-8dd45f8af5a7,google_play,2026-07-30T07:36:19,1,"Bad customer service. My order was delivered incomplete, and there's no customer support number—only email. They keep insisting the order was delivered instead of resolving the missing item issue.",26.7.4,0,29
play_694d68f5-15ff-4716-8294-a236508ba86a,google_play,2026-07-30T07:15:13,5,super app,26.7.4,0,2
play_32d32bb8-be30-42d2-85aa-37a43967f70c,google_play,2026-07-30T07:08:53,5,good keep it this way,26.7.4,0,5
play_2927ab9a-01de-40a6-aaff-68e7adce48e1,google_play,2026-07-30T06:53:11,1,"Namaste, Maine kal aapse 5 kg gehun ka atta order kiya tha. Jo atta mujhe deliver hua, uski expiry date nikal chuki thi. Maine sirf packet halka sa khol kar check kiya tha aur usme susri (keede) bhi the. Yeh dekhte hi maine packet turant wapas band kar diya. Maine exchange ke liye request ki, lekin use yeh kehkar cancel kar diya gaya ki packet open tha. Product ki quality aur expiry check karne ke liye packet kholna zaroori tha. Expired aur kharab product bhejna meri galti nahi hai.",,0,89
play_49bd00d6-24c1-4465-b31b-a12882efd03b,google_play,2026-07-30T06:43:44,1,vegetables orders always worst,26.7.4,0,4
play_4ad1416f-0d25-4707-8257-cc39f1e1c679,google_play,2026-07-30T06:18:36,5,👌,26.7.4,0,1
play_57378e28-b2ef-4b98-8bc4-cf81b0733f9d,google_play,2026-07-30T05:12:06,5,good,26.7.4,0,1
play_e867b0a5-2094-4f28-a167-7dcd7fb24dbc,google_play,2026-07-30T04:28:05,1,why can't I give zero stars?,26.7.4,0,6
play_0942ad76-4ed2-4a3a-87e9-dc468a735d8b,google_play,2026-07-30T02:31:00,4,nice,26.7.3,0,1
play_c264eeb3-05e4-4b82-88d0-5633e8e2acd7,google_play,2026-07-30T02:24:35,5,good,26.7.4,0,1
play_bf9203b1-3431-4f60-9016-849ae438f268,google_play,2026-07-30T01:56:27,1,worst customer service,26.7.4,0,3
play_d031b126-2b16-45b3-8958-b365d86e9a55,google_play,2026-07-30T01:52:20,5,thank you zappto bhaiya aapne 2 baje raat me oder swikar kiya our oder bhejwa bhi diya thanks 😍,26.7.4,0,19
play_dd4bf3db-606f-49bc-8aa5-3566319a4a05,google_play,2026-07-30T01:43:48,5,good Delevery service and delevery boy are very good behaviour but I don't want this type of USB this Ambrane usb Showing only Quick charging in my Redmi Note 13 but I want MI Turbo charging and this usb not supported mi turbo charge I don't know what I do now ...,26.7.4,1,52
play_5f91100b-3d39-44f5-a29b-5490773f4774,google_play,2026-07-30T01:31:27,5,ok,26.7.4,0,1
play_d09b7af1-374f-4050-83da-fecdbc1f522b,google_play,2026-07-30T01:20:53,5,zepto is the e-commerce service that provides day to day life so much easier I love' chicken sandwich from the zepto & chicken puff .🫶😎 zepto is the best,26.7.3,0,29
play_4cb89c55-bd80-41d8-8ea1-48b590335610,google_play,2026-07-30T01:20:19,4,good,26.7.4,0,1
play_ad66346f-2731-46c0-b537-5ef16a75c6b3,google_play,2026-07-30T01:15:23,4,good app,26.7.4,0,2
play_7477dc2a-63f3-4e9e-a7bd-7c04cf5c9fa7,google_play,2026-07-30T01:11:27,1,it's customer service is complete waste I have not cancelled any order automatically it cancelled,26.7.4,0,15
play_c2e626e0-a6f3-45e7-9a34-d24aa4a3b09b,google_play,2026-07-30T01:03:06,2,"worst app. no customer support. I g was right that swiggy , blinkit is better. in the name of customer support you guys just have a robot who just gives the same automated reply without resolving the issue. and the best part is u can't even talk to a real agent either by chat Or call. pathetic.Don't you think that if someone is ordering something from you guys within minutes then he is also supposed to get his issue resolved within minutes. but no i need to mail you guys and wait for 1-2 days.",26.7.3,0,95
play_e9e08b63-e09e-4fa9-9c89-5d1b8d078b2c,google_play,2026-07-30T00:46:18,5,nice app,26.7.3,0,2
play_f434b00a-7104-402b-89c7-9adaa5b85d8c,google_play,2026-07-30T00:44:13,5,Good feeling,26.7.4,0,2
play_501fd2bd-48bc-485a-b8c6-f354dea3cbb1,google_play,2026-07-30T00:41:55,1,worst app. shows 10 min delivery and cancels the order automatically after letting me wait for 30 minutes.,26.7.4,0,18
play_0dad4ef9-0f99-4b9e-97e7-2fbedb89f47c,google_play,2026-07-30T00:41:38,5,nice pecked,26.7.4,0,2
play_ab794774-fa7b-4487-b651-ab022f323517,google_play,2026-07-30T00:37:25,1,"This is waste for emergency times, please people's Don't Trust This app at any Time, useless fellows",26.7.3,0,17
play_a47383fa-db27-4f91-9529-ce30bfc0564f,google_play,2026-07-30T00:31:43,1,"worst customer service support, recieved wrong product no response from there side Nd always some blunder no accountability.",26.7.1,0,18
play_9f2b039b-13c2-4c12-b109-cd44cc9d1624,google_play,2026-07-30T00:28:32,5,good,26.7.4,0,1
play_3ab51866-693e-472c-b394-263d93c15026,google_play,2026-07-30T00:21:48,5,better Than Blinkit ☝🏻☝🏻,26.7.4,0,4
play_bb970f6c-2cc5-4177-b41c-93eb7e3b94d0,google_play,2026-07-30T00:18:52,1,very worst service they don't care about humanity or any pet. Kindly add some experience CX support agents who can help customers CX support agents disconnected my call on my face. is this your quality of work are you guys maintaning,26.7.3,0,41
play_4efa478f-9803-4279-bea1-f5012fa40410,google_play,2026-07-30T00:18:04,1,don't use this ZEPTO worest customer service this ZEPTO FOUNDER & MD are not managing properly they are worest candidates if product is not available they are mention properly..... but this people are not mentioned will see in product list and pick the product pey pement after they'll telling the product is not available will refund your money with-in 5 to 7 working days I'm facing this issue 5 Times and they're also not bring cool items in cloud box they're compulsory learn from BIG BASKET &,,0,87
play_642109a4-4860-47d5-9b02-321e070d5b77,google_play,2026-07-30T00:15:27,5,nice,26.7.3,0,1
play_3aff4c42-82bd-42ac-a26a-c7bcffe01c2f,google_play,2026-07-30T00:14:49,5,very nice app in zepto and delivery boys ❤️‍🩹🥹,26.5.2,0,9
play_ceb10016-341e-44dd-ba79-cedd46bfac9a,google_play,2026-07-30T00:09:33,4,she is very good 💯 and yahan per jo jo item milta Hai vah bhi bahut achcha hai👍,26.7.1,0,18
play_b74c5b8c-2074-46a7-b30e-3e9cfe7e3601,google_play,2026-07-30T00:08:56,5,very good,26.7.4,0,2
play_0f5ab808-0fe3-4d96-8540-cd897f228d1e,google_play,2026-07-30T00:04:12,1,Uninstalling the Zepto Application.Zepto is a fraud .I have ordered a few vegetables on Zepto. Few are missing few are in bad condition. I raise a complaint in mail . The support team responded all Items are delivered and all are in good condition.Be aware of if you are ordering from this fraud App.,26.7.4,0,54
play_9768e246-6748-4920-a0e9-a4bf86746097,google_play,2026-07-29T23:58:45,1,"kabhi bhool kr online payment na kriye, yanga ke dilweri boy chor hai saman dilweri kr ke rakh leta hai, pahuchate nhi hai",26.7.2,0,23
play_c3b3c198-6882-42fa-affe-a0defa2ee671,google_play,2026-07-29T23:53:17,2,no customer care wrong products declared,26.7.4,0,6
play_bfb65888-de5d-46e2-a3da-0dcd826291b4,google_play,2026-07-29T23:36:36,1,"I ordered Hangyo butterscotch icecream। but it was melted or not proper icecream,When I opened it । I shared pics bad icecream immediately to zepto। but customer care executive not answering properly about refund and Regarding taking the ice cream back। I am unhappy with product",26.7.4,0,46
play_b69a5d73-7905-4bbc-8365-f69f3ae38f9a,google_play,2026-07-29T23:36:14,5,"Saviour a small suggestion is, Display prices of regular product same for all so that it doesn't bother me to check another member device to find a lower price",26.7.4,1,29
play_e0809fc6-c0fd-407f-805f-52b6238d301c,google_play,2026-07-29T23:20:16,5,I trebute this company.,26.7.4,0,4
play_98923933-ba53-420b-b3b6-60bb1d392b5d,google_play,2026-07-29T23:15:54,5,good,26.7.4,0,1
play_9751bc76-f8c5-4482-ae6b-c016d669238d,google_play,2026-07-29T23:11:51,5,good,26.7.3,0,1
play_3fc00eba-e716-4698-be27-46c748be9582,google_play,2026-07-29T23:10:31,5,good service,26.7.4,0,2
play_cc5a1890-07e5-4de1-858d-58417972b134,google_play,2026-07-29T23:08:51,1,"Please show some interest in helping people to solve their issues, you people don't take any responsibility after the order has been delivered. Thank you for letting me know blinkit is far better than you guys, instead of giving discounts please give genuine products. I have been your frequent customer for a year but from now I'll not be ordering anything from you guys. At least organise better customer support. Really disappointed with you guys.",25.6.4,0,75
play_c51ec141-a553-499b-a8fe-86edd73ecc4f,google_play,2026-07-29T23:03:43,1,"Fraud alert!!! The Incapable Zepto, I Ordered few things including cookies from Zepto and received an unsealed box with 2 cookies missing. Support arranged a return pickup, the delivery partner collected the box, and then somehow claimed nothing was received. I was asked to email the issue, so I shared CCTV footage and call logs—only to receive the exact same copy-paste reply over and over. Is Zepto not trained to investigate issues? Refer email : Urgent: Missing Refund and Product for order.",26.7.4,0,82
play_38d487c7-2c72-49b6-b930-839375d324a8,google_play,2026-07-29T22:56:12,3,very bad experience They provide rotten vegetables.,26.6.4,0,7
play_8d31e831-347f-4bc7-b3be-449d6b978b5b,google_play,2026-07-29T22:55:20,1,it shows 10 min delivery but it don't deliver in 10 min. not happy with app.,26.7.4,0,16
play_50b31c5b-8d08-4d8c-983a-92c1ce676c94,google_play,2026-07-29T22:52:50,5,superb quality best app,26.7.4,0,4
play_f7c6206f-5455-4f50-8119-52028cb25645,google_play,2026-07-29T22:47:21,5,good 👍,26.7.4,0,2
play_2265ffb7-62de-4373-b98b-b7851e0ce22e,google_play,2026-07-29T22:46:34,5,nice,26.7.4,0,1
play_7450151d-39e0-47f6-858d-bd5171464eea,google_play,2026-07-29T22:45:23,1,"worst app, delivery never on time. should learn something from other apps",26.7.4,0,12
play_fc9ccb02-c51d-4d6c-ae04-100b9e2e705c,google_play,2026-07-29T22:45:08,5,good,26.7.2,0,1
play_d0173aba-1be5-40b2-89b7-d24d385b02be,google_play,2026-07-29T22:43:01,5,Good,26.7.4,0,1
play_e64a8e12-f138-400b-91e3-380983ba92a3,google_play,2026-07-29T22:40:35,3,good,26.7.3,0,1
play_255e4d2f-27a1-41fc-9f90-f9047b4fc9ec,google_play,2026-07-29T22:38:15,5,nice delivery app,26.7.3,0,3
play_16ca4f3c-e1e7-4c0b-bada-45996a781212,google_play,2026-07-29T22:36:41,5,nice aap Thank you,,0,4
play_46f28b73-486a-49ab-8a8b-365a0cc283d8,google_play,2026-07-29T22:35:31,1,"It was good earlier. But now they have stopped refunding when it is they themselves who gave stale or damaged fruits and vegetables. it's only good to buy packaged stuff, not fruits n vegetables.",26.7.4,0,34
play_2adbf4f1-6d90-4ddd-92db-37fb68e78164,google_play,2026-07-29T22:32:15,5,Nice,26.7.3,0,1
play_46f5087c-2848-4f96-a911-263d55cadefe,google_play,2026-07-29T22:22:39,5,ggs nice 👍,26.7.4,0,3
play_983ae3b1-1123-443a-8573-9418aaa943bd,google_play,2026-07-29T22:22:21,5,good,26.7.4,0,1
play_b64bb2cf-61b3-4f0f-a240-72cf572f6531,google_play,2026-07-29T22:17:23,5,good job,26.6.2,0,2
play_e3c30386-d41f-4dca-86ab-f05c7f6f2bbe,google_play,2026-07-29T22:15:14,1,"zepto is the worst of all instant delivery, received milk packet with expiry date cleared of and milk gone bad. Their delivery and product handling is very poor.",26.7.4,0,28
play_9a543747-eeeb-411d-ac36-742198d430b2,google_play,2026-07-29T22:13:44,5,super very nice 💯,26.7.3,0,4
play_eb06686f-6e69-42f8-a87c-31562717de17,google_play,2026-07-29T22:06:04,5,Nice service,26.7.4,0,2
play_a22d4dd9-7b5a-4974-9576-dffb19cd98d0,google_play,2026-07-29T21:58:56,1,I ordered perfume and flowers bookk useful metal i find order zepto to Riders call me you have anything order is it's not available please cancel this order and that person cancel the order my I am also a paid on online that amount is not refund the term on ask for 2 days you won climb on 24 hours your 24 hours but you are too late 48 to lete,26.7.4,0,71
play_65e79695-b208-461c-b8e7-c8c2fe569547,google_play,2026-07-29T21:56:47,1,worst instant delivery app,,0,4
play_25c9a68c-19fe-44f2-b166-4f3af3795ad5,google_play,2026-07-29T21:55:13,5,nice,26.7.4,0,1
play_3486946e-b126-46d0-8f7d-b54fbecda611,google_play,2026-07-29T21:51:25,5,good,26.7.4,0,1
play_14dfc677-5d42-42e1-82a1-65571b563226,google_play,2026-07-29T21:50:18,5,service bahot badhiya,26.7.4,0,3
play_94201a30-5ce6-466c-a443-25e6a722e7ec,google_play,2026-07-29T21:49:26,5,Happy,26.7.1,0,1
play_51155013-eac5-44fd-a226-cf6baf20dd82,google_play,2026-07-29T21:47:07,1,"निराशाजनक अनुभव। मैंने 26 जुलाई को एक Portronics OTG Adapter खरीदा था, लेकिन वह खराब निकला और बिल्कुल भी काम नहीं कर रहा है। मैंने Replacement की Request भी की, लेकिन Delivery Boy ने यह कहकर प्रोडक्ट लेने से मना कर दिया कि पैकेट खुला हुआ है। बिना पैकेट खोले कोई भी इलेक्ट्रॉनिक प्रोडक्ट कैसे चेक कर सकता है? कई बार शिकायत करने के बावजूद आज तक मेरी समस्या का समाधान नहीं हुआ। न तो Replacement मिला और न ही Refund। ग्राहक सेवा बेहद खराब है। ऐसे अनुभव के कारण मैं इस ऐप से खरीदारी करने की सलाह न दूंगा",26.7.4,0,100
play_7ae1025b-1cd4-4198-90af-ea55e7e15f7c,google_play,2026-07-29T21:39:25,5,best experience,26.7.4,0,2
play_8175e687-a8b1-4e29-b53c-2b41b05e3627,google_play,2026-07-29T21:26:27,5,user friendly app,26.7.4,0,3
play_3013a809-a278-4ef7-a746-264a379a2e3b,google_play,2026-07-29T21:21:46,1,wrong products delivered apne not help to exchange it,26.7.4,0,9
play_00e981a0-2039-4ff3-8d2d-b42f4dc6176b,google_play,2026-07-29T21:21:21,1,delivery partner's behaviour is very very bad in zepto this time,26.4.1,0,11
play_15b37fb5-0c9d-4192-8262-4691c0357889,google_play,2026-07-29T21:13:27,1,this app ok best for but product but now unable to minimize app for three days,26.7.4,0,16
play_c6fbd25d-5658-40ae-a369-dd900066b052,google_play,2026-07-29T21:12:38,5,good,26.7.4,0,1
play_1359e3db-3a53-4cf3-9e07-0187b5ee9e62,google_play,2026-07-29T21:05:55,4,please use medium font.,26.7.4,0,4
play_94ba963a-61bd-445c-8776-b6d0c9571061,google_play,2026-07-29T21:03:48,5,👍 Good 👍,26.7.4,0,3
play_c581cef1-d7d2-4ec1-b67f-b11718844240,google_play,2026-07-29T21:02:25,5,best service urgent delivered,26.7.4,0,4
play_144a69e5-1955-40ea-9c1d-e09a9bd15e54,google_play,2026-07-29T20:59:28,5,good Service,26.7.4,0,2
play_78a0406d-0473-43c2-b2d3-e640c96d85e5,google_play,2026-07-29T20:56:07,4,super this app delivery is so fast,26.7.4,0,7
play_5d6dd722-a08c-41d8-a27d-2d1371fd954f,google_play,2026-07-29T20:52:45,5,overall nice service👏,26.7.4,0,3
play_f8baba6c-579c-4c36-b097-7beeac28426d,google_play,2026-07-29T20:51:37,5,thankyou jod job,26.7.4,0,3
play_d9951adb-55d7-4a22-9b3f-d6c8ca231344,google_play,2026-07-29T20:49:05,5,good,26.7.3,0,1
play_6100b059-85a3-4018-9bc8-4106408eed47,google_play,2026-07-29T20:47:50,5,Good,26.7.3,0,1
play_aae6ee54-d340-4158-9d8b-e5af6cf57f7e,google_play,2026-07-29T20:45:35,3,sometimes providing old stock. Try to avoid it,26.7.4,0,8
play_f0fa2e37-a630-4bfd-b73e-80ca55c48d74,google_play,2026-07-29T20:43:23,4,good for emergency time,26.7.4,0,4
play_017b02e4-b561-4ccf-be26-b6a4cc5aab01,google_play,2026-07-29T20:36:59,1,goo app hai bilkul gobar,,0,5
play_b5aa997c-a660-4627-a4ed-4165b39691a9,google_play,2026-07-29T20:35:14,1,service 👎🏻👎🏻,,0,2
play_136563b1-c799-40f6-9950-f63091e72c96,google_play,2026-07-29T20:23:17,5,thank you,26.7.2,0,2
play_f63a8bd4-7afb-4364-a85d-4d2479ae417a,google_play,2026-07-29T20:18:02,3,Super,26.5.5,0,1
play_9d3bc147-e732-450f-a539-3d680a3cb63e,google_play,2026-07-29T20:08:38,1,Fraud people and brand.Their exchange policy is my issue.They don't help.Very bad experience from few orders . Don't install this app.They are fraud.,26.7.3,0,23
play_cc915390-d49e-4198-95dc-a37ef5f9b6ef,google_play,2026-07-29T20:08:08,2,full of adds..,,0,3
play_f2d8c645-9ccf-4f90-86e1-5d553943d6ed,google_play,2026-07-29T19:48:10,5,good app good delivery,26.7.3,0,4
play_8c58a302-5cef-4501-89e6-d8758044ff74,google_play,2026-07-29T19:44:36,1,their support su***. The support bot doesn't understand anything. edit - and again the same BS bot replied. edit2 - again bs reply edit - bs response nr. 3 by bot edit3 bs response 4 edit - they tried to hide my review but then appealed and it is back again. i am going to keep it like this until they fix their support.,26.7.3,0,64
play_d831b9ab-3935-4352-8701-4222ed72faf2,google_play,2026-07-29T19:43:40,5,good perfume 👍,26.7.4,0,3
play_a58b4602-c1d8-4930-a7fb-8f42951e0f1e,google_play,2026-07-29T19:40:30,1,No option for reporting fraud and scam. Today I ordered 2 Peanut cold pressed oil bottles and received 1 open and other bottle oil levels less. Both bottles were very dirty. Zepto is playing with public health and their money.,26.7.4,0,40
play_438e40dd-76df-49ff-ae02-7286f84e0674,google_play,2026-07-29T19:37:46,1,loot my RS 20 don't trust customer. please trust your lie seller .Uninstalled. 5 star to 1 star am giving good support.,26.7.4,0,22
play_ca687ad0-a188-4d17-95ea-dce82d4d5388,google_play,2026-07-29T19:34:33,1,"Very disappointing experience with Zepto. I received a broken product and shared clear images, but my complaint was closed without proper resolution. Instead of helping, I only received automated replies. Requesting Zepto to review this case again and provide a fair solution.",,0,42
play_20a8f605-6e9c-41c9-bfe5-430479b84150,google_play,2026-07-29T19:32:38,4,good 👍,26.7.4,0,2
play_087b795c-1db4-4c63-91c1-ca4dcb4d0150,google_play,2026-07-29T19:32:20,1,good delivery time,26.7.4,0,3
play_42764cfe-0e5c-4637-bdf6-ab77ee6e7ceb,google_play,2026-07-29T19:27:39,5,exilent,26.7.4,0,1
play_c7e6cf73-570a-4f1a-8d3e-91cc4d06dfe0,google_play,2026-07-29T19:26:10,1,tumne wrong order diya h mujhe,26.7.2,0,6
play_3876bf47-e3aa-49d7-bb49-6cc94030824d,google_play,2026-07-29T19:24:40,1,worst app and very worst customer service. not recommended.,26.7.4,0,9
play_3352a3d4-1797-4033-856a-55b59020215a,google_play,2026-07-29T19:18:20,5,good 👍,26.7.4,0,2
play_dee83cd5-cf4d-40eb-bc4a-f3c8552f6af2,google_play,2026-07-29T19:13:45,5,good job,26.7.3,0,2
play_8c9cc997-79cc-4e33-b155-ce09d6d70e2e,google_play,2026-07-29T19:02:58,5,very good,26.7.3,0,2
play_60c60656-3094-4126-ae89-1951d52bea11,google_play,2026-07-29T19:01:57,4,making online shopping easy to use,26.7.4,0,6
play_58d11a57-52ba-43fa-b589-5571d6490312,google_play,2026-07-29T18:51:39,1,worst customer service,,0,3
play_066ecd63-b681-4abf-bad6-879897766431,google_play,2026-07-29T18:51:30,5,good,26.6.5,0,1
play_bb36ed37-06c5-44db-bcff-20de9d60c928,google_play,2026-07-29T18:50:26,5,good,26.7.3,0,1
play_df288723-6e73-41be-a7da-f80b756cd419,google_play,2026-07-29T18:50:25,5,nice,26.7.3,0,1
play_adfbc63a-4be4-4fa7-bf35-e0d8ccf56379,google_play,2026-07-29T18:48:25,1,This app has become disgusting now. You order something and they send you a different thing. Then the delivery boy tells you go the app and return it. Not trustworthy now. Seems like they are fooling us. Won't recommend at all.,26.7.4,0,41
play_e07bde48-6bd5-479a-9247-6311b62c71f0,google_play,2026-07-29T18:41:56,5,ok,26.7.3,0,1
play_9b2011a7-acdf-4505-97f3-a08afd445585,google_play,2026-07-29T18:39:18,5,a lot of good a lot of good,26.7.4,0,8
play_b3a5d042-c676-4d93-9cdd-90c41f9444cc,google_play,2026-07-29T18:37:35,1,"I’ve had several bad experiences with Zepto. I received a moldy Bombay pav and the refund was never reflected in my wallet. I was sent 5 ft semi-transparent curtains instead of the advertised 7 ft blackout curtains, and my complaint was rejected despite photo proof. Now a kitchen towel listed as “1 pack (4 × 100 pulls)” was delivered as only one roll. The support process is frustrating because you have to explain the same issue in the app and then again through email and still left unresolved.",26.7.2,0,88
play_c5048f1f-c40e-4eb5-84bf-1f3433d47db4,google_play,2026-07-29T18:36:58,4,If rates are10%less maximum members are following,26.7.4,0,7
play_9006c0e6-003a-4dd4-9e16-6d950b1e4114,google_play,2026-07-29T18:29:43,1,"I ordered pintola peanut butter. they delivery fake product. and when we requested for exchange, they closed the conversation window as well. this company is a fraud company. kindly be aware. they are thieves, we don't have option to talk to if you get damaged or fake items.",26.7.3,0,48
play_3726374e-a2d6-4dc9-8e3f-03b924043268,google_play,2026-07-29T18:26:36,5,very good,26.7.4,0,2
play_a054b1ee-c45e-4454-908e-e01ee6ec6bcd,google_play,2026-07-29T18:23:23,5,good,26.7.3,0,1
play_210ddded-29b6-43af-9b0f-ffddb1057ffe,google_play,2026-07-29T18:23:05,1,scammers,,0,1
play_c76edd26-f207-43b6-9f21-389b44bdc885,google_play,2026-07-29T18:20:45,5,good,26.7.3,0,1
play_12bd722c-b2ca-4378-97a3-b1a2c4629f0c,google_play,2026-07-29T18:18:30,5,zepto provided us very good services,26.7.4,0,6
play_506d22a7-4d71-4cd9-ae93-c57d2f444a49,google_play,2026-07-29T18:11:51,1,repeatedly wait until after checkout to say a product is out of stock. then offer refund only after 7 days. Very unhelpful supprt staff. AI chat support. uninstall,26.7.4,0,28
play_fbc12103-e3b1-486f-9fb1-d23d77785ca2,google_play,2026-07-29T18:03:37,3,"terrible service, this understaffed scam of a company promises 10 minute delivery but ever since rainfall has begun, im not getting my items even after 40 minutes and where is its dark store? its not even 100m away from my place, i use zepto when its urgent but looking at this, id rather grow those crops myself, they complain about rain when there is barely any drizzle, note im not blaming the workers, they r hardworking and its not their fault this review is for the heads not the workers",26.7.4,0,90
play_c0d7faa7-cd61-49bb-a556-cde55727b4a1,google_play,2026-07-29T18:03:12,5,😆,26.7.4,0,1
play_a1345fea-5954-40eb-92cb-36390ce3f987,google_play,2026-07-29T17:58:10,5,nice app,26.7.3,0,2
play_127c86f1-fe1b-4134-9745-ec4d05bef1fe,google_play,2026-07-29T17:57:15,5,The best minutes app I have ever seen ❤️,26.7.4,0,9
play_f91e298e-6b9a-43bc-987b-1a09a4a71497,google_play,2026-07-29T17:49:01,1,"I have ordered personal category apparel on which zepto making terms conditions that they will not refund, replace or return the product once your order and they showing different image of products and deliver me different product styles and saying it will be not allowed to return or exchange they using the trick to fool their customers and breaches trust",26.7.3,0,60
play_60843e77-c7ae-45a4-81a8-c88630cf418f,google_play,2026-07-29T17:47:50,5,amazing app,26.7.3,0,2
play_78880f0a-4162-49d9-ac39-6ec68e4bdc40,google_play,2026-07-29T17:47:04,1,referral code n show kr rha aur jisse me refer n kr pa rha,,1,14
play_4c014269-c70d-46d5-93a0-795951a092f9,google_play,2026-07-29T17:45:58,5,low price fast delivery good experience,26.7.4,0,6
play_92c91e4b-29e6-46d1-b263-96520bb36503,google_play,2026-07-29T17:42:14,1,"My zepto referral link not showing problem,please fix this problem.",26.7.4,0,10
play_b48b00dc-8c45-4bac-8a43-af80a5f3e3b9,google_play,2026-07-29T17:40:01,5,very good app easy to use,,0,6
play_efcc94cb-0de0-4608-b6de-8a6123c7f0c3,google_play,2026-07-29T17:39:40,5,excellent,26.7.4,0,1
play_bcdbaa04-51a8-40a8-96af-9e09f5ddb5b3,google_play,2026-07-29T17:27:43,5,was good,26.7.4,0,2
play_49aee3c5-ae99-430e-aba0-6c199d58d9b6,google_play,2026-07-29T17:23:19,1,worst app ever,26.7.3,0,3
play_99ff6618-259f-4e9c-a96b-583dc958e8a4,google_play,2026-07-29T17:19:56,5,badiya saman milta hai,26.6.5,0,4
play_22c67b56-cf21-4aa7-b7c9-c0db15e5ef09,google_play,2026-07-29T17:01:55,5,best,26.7.4,0,1
play_4fd3c1c8-ae00-49bb-8199-67c2c18c3a40,google_play,2026-07-29T16:53:24,1,"bad service, people not delivering orders and still marked it as delivered bad experience",26.7.4,0,14
play_e38a7701-fa8b-4064-b261-7eac9a73fdb6,google_play,2026-07-29T16:48:15,1,expired products arrived and customer support doesn't give satisfaction about the product and doesn't heat the voice of customer,26.7.3,0,19
play_a15c9f74-939f-45c5-b6f2-33112b01a851,google_play,2026-07-29T16:48:06,1,app is not working in my device,,0,7
play_6e4a09cd-977d-4c26-bc49-ab44310c155f,google_play,2026-07-29T16:44:02,5,very good zepto,26.7.4,0,3
play_4c2b8720-611b-4d72-945c-55da9e920110,google_play,2026-07-29T16:40:38,1,"From my favourite app to deleted it all thanks to your policies , no support and rude behaviour If data is deleted, you are unable to help at all and yes , seriously the bad customer service made me to move to Instamart and big basket",22.8.3,0,46
play_6c733f30-73f3-4714-b834-9802b4ac3e0d,google_play,2026-07-29T16:39:42,1,Costumer Care service is very bad..,26.7.4,0,6
play_bedb4ecd-7372-46db-8d8c-f529403408bf,google_play,2026-07-29T16:32:54,5,so nice,26.7.4,0,2
play_d097619f-4757-4150-94b1-8a0409edc397,google_play,2026-07-29T16:12:10,1,very bad experience 😓,,0,4
play_84a3aca5-6422-43b8-8f93-d8ea4bb9c5f9,google_play,2026-07-29T16:10:15,5,Good catalogue of products available with quick delivery and a lot of payment offers.,26.7.3,0,14
play_8a1851fa-c077-43c2-816e-e5bac2297008,google_play,2026-07-29T15:53:20,1,never deliver order on time,26.7.4,0,5
play_eee4cf88-688a-4f5b-abd6-ce2f68dbcf24,google_play,2026-07-29T15:52:35,1,bad 😞,26.7.4,0,2
play_72474709-1366-40bf-9ce3-a69f04e08c4f,google_play,2026-07-29T15:51:21,1,There is no customer support system.I had ordered serving spoons and returned it at the time of delivery by delivery agent only as the quality was not good.But I didn't get any refund yet.And there was no option for raising the issue as well.,25.8.4,0,44
play_e6c7185a-c812-4e57-891b-85fdf4af128c,google_play,2026-07-29T15:43:46,1,waste of using these application since i had ordered pendrive and the delivery time was expected around 34 min. while zepto warehouse is just 100 mtr away from my house and its 3:34 p.m. i ordered a package at 3:02 p.m. again its taking 30 min extra. very poor and cheap application just going on national television and showing your self that you are one that whole whole needs. 3rd copy of a 3rd copy elon mask there is no option to upload a photo while i am checking the status of order,26.7.4,0,93
play_fb76edb2-4ce7-421f-afc1-d66cc5838ab8,google_play,2026-07-29T15:39:19,1,damage product bheja,26.7.4,0,3
play_7d1264c0-49ee-4375-82f0-42e56432fd32,google_play,2026-07-29T15:38:30,1,zero customer support,26.7.3,0,3
play_514b480b-65f4-498b-b131-ce02b35ebd4a,google_play,2026-07-29T15:34:51,5,excellent,26.7.4,0,1
play_0bc20ba3-1cce-4220-9c9f-54566fed9811,google_play,2026-07-29T15:31:10,1,it's just annoying me it's not placing order,26.7.4,0,8
play_11381b54-bbf8-405c-9548-ada3b7f39bbb,google_play,2026-07-29T15:24:06,4,they should give more discount on every order like they should be give the minimum cart value of rs 50 every time without any handling charges and delivery charges,26.7.4,0,29
play_f853380a-15b6-4fef-bff9-69f567cbd741,google_play,2026-07-29T15:20:14,5,fast delivery,26.7.4,0,2
play_76642631-2266-44f0-8b82-78280bdfa989,google_play,2026-07-29T15:15:36,5,good 👍,26.7.4,0,2
play_fbe9175c-f4b5-413e-a99f-9cd42b19a434,google_play,2026-07-29T15:14:54,1,"Got the very bed experience with zepto, I ordered ice creams from it and that was totally melted and sent intentinally to me from seller, even after asking delivery he said that he said to seller it is melted not eatable but he intentinally send it to me and delivery person it self ask me to raise a complaint, then I raised the complaint but didn't got the solution. Even after E mail to the customer suppert team they denied although I had attached the photo of the product and bill.the worst exp.",26.7.2,0,93
play_f6ceb1e5-15fe-42c5-8299-381abc79f6b3,google_play,2026-07-29T15:14:44,5,very good app with delivery partners,26.6.5,0,6
play_18ad51b5-6ccb-4c01-b4c9-8ec462d76490,google_play,2026-07-29T15:12:44,5,👌,26.7.3,0,1
play_fa15a634-3427-43c2-a6dc-c3570716f4da,google_play,2026-07-29T15:07:26,5,good app fast delivery,26.7.2,0,4
play_dd889e75-b85a-48b8-9cd5-e68e953c5981,google_play,2026-07-29T15:04:00,5,fast delivery 🚚,26.7.3,0,3
play_714d25cb-3e7a-4410-bd31-5f4f10e5a6ad,google_play,2026-07-29T14:53:18,5,super good quality,26.7.3,0,3
play_3fd69dd7-c573-4011-bd3e-52d8dcab7ded,google_play,2026-07-29T14:46:56,1,not available in coochbehar,,0,4
play_9dbb5dac-3fc7-44a9-a03d-c736aeb7cefc,google_play,2026-07-29T14:39:40,1,"Very poor customer support. I kept receiving the same copy-paste response instead of any real help. It's been more than two weeks, yet my refund issue is still unresolved. The chat was closed without resolving my problem, which is extremely frustrating. This experience has been very disappointing",26.7.4,0,47
play_2bad1f59-7a5d-4f10-bb73-dc915d8416f7,google_play,2026-07-29T14:29:54,5,very fastest delivery n product also good,26.7.4,0,7
play_d3200939-9fc5-4147-ae28-9c2b667afca8,google_play,2026-07-29T14:26:39,1,"Zepto is great in scamming people. We ordered Eggoz eggs from zepto. The zepto guys both some local eggs which are the size of peigon eggs, they put those eggs in a box, found a old eggoz sticker, put it on the box (forgot to glue it). now when i try to connect with their customer support their low build app prevent you to do so. BB,Amazon or flipkart is much better",26.7.4,0,72
play_26cca374-4b40-45e3-9d2a-d0c3b19e0afd,google_play,2026-07-29T14:24:08,5,good app,26.7.4,0,2
play_e1bb2044-1231-42c2-bc5e-78a94c4444fa,google_play,2026-07-29T14:22:38,1,very very disappoint app this is useless support has been updated and it's a boat which has 0 communication skills and more over the Waitinh period is about 45 to 50 mins very bad bad experience,26.7.4,0,36
play_07c608e8-7fde-4c22-9bf7-3541293664c9,google_play,2026-07-29T14:22:33,5,best service all items received,26.7.4,0,5
play_46df6bbd-1acb-4be7-9938-9f04f46e0e3b,google_play,2026-07-29T14:17:58,5,very nice,26.7.4,0,2
play_24ca9fbe-363d-4a1b-a3e8-d7ab3b5d8514,google_play,2026-07-29T13:44:24,1,The system is really bad and I always had to go through lot of anxious feeling because the payment stuff is really broke...,,0,23
play_c7196a62-04b5-4afc-9574-d809ad3994ef,google_play,2026-07-29T13:39:53,5,good and quick delivery 👌,26.7.4,0,5
play_8bb3fe68-f357-46a7-b989-0b5c7399d6ee,google_play,2026-07-29T13:09:15,1,to much prices in this case flipkart minutes is best in your choice,,0,13
play_95b6586a-6a90-46b0-8e5e-c821a1b84c51,google_play,2026-07-29T13:07:19,5,"give me my money back,,,it's been 2 days and I haven't received the refund yet. no customer service available what should I do? give me my money back Edit :- Thank you Zepto support team! I have received my refund successfully. Really appreciate the quick response and resolution. Updated to 5 stars! ⭐⭐⭐⭐⭐",,0,53
play_6de1c77e-54c6-4e74-a4ee-a597b8fbaae7,google_play,2026-07-29T12:54:19,5,bestest app ever,26.7.4,0,3
play_631ce66d-876c-487d-8daf-e58d63bcc46a,google_play,2026-07-29T12:51:57,5,🤝,26.7.4,0,1
play_50fa71cd-0274-45e4-9949-7d6d82eb14e7,google_play,2026-07-29T12:46:39,1,"I have had a good experience with zepto for a time, but now, whenever I order an eggs tray, it always has no less than 5-6 eggs broken and when complained of, they say, we can't spot any issue in the photograph uploaded, utterly disappointed.",26.7.4,0,45
play_daf88d3b-a120-45d7-9e55-b5a81eae0f8c,google_play,2026-07-29T12:43:50,1,i have ordered chicken masala Maggie and mango milkshake and tangy kokum sharbat they have delivered only plain Maggie and they scammed my entire amount and customer support is pathetic I'll never order again from zepto.,26.7.3,0,36
play_9970a8f1-7ff5-4652-9918-e738357a25e4,google_play,2026-07-29T12:40:51,5,very good quality,26.7.4,0,3
play_d34194d5-d967-4ff3-8e17-7558e885a186,google_play,2026-07-29T12:34:17,1,"DO NOT ORDER FROM ZEPTO customer will if zepto makes a mistake, make the customer waiting endlessly, no damn customer support, you are on your own",26.7.4,0,26
play_9e94ef74-e356-429b-8be4-18ba263b3490,google_play,2026-07-29T12:24:11,1,zepto is totally fraud app.,26.7.4,0,5
play_4dd901ce-41fe-41e3-97e4-f8681bd30d0c,google_play,2026-07-29T12:17:54,1,zepto chor hai mere 362 rupaye wapas nahi diye,26.7.4,0,9
play_8f27b9c5-3a52-412c-8c40-2cf4561bbe83,google_play,2026-07-29T12:15:35,1,initially services was so so good but now the service is not that good and the customer care is very bad no response no refunds not whole orders delivered only give few products wrong products on complaint they didn't do anything,26.7.2,0,41
play_3aedefff-9dbb-4752-a0b7-8702446215b9,google_play,2026-07-29T12:12:45,5,best app,26.7.3,0,2
play_bf89d031-1b3e-441d-b994-6627f36891fc,google_play,2026-07-29T12:07:30,1,"worst products... product was expired and caused food poisoning, they are killing people by distributing poison to society.... please choose other delivery apps to get a good service,product and satisfaction..",26.7.2,0,30
play_b9be2dda-236a-4aef-9b4a-1e8153fad829,google_play,2026-07-29T11:46:27,1,"Long‑time Zepto customer here, but shocked at their outdated CRM. In 2026 they still use mobile & e-Mail as unique IDs instead of proper Customer IDs. Customers naturally change numbers and emails, yet Zepto blocks updates and hides behind scripted empathy and pointless calls. My June 29 escalation got only a “Have a Good Day ahead” reply – a mockery, not support. Previously, too, I have faced issues with but thought over a period of time they will change.. but 👎 now we know that they won't",26.7.4,0,87
play_e5086bb1-0cfa-4c28-8411-2c02af6dd00b,google_play,2026-07-29T11:46:02,5,nice.,26.7.4,0,1
play_3667d7e5-5641-4792-be71-fc0619243ccb,google_play,2026-07-29T11:38:41,1,"Very poor service. If you order 1 kg of onions, you may receive only around 900 grams. The same issue happens with many fruits and vegetables. They also frequently deliver the wrong products, and it's common to receive rotten or poor-quality fruits and vegetables. Customer support is also disappointing. Based on my experience, I would not recommend Zepto. They need to improve their quality checks, delivery accuracy, and customer service.",,0,70
play_11a9bdc2-33db-43d1-837a-01ea065de505,google_play,2026-07-29T11:37:36,5,very good service,26.7.3,0,3
play_20307908-2d21-4b2a-84c7-ef5a332d120e,google_play,2026-07-29T11:31:34,1,"received stale cauliflower and less amount of tomato, raised this issue with support but refund got denied.",26.7.4,0,17
play_22e6bdd8-e322-4b41-91f8-faa9df7150d2,google_play,2026-07-29T11:31:08,1,blinkit is better than zepto,,0,5
play_d49e7303-720b-4697-b2d9-4ba7d297408c,google_play,2026-07-29T11:27:31,1,Nowadays orders always come late.. they show 10 minutes and arrive after 20/ 30 minutes.. if it keeps going I won't order anything for zepto now . and change to another platform for sure,26.7.4,0,34
play_4a6629f8-b759-43f1-8993-012ecf69deaf,google_play,2026-07-29T11:21:18,5,"worst experience,if your money deducted they will not return,",26.7.2,0,9
play_e4b03c52-b752-446a-b029-f412b0768f2d,google_play,2026-07-29T11:18:54,5,good in delivery,26.7.3,0,3
play_a24bb2c3-c303-4303-a81d-326e6513b809,google_play,2026-07-29T11:17:58,3,the delivery time takes around 20mins in the morning at 10 o'clock but the price of the products gets too high sometimes,26.7.4,0,22
play_045704f2-0c08-47b3-9652-9b4ca5610577,google_play,2026-07-29T11:14:28,5,good quality reasonable price and quick delivery,26.7.4,1,7
play_4de3e06e-ecab-4220-a208-66a00d8540e8,google_play,2026-07-29T11:10:09,5,"Great at every aspect weather it is items , services or the behaviour of their delivery partner,, too good,, keep it up,, may God bless you guys who are behind the service of Zepto,, Thank you 😊",26.7.4,1,37
play_630ad455-49fd-44f1-8470-6029dff7326b,google_play,2026-07-29T11:09:10,1,"I ordered dates from Zepto, but they were spoiled and smelled bad. I requested a return, and the delivery partner picked up the opened package as instructed. My refund was processed, but later the delivery partner told me his account was blocked because he accepted an opened return. This is unfair. Customers need to open food items to check quality, and delivery partners shouldn't be penalized for genuine returns.",26.7.4,0,69
play_e59a4d69-14d1-4a67-8b8f-171c5b1930db,google_play,2026-07-29T10:56:19,1,worst worst worst there's no customer service available even they now don't reply on twitter too,26.7.4,0,16
play_fc82724e-d2bf-47c1-a98a-913718e7de68,google_play,2026-07-29T10:44:22,5,fast delivery,26.7.3,0,2
play_627b2126-78c0-4094-abcd-3be9b9a6e3d6,google_play,2026-07-29T10:43:36,2,"zepto expired product deta hai. maine ek chai patti order ki thi wo expire thi, or uska test bohot kharab tha. plz expire product mt bechiye",26.7.4,0,26
play_2557beb7-952d-4707-a116-b806109885eb,google_play,2026-07-29T10:40:49,1,Once you click on order by mistake. Their AI agent will not let you cancle the order. Even if it is after 2 second of accidentally placing order. It is a big scam,26.7.4,0,33
play_2932f50e-dde1-4931-ae11-75d6c85c5856,google_play,2026-07-29T10:36:26,5,very nice 🙂,26.7.4,0,3
play_93b60ff1-9434-4d35-ad42-846aa0e2a60c,google_play,2026-07-29T10:33:22,5,good,26.7.3,0,1
play_0a2954e1-0ea3-4a0b-945f-9abd0379b574,google_play,2026-07-29T10:21:21,1,worst app... I had placed my order and they made me wait for half an hour and then cancelled my order... not only once but not it became a habit of these people,,0,33
play_c74f7f2a-2455-4c97-a00b-eddcc9598f56,google_play,2026-07-29T10:18:18,5,best,26.7.4,0,1
play_ced4afc5-1f71-4eb5-af62-bbde8fb2d06a,google_play,2026-07-29T10:14:22,1,"I am uninstalling the Zepto app from my mobile today. Because, in Nashik, my friend received expired bread from Zepto. This is a very serious and concerning issue for me. If expired bread can be sold, then it cannot be ruled out that other expired products may also unknowingly reach customers. When it comes to food items, any compromise can be dangerous for health. Therefore, I humbly request every customer to always check the expiry date of food items received through online or delivery orders.",26.4.6,0,85
play_9514edca-c0fb-4c33-8dec-6b14dbc101d0,google_play,2026-07-29T10:08:02,5,Great platform 👍,26.7.4,0,3
play_bc8ece00-472a-4605-8515-a69556cd9f46,google_play,2026-07-29T10:07:58,5,😘,26.7.4,0,1
play_8144f90a-2878-4cb8-8eeb-ed65004f47ae,google_play,2026-07-29T10:06:58,1,these people have been sending foul products from my last few shopping experience. I randomly order this app as much as every second day. they either send a torn or mice eaten packages or different one. no pickup otp to ensure the parcel is in right hand. poor customer support on complaints. zero rating.,26.7.4,0,54
play_246a7963-0790-4e81-b0c5-a5e0189e6dd5,google_play,2026-07-29T10:06:51,1,unhygienic app to order.,26.7.1,0,4
play_69d7094d-28f0-4613-ab7b-0d1377a94ea2,google_play,2026-07-29T09:50:41,5,very good 👍,26.7.4,0,3
play_f5760c85-857d-4fd6-af84-daf287e9ad8b,google_play,2026-07-29T09:49:06,5,Ok good ok,26.7.4,0,3
play_e12c2122-d44b-47d7-8730-9b4e7f5c6f56,google_play,2026-07-29T09:42:06,5,Good service but still some products not available in it.just like buffalo milk,26.7.4,1,13
play_0837961c-0a97-4aea-80a0-83876104593e,google_play,2026-07-29T09:40:51,5,nice 🤠,26.7.4,0,2
play_e6e142cd-2c5e-439e-8279-7197d379016c,google_play,2026-07-29T09:40:08,5,nice,26.7.4,0,1
play_b1d70d99-17f4-4851-9b56-9d6e74b6f5f7,google_play,2026-07-29T09:40:08,2,Always fake delivery time estimates. Just show actual numbers or get better at estimation.,26.7.4,0,14
play_f1906267-aeda-4e4b-b668-fb13c2015c21,google_play,2026-07-29T09:34:33,5,good service 👍,26.7.3,0,3
play_012812f8-133d-42ec-a4cb-34f28bb2032b,google_play,2026-07-29T09:33:55,1,very bad plateform,26.7.3,0,3
play_108370f1-aef8-492c-8497-d7a5dc1c95f7,google_play,2026-07-29T09:32:42,5,service fast and toys bad discount items,26.7.3,0,7
play_207c69ee-f669-43ad-84ed-0672034ffc3d,google_play,2026-07-29T09:30:53,1,"Mr. Zepto Owner @Aadit Palicha and @Kaivalya Vohra, don't lie with customers, if you not possible to deliver within the time. don't commit anything. it's worst delivery partner.",26.7.3,0,28
play_6b14b0ec-6c1f-4546-90f4-fb14e274cdf5,google_play,2026-07-29T09:25:35,1,"Very disappointed with Zepto. I paid for my complete order, but my coriander powder was missing. When I contacted customer support they simply claimed the order was fully delivered and refused to investigate, deliver the missing item, or issue a refund.If customers pay for every item, they deserve to receive every item/get a refnd for anything missing.This experience has made me lose trust in Zepto, and I have decided to uninstall the app. Please check your orders carefully before accepting them",26.7.4,0,81
play_a8554f19-a3fd-4cf8-8af2-030b1dcba7d6,google_play,2026-07-29T09:22:25,5,good service.,26.7.4,0,2
play_d36cc85c-1e8c-4786-8293-5d6b9ac72675,google_play,2026-07-29T09:17:36,5,very good 👍💯💯💯,26.7.4,0,3
play_84f41c40-070b-48f8-a43b-dfe4003c7b86,google_play,2026-07-29T09:17:11,1,time to uninstall or boycott zepto as they rise free delivery charge 100 to 150 ye log yese hi krte hai phle sasta deke aadat lgvate gai phir peice bda dete hai,26.7.4,0,32
play_a8fc68cb-310c-4e60-ae5d-b6796ad763c0,google_play,2026-07-29T09:13:48,1,They don't have any customer support associates or any way to help the customers.,26.7.4,0,14
play_00c37166-d233-46bb-b115-c17fc4a24b61,google_play,2026-07-29T09:09:47,1,"this app are very bad, everything this app give is bad and it smells bad, I complain about every product but there is no response, they stop me, don't use this app.",26.7.1,0,32
play_20b66182-ed1f-455b-8077-bed3ea2fa687,google_play,2026-07-29T09:01:24,1,The timelines are not at all correct. always late and never take corrections and cancelled orders,,0,16
play_53d8203f-5d3c-4cac-a8dd-edb1aa0acb2b,google_play,2026-07-29T08:56:29,5,good but no discount available,26.7.4,0,5
play_cf2d74be-6ff3-4458-b163-77127d8ea0d4,google_play,2026-07-29T08:47:13,5,good,26.7.4,0,1
play_dc79e4e0-cbc1-4266-b345-b05e66c204ae,google_play,2026-07-29T08:45:26,1,ye fraud krta hai app bich bich me,26.7.4,0,8
play_bbc0c6d0-ad1a-4d05-a9df-d27c340e9e17,google_play,2026-07-29T08:37:22,4,good product and timely delivered,26.7.4,0,5
play_27605eba-9537-4a34-bc6a-23bd86b89679,google_play,2026-07-29T08:37:03,5,very nice,26.7.4,0,2
play_ac64513e-454c-4173-9846-4b0e16d53ec1,google_play,2026-07-29T08:36:49,5,very fast service,26.6.4,0,3
play_8e7cce16-858b-4be2-96b1-fe8dab00a007,google_play,2026-07-29T08:33:23,1,Hell with ur feedback....u are telling me to bear the loss for my choice of choosing zepto....thx for ur time ....n good bye for ever ....back process .....we r giving u business n ur telling cust only to beat the loss for choosing zepto .....great ....ur truly amazing....ur looting cust money by delivery the rotten stuff to cust ...using us to hear ur losses......well organised ur....loosing cust money ....great work team....I prefer to give zero rating,26.7.4,0,76
play_4a82f5b3-f1b3-4809-8049-b9061fa088cd,google_play,2026-07-29T08:26:39,1,Delivers Damaged and outdated products most of the times and don't even accept then return or replace. No option for refund also.,,0,22
play_6c6bac28-c8d6-4956-8fdd-57916e35b63d,google_play,2026-07-29T08:17:19,5,good,26.7.4,0,1
play_9d73daa4-32cb-4856-aff1-5a897948220b,google_play,2026-07-29T08:12:28,1,"Such a worst experience. I waited for almost 50 minutes for my order. When I contacted customer support, they said they couldn't cancel the order or process a refund. After waiting another 10–15 minutes without any resolution, I had no option but to cancel the order myself. Extremely disappointing service. I won't be ordering again.",,0,55
play_7bc3e653-30e3-4288-aae1-b30060ca0417,google_play,2026-07-29T07:50:36,5,bohot jaldi delevari ho gai usake liye tq,26.7.3,0,8
play_f5c8aa45-d688-4144-9da3-4da5125c9ab4,google_play,2026-07-29T07:48:50,5,Great,26.7.3,0,1
play_82ee674b-17fa-40ab-9b0a-7a99c01a84ba,google_play,2026-07-29T07:46:09,1,"Quality of fruits and vegetables are rotten, very poor quality, cannot be consumed, spoilt, softened, raw, dried, blistered, water logged, dirty. Their customer support is non existent. Earlier there was return/refund option, but now they deny refunds. Never order from Zepto, try FirstClub app, they have best quality fruits and veggies and they deliver it with amazing quality, brilliant packaging and care.",26.7.3,0,62
play_c4531b8f-0213-4d35-b95b-87a46a55839c,google_play,2026-07-29T07:37:47,5,nice,26.7.4,0,1
play_73633685-e732-4f61-ab8d-2fabddb8308e,google_play,2026-07-29T07:36:28,5,ok,26.7.4,0,1
play_efad5383-91bc-4fcb-9293-f71812d810fb,google_play,2026-07-29T07:35:39,1,1 star due to untrust of agent to the customer,26.7.4,0,10
play_8598ea2f-e09c-4484-a284-33a96944e772,google_play,2026-07-29T07:32:15,5,fast delivery,26.7.3,0,2
play_3125fb18-1049-47e8-854c-2f9a7d8e56c1,google_play,2026-07-29T07:13:15,5,great app.,26.7.4,0,2
play_39295635-30c6-4fb3-beb6-c8cb46d36c4b,google_play,2026-07-29T07:07:57,5,super,26.7.3,0,1
play_5ab8b6d4-581e-407a-954a-7e0307d517fd,google_play,2026-07-29T06:46:38,5,zepto mein bahut acchi deals milati hai,26.7.3,0,7
play_722608ad-4b8e-475b-a8c4-b9a179dbfd99,google_play,2026-07-29T06:36:46,1,i ordered kitchen item the product has got damaged and I asked the support team for replacement or return he said not possible service worst resolution ever please check the all orders before delivery before sharing OTP not recommended worst service,26.7.4,0,41
play_671a8e79-7a16-4869-bc9f-5a1908de526f,google_play,2026-07-29T06:32:05,5,Nice,26.7.3,0,1
play_cad257f8-e9eb-4ddb-ac81-1451666d7b1d,google_play,2026-07-29T06:00:52,1,Hello i have ordered this item dadis badam ladoo 5 Packets I have recieved 4 correctly 1 i have received the wrong product i have already sended you the image in the email i have received the product of another company lal motichur ladoo so hows the product is same do you people see the email properly .Call me if you cant understand it,,0,64
play_fff6714f-8f23-4828-9fb6-6d4326d67e97,google_play,2026-07-29T05:41:03,5,good,26.7.2,0,1
play_ba70c077-067f-40c1-9e9e-47c6e6aa451c,google_play,2026-07-29T03:29:04,1,"This is worst app for fast delivery, As they assured for delivery within 7 to 10 min but time lapse to hours and their estimated time is still 2,3 minute. This is Baba Adam time delivery time app in this era. Totally worst experience.👎👎👎",26.7.3,0,44
play_7160558c-1836-4a49-839b-17837b0281d1,google_play,2026-07-29T02:55:52,5,good,26.7.3,0,1
play_038c2ec4-904a-4dc5-889f-ad1944b66919,google_play,2026-07-29T02:32:10,1,they are not going help with poor quality products. bad experience. Can't trust zepto anymore,,0,15
play_a77841a9-2d9c-4a2e-85bb-96ec84cc7de7,google_play,2026-07-29T02:24:22,1,শাকসবজি এবং ফল সম্পূর্ণ পচা ও ব্যবহারের অযোগ্য অবস্থায় ডেলিভারি দেওয়া হচ্ছে। কোনো return or exchange dichena. Vegetables and fruits are being delivered in a completely rotten and unusable condition.,26.7.4,0,30
play_6b880191-e806-47a2-8c69-30f13fc55b12,google_play,2026-07-29T02:22:17,1,app not working,26.7.4,0,3
play_aff5eb1e-b643-4fde-88b6-fe626f33a94e,google_play,2026-07-29T02:18:43,5,Good 💯,26.7.4,0,2
play_757a162d-0870-420d-9fee-358e37916fad,google_play,2026-07-29T02:07:29,5,bohot acha,26.7.3,0,2
play_cdc91a95-514f-4111-a172-e4ff37aff2c8,google_play,2026-07-29T01:33:07,5,good for everyone,26.5.2,0,3
play_9e24fe79-64be-4dc7-ab1e-412a8d6cdf78,google_play,2026-07-29T01:25:40,5,😊😊😊😊😊,26.7.4,0,1
play_c8b3a635-38a2-4ee9-8df6-e937ccbfca5a,google_play,2026-07-29T01:09:38,5,super,,0,1
play_e18fa3c1-9c88-4305-9f9a-4c2e12fa5aef,google_play,2026-07-29T01:00:56,5,good good service fine product t-shirt and lower,26.7.2,0,8
play_d92189d3-22ec-4521-885e-e76552bc9d55,google_play,2026-07-29T00:49:52,4,Good,26.7.4,0,1
play_7d2dbec3-2050-4eda-b255-247609caca0c,google_play,2026-07-29T00:32:05,1,order canceled u only ur doing bad service,26.7.4,0,8
play_bfb87b6e-c044-47e4-b520-c4c5043e2e5f,google_play,2026-07-29T00:24:45,1,i ordered three items but I received only 2 and your service are telling me that I have received all items if you can't solve the problem why you have zepto services of you can't give proper solution than don't make any help services really worst experience and my money is wasted no proper solution I got going to uninstall the zepto useless services really disappointed,,0,66
play_b3862118-247e-4b39-a785-b7256385d8cf,google_play,2026-07-29T00:17:29,5,on time delivery,26.7.4,0,3
play_79b6398e-2e94-4157-ac61-98e6c399a6f2,google_play,2026-07-29T00:14:38,5,🙏,26.7.3,0,1
play_f8e292d6-e7f8-4d73-a502-7650c97cbded,google_play,2026-07-29T00:10:42,5,good zepto,26.7.4,0,2
play_1bd55451-2a83-4139-afa6-8728a637e2eb,google_play,2026-07-29T00:08:10,1,worst experience always get expire milk,26.7.2,0,6
play_d6595f0e-f805-415c-ada2-d5564f2cc848,google_play,2026-07-29T00:06:56,1,pathetic service they dont even have chat support which can help. i received completely different order and there was spillage and when i raised the complaint through app (attaching the images) and app just said mail your query. when i did that the reply i got was we can not take this issue forward. very bad service. after sending mail when i wrote this review they again say send your concern on mail.,26.7.4,0,73
play_04dc687e-3b40-412e-8fe5-7a4bea4761bd,google_play,2026-07-28T23:57:31,5,wow,26.7.4,0,1
play_91dbec50-5d2b-437a-8634-57b1b3c03eb6,google_play,2026-07-28T23:52:30,5,good,26.7.4,0,1
play_b26e6381-65eb-4378-bff0-185ecaee810b,google_play,2026-07-28T23:48:42,1,"On 28 Jul 2026, Order #OHVLJHDRQ03221 (₹385.45+₹99 membership=₹484.45 total) was cancelled after ₹99 Club Membership payment. Delivery agent lacked location awareness. Instead of reassigning to an agent with thorough location knowledge, Zepto cancelled and refused to refund ₹99 fee. After taking membership, this complete failure is disappointing. Collecting priority delivery fees, failing to deliver, and refusing refund is taking customer money without service. Zero accountability.",26.7.4,0,65
play_77929462-de2b-41a6-a27c-8c39f2a1a20a,google_play,2026-07-28T23:48:42,1,I have never seen a more filthy app than this.,,0,10
play_574d916e-6ffc-479c-af7d-349768520490,google_play,2026-07-28T23:45:08,5,EXCELLENT,26.7.3,0,1
play_c5eecff9-4ebf-449a-a1e1-c2581c357f1c,google_play,2026-07-28T23:42:17,5,thank you 👍🏻,26.7.4,0,3
play_7a860183-88ff-401d-90e9-4cd0b0e9be26,google_play,2026-07-28T23:40:01,5,nice pordck,26.7.2,0,2
play_efdffcf2-0ab2-4441-938d-b1bde00c0136,google_play,2026-07-28T23:36:59,1,wrost customer service ever I m trying to raise issue and you guys closing my chat again and again not able to complaint,26.7.4,0,23
play_f3ac8e78-2428-4c8a-8a17-66ad0898327c,google_play,2026-07-28T23:32:43,5,Best Delivery App,26.7.4,0,3
play_b352113d-11db-4214-a1ed-4ade5963aa75,google_play,2026-07-28T23:30:47,1,fruad,26.7.4,0,1
play_6b3756b7-2dbc-41c3-b6d8-9d74de258a00,google_play,2026-07-28T23:26:56,1,"I am very disappointed with both the quality of the products I received and the customer service I experienced. The vegetables delivered to me were completely rotten, spoiled, stale & not fresh. I received vegetables that were not fit for consumption. I immediately contacted your customer support through the chat to report the issue. Also shared the proper images but they didn't resolve my issue and asked me for an email. where also my issue didn't resolve. They ignored my images & response.",26.5.1,1,83
play_969a5efb-9734-4a6d-981c-61ba2612e889,google_play,2026-07-28T23:26:09,5,good,26.7.2,0,1
play_8d0163f2-ead4-4417-9f6d-f4526007a07d,google_play,2026-07-28T23:23:15,5,good five star,26.7.4,0,3
play_73561dee-cc32-4169-af42-71d0c8399bdf,google_play,2026-07-28T23:17:10,5,very good,26.7.3,0,2
play_645dc6a1-a39e-4066-bcf5-87f560b4f161,google_play,2026-07-28T23:15:57,1,not able to open application. getting closed automatically.,26.7.4,0,8
play_5a10da2b-d75a-4453-9177-b556eb1f1e69,google_play,2026-07-28T23:12:44,5,good,26.7.4,0,1
play_f0056307-6851-42ee-8171-9edc0a5f4b05,google_play,2026-07-28T23:12:15,5,good,26.7.3,0,1
play_29419235-e9f6-4257-803a-60ea47d3a199,google_play,2026-07-28T23:09:25,5,im really happy,26.7.4,0,3
play_ab5c88bd-fff6-4e3b-94c9-303b69ed4c00,google_play,2026-07-28T23:01:55,1,no response very delay the order,,0,6
play_0f89ee46-fede-44fa-b5fd-3680dfe84512,google_play,2026-07-28T23:01:54,1,they are scammers so be aware before ordering. If you order please make sure you check each and every item before letting the delivery person go. Else customer support will only give you automated replies. Cthoice is yours.,26.3.1,0,38
play_6dc1f534-b9fc-40a6-831c-f2de00c534a6,google_play,2026-07-28T23:00:52,1,Zepto Delivers faulty product and they will put the blame on the customer,26.7.3,0,13
play_2810c46e-e6fd-4f23-8e7f-f55c5a9ea644,google_play,2026-07-28T23:00:00,5,excellent un,26.7.3,0,2
play_229521d7-0074-42d0-8e65-c4dcf2e0a85f,google_play,2026-07-28T22:58:36,1,"I had ordered a protein shaker bottle. The bottle was leaking so I raised a complaint on the app along with videos clearly showing the leak. I got a BS response that they're unable to identify the defect. Doing the same thing 3-4 times to no avail. I mailed, and received a copy paste msg sent on the app. Is the company not concerned enough to manually check the problem?? NEVER USE THIS APP, INSTAMART IS BETTER THAN YOU BS ZEPTO.",,0,81
play_baea8a07-f4d3-46df-96fe-e942bd3116f0,google_play,2026-07-28T22:55:10,5,Good n Fast,26.7.3,0,3
play_c4506526-cfc0-4c7b-8acd-6ca570702ca8,google_play,2026-07-28T22:52:48,1,so bad,26.7.2,0,2
play_4aceb65b-d7d7-4140-8f86-bdf6ed1caa60,google_play,2026-07-28T22:52:00,1,very baddd app ltakes 20rs off handling charges at evry time are they brinning truck or celebrity for handling charges,26.7.3,0,20
play_9b57c779-12f2-49f9-82bc-39d348f914d9,google_play,2026-07-28T22:50:33,1,bahut ghatiya ye jo bolte h krte nhi inka item glti se apne ek br payment kr di to refund or exchange ka option dene k bad bhi exchange nhi krte,,0,31
play_4e245665-0d1b-401a-a309-f797e96c88a2,google_play,2026-07-28T22:46:58,5,very good experience,26.6.5,0,3
play_3053c65a-8b9f-4cc2-94cd-85a25d6a5390,google_play,2026-07-28T22:46:25,1,sabse wahiyat app Hai yah,,0,5
play_66c2b1a9-ade4-4ce3-8aa9-867e44177cab,google_play,2026-07-28T22:42:54,5,nice,26.7.1,0,1
play_744bdaa4-0509-42ee-b99e-0de254e2167d,google_play,2026-07-28T22:37:22,1,fruit not quality wastage pees received 3 pees also waste,26.7.3,0,10
play_a1a08f29-fce9-4363-bab3-44659f948807,google_play,2026-07-28T22:36:25,5,reduce the price that of someone buys item of 50 then you will not charge delivery on them,26.5.4,0,18
play_e2592b2d-16ad-4cd7-91b5-1e4b1b437cbb,google_play,2026-07-28T22:36:05,5,good delivery my favourite app,26.7.3,0,5
play_0752979a-afa2-4a77-b356-8e4cac82dbfd,google_play,2026-07-28T22:34:19,1,worst app,26.7.1,0,2
play_40b6a8f8-c535-4e24-afd0-1f590d3de33d,google_play,2026-07-28T22:28:19,1,received a spoiled product and Unable to attach the video of the product as well and there is no customer service contact number as well and how are we supposed to get this fixed the product was a surprise gift and yet it spoiled everything,26.7.4,0,45
play_7560fd3b-8963-46f8-a507-b7ff00ca94f0,google_play,2026-07-28T22:26:15,1,very bad sarvice,26.7.3,0,3
play_ac0db49d-943c-4170-a393-6a5c47f4878a,google_play,2026-07-28T22:16:58,1,this app dont provide instant delivery and gives scheduled delivery....also this app dont provide changes like recievers information as mobile no. written wrong...worst ..no any customer service ..not satisfied they should improve as it was before ...or close this app permanantly,26.7.3,0,41
play_f605187e-b7a5-4fcf-b724-077ad69835af,google_play,2026-07-28T22:12:45,1,"Lots of hidden dark patterns to fool users. items not available still they show on the app, and later ask you to cancel the order, such a horrible experience.",26.7.4,0,29
play_e705e76a-d93f-4dd6-a3ef-193156dafdc3,google_play,2026-07-28T22:12:23,5,excellent,26.7.4,0,1
play_a88b7758-706e-4258-8da2-793f39be5e0a,google_play,2026-07-28T21:59:41,5,super app for Home Delivery fast very Helpful and Reasonable price,26.7.2,0,11
play_93c5c3f5-adb9-4cdd-bebc-cf1d73c00e0d,google_play,2026-07-28T21:57:10,5,OVER ALL GOOD,26.7.3,0,3
play_5b3be1a3-7984-493a-bffe-540d7f4d9baa,google_play,2026-07-28T21:54:31,4,good,26.7.3,0,1
play_b98ea53d-4b92-44f2-b4b4-67995015d79c,google_play,2026-07-28T21:52:17,5,very good delivery partner... used to come till doorstep,26.7.3,0,9
play_8ea38590-26ab-445c-800b-0ec6b7bf27dd,google_play,2026-07-28T21:45:45,4,unhygienic packaging,26.7.4,1,2
play_a590b5b7-22dc-4df5-b53e-85a3e3dafc28,google_play,2026-07-28T21:41:58,5,good,26.7.4,0,1
play_039b11e7-1000-4e55-8f95-f0362e52021f,google_play,2026-07-28T21:38:45,5,good 👍🏿 👍🏿 👍🏿,26.7.4,0,4
play_9288ea4d-218b-4b2f-b5c8-810adba77bca,google_play,2026-07-28T21:37:27,1,"AVOID THIS APP AT ALL COSTS. These people are scammers, plain and simple. I've been ripped off by them multiple times, and I'm done staying quiet about it. The latest scam? I tried to return a product that was 100% eligible under their OWN return policy — the one THEY wrote — and they flat out refused. When I demanded an explanation, all I got was a dismissive 'No reason.' No reason?! That's not customer service, that's theft with extra steps. Don't waste your money or your time.",26.7.4,0,88
play_06486d21-b9ef-47d5-99ad-4165833e2935,google_play,2026-07-28T21:34:15,5,good,26.7.4,0,1
play_fd73b2f4-a70f-484d-b090-0a2b6472fe00,google_play,2026-07-28T21:21:24,5,excellent service,26.7.3,0,2
play_5564760d-9274-4fb5-b142-64d2f9ec6e86,google_play,2026-07-28T21:20:30,5,parle rusk order Kiya andar se pura crush huva aaya or nahi replace karke de rahe refund to nhi chahiye esi aap use na kre customer care sarvice bilkul ghatiya he so is application ko use na kare 🙏🙏,26.7.4,0,39
play_f4570be8-f06e-4421-a1d0-b9e070bed3ac,google_play,2026-07-28T21:19:53,1,terrible customer service.... I got rotten vegetables and I am unable to upload pictures of that in there so called customer support.,26.7.4,0,22
play_e4d23392-502d-44d6-965c-5cb306b6b5e3,google_play,2026-07-28T21:15:13,5,katai tahalka banaya Hai jisne bhi banaya Hai,26.7.2,0,8
play_d8ad3f4b-91c4-4306-9585-e3d6357d3dea,google_play,2026-07-28T21:14:53,5,mind-blowing,26.7.3,0,1
play_80498a44-7fdb-4d0d-aa2b-19d23323ae66,google_play,2026-07-28T21:13:39,1,rider ka behaviour bht hi bekar h maximum rider well behave ni karte online shopping insaan apni sahuliyat k liye karta h koi prblm. me hit h bahar ni jaa pata isliye or inke rider sahi jagah pe delivery b ni karte jo building me rhta h wo agr niche ni jaa sakta to ye log uski delivery bina confirm kiye customer se delivery cancel kr dete h,,0,68
play_2333d583-b1ca-4106-9255-3aa97c1a80e2,google_play,2026-07-28T21:10:39,5,good,26.7.3,0,1
play_c2ad807d-d447-45ee-b4f5-5fd3107bb34a,google_play,2026-07-28T21:09:24,4,good,26.7.4,0,1
play_98a68257-74c6-4bfc-9086-6c6bd2f38c07,google_play,2026-07-28T21:06:22,1,"fraud app , They guys are providing Damaged product asking for return & refund ...Only drop.message it was delivered intact condition what intact condition fraud app Don't Buy....",,0,28
play_f3b39ebd-cdfa-4f5f-ada0-420f7b9ddbea,google_play,2026-07-28T21:00:55,4,nice 👍,26.7.3,0,2
play_cf54000f-6104-4209-bcca-d8085065a07e,google_play,2026-07-28T20:57:05,2,The zepto team had no clear check and I had season order buying dirty and please Do the zepto team reasonability important check clear New please check honestly,26.7.3,0,28
play_c2f8a056-a297-4978-8295-d802464d8241,google_play,2026-07-28T20:52:15,5,v good,26.7.2,0,2
play_adb48bf5-63ca-4bf5-870e-9221c2dead85,google_play,2026-07-28T20:34:14,5,fast delivery app,,0,3
play_cbd9a830-2a63-4ebd-b81b-52cf2a79cbe9,google_play,2026-07-28T20:30:26,5,very fast delivery thankyou for zepto this is my first orders for the zepto,26.7.4,0,14
play_fede44c6-bc7b-4bcc-9780-9f3e2ff2abdb,google_play,2026-07-28T20:29:22,5,fast service,26.7.4,0,2
play_d48e2d27-0439-4ba4-9e4c-1de23e8c9afb,google_play,2026-07-28T20:25:31,5,thank you so much 🙏🏼🙏🏼🙏🏼🙏🏼🙏🏼,26.7.3,0,5
play_caf6580a-1aa6-44b1-8330-e64c01d33e2e,google_play,2026-07-28T20:21:40,4,less discount but fast. delivery,,0,5
play_e0881600-94fa-4b59-9093-96f66c34b3ad,google_play,2026-07-28T20:18:01,5,very good👍,26.7.4,0,2
play_f94bd95b-e328-44f9-8387-dd91a1a7bd9a,google_play,2026-07-28T20:17:37,1,not responding to email regarding refund,26.7.4,0,6
play_77240ffd-2927-419a-9cfc-1a70cc9076e5,google_play,2026-07-28T20:16:11,5,good app,26.7.4,0,2
play_51eed477-6823-4d47-b1fa-30362174aa25,google_play,2026-07-28T20:16:03,1,I returned an item delivery partner deliberately not picking calls and marked it as cannot pickup. if it is not solved I will file a lawsuit,26.7.4,0,26
play_3a59d9db-7863-4c40-8cbe-1c70377261ea,google_play,2026-07-28T20:11:56,1,"very very disappointed by their irresponsible response upon fraud activities and cheating, every time I ordered grocery or items from their cafe or the grocery section every time one or two products are faulty sometime expired sometime half some time totally rotten",,0,42
play_ca8ac9ab-bb6b-41aa-a9b3-f125f55a2306,google_play,2026-07-28T20:10:56,1,one of the items.was not delivered I raised a complaint even in app it is blowing not delivered but still when I raised complaint they said we cannot do anything it not our fault that's why blinkit is comparatively much better than zepto zepto is a theif scam,26.7.4,0,48
play_74345ceb-178f-4c01-b567-f3a9930df90f,google_play,2026-07-28T20:06:05,5,very bad service,26.6.2,0,3
play_dd904dd3-5099-4a5c-939f-9a6cb4cac9a8,google_play,2026-07-28T20:05:09,5,quick delivery,26.7.4,0,2
play_f2f33bcb-56fd-4511-86a4-bf9e5caa931d,google_play,2026-07-28T19:59:23,5,v bad dilvary boy,26.6.4,0,4
play_e280207e-9901-4c64-b67a-76724cb2ae95,google_play,2026-07-28T19:57:26,5,fast delivery,26.7.4,0,2
play_080bafe6-9ebf-4b2d-b995-42fd26e4e213,google_play,2026-07-28T19:57:19,5,good,26.6.1,0,1
play_e5255cc7-c08d-4d13-8663-2a561b88e395,google_play,2026-07-28T19:54:32,5,mujha mushroom khafi kharab nikla hai fresh not have black black dikh raha hai,26.6.1,0,14
play_4f7c1a99-c910-4694-a7c4-f03cea5c6866,google_play,2026-07-28T19:52:22,1,does not even have a sort feature,26.7.2,0,7
play_2312cbc1-c9f8-46ff-a3da-7b9a94113b70,google_play,2026-07-28T19:47:57,1,"Absolutely terrible experience! Once you place an order, you're completely abandoned. If anything goes wrong, there's no proper support, no option to modify the order, and not even a way to cancel it. It's like they expect every order to be perfect, and if it isn't, too bad! A company that doesn't give customers even the most basic control over their own orders clearly doesn't care about customer satisfaction. I wouldn't recommend this to anyone.",26.7.3,1,75
play_84f252c9-3164-49df-9fe3-eb9be1f42c36,google_play,2026-07-28T19:43:22,1,They always deliver expired products. Worst experience with zepto,26.7.1,0,9
play_b54a73c6-8617-42b5-92b9-3a953ff2a077,google_play,2026-07-28T19:42:38,1,not good,26.7.4,0,2
play_640377a9-1f5f-47e7-8806-087e48548fcd,google_play,2026-07-28T19:39:57,1,meine order kiya ta jo mujhe received nhi hua na he refund mila or help line support se b help nhi mile bed zepto company,26.7.3,0,25
play_0685549c-7859-4fe8-8260-97eef6959455,google_play,2026-07-28T19:36:55,5,very good app for ordering.,26.7.4,0,5
play_a134a474-40df-4f7a-95f7-1c26fdb02a1c,google_play,2026-07-28T19:35:33,5,good,26.7.3,0,1
play_f8b9c1a5-6b93-45b6-95fa-1589b69162a1,google_play,2026-07-28T19:27:49,5,First experince was so good that i am going to order every now and then from now on 😚🌻,26.7.4,0,19
play_57577da1-4032-4325-9320-618613ff8714,google_play,2026-07-28T19:27:38,1,don't buy electronic items they rejected on other platforms and even the bill wasn't downloadable after a certain period of time,26.7.4,0,21
play_336aa60a-7606-4063-96f8-ec6b60fb06a7,google_play,2026-07-28T19:27:14,1,"ordered pecan nuts but received expired product, so need to be aware everytime we may get expired product and if we don't look we will continue to consume there should strict action by govt to follow food standards",26.7.4,0,38
play_3eff2fc0-cf69-442d-a7e2-b6798c10fd72,google_play,2026-07-28T19:26:17,5,good,26.7.4,0,1
play_2da49cc4-f9a5-437d-b4d1-dac4b8b6faa1,google_play,2026-07-28T19:21:52,5,good,26.7.4,0,1
play_ccee2b94-a851-48f4-8d74-f26097e61083,google_play,2026-07-28T19:18:38,1,"lots of insects in cashew.no reply,bad response,too many Insects in cashew.not return back,no replace,no refund,bad service.",26.7.4,0,16
play_24d61b4d-8d41-49bf-96f0-1d64b32b6e8e,google_play,2026-07-28T19:14:17,1,trust at your own risk. products are dirty. packaging is bad. and they often send whatever they choose and not what was actually ordered. I would rate it lower if I could.,26.7.3,0,32
play_b575be4e-1684-4ff3-8979-ff30747fd773,google_play,2026-07-28T19:13:54,5,good,26.7.3,0,1
play_d2885025-ca24-4d1b-adce-19d6096c6e5d,google_play,2026-07-28T19:11:19,1,"I got wrong order nor did any help supported me nor did customer care , what the hell I ordered something for rs 70 but got something for rs 10 or 15 may be and they are not picking up any call very rude staff",26.7.3,0,45
play_6d19f990-902e-4019-84a5-f0d7b37ddf2d,google_play,2026-07-28T19:04:05,3,we are expecting less price from zipto.,26.6.2,0,7
play_793e9b64-7c67-445a-b20a-e13d60d30b5e,google_play,2026-07-28T18:57:59,3,go,26.7.4,0,1
play_5e63b344-69cb-48c0-96fd-33c85f33e1bd,google_play,2026-07-28T18:54:24,5,good 👍,26.7.3,0,2
play_6d6fa5c7-dabe-437b-b3e3-6b69ac806de3,google_play,2026-07-28T18:49:10,5,Good,26.7.4,0,1
play_8a350029-0b86-43bf-ac1f-975dc9072333,google_play,2026-07-28T18:41:46,5,very good costumer service it's helpful,,0,6
play_8580ec10-205d-4274-8886-e4842a7388c7,google_play,2026-07-28T18:39:56,1,bad product quality,26.7.4,0,3
play_b23539b7-1bb6-45ca-932b-e6f519e16b35,google_play,2026-07-28T18:36:56,5,fast and good,26.7.4,0,3
play_6bb9301c-a568-4165-967b-5a9153531439,google_play,2026-07-28T18:30:12,5,nice 👍,26.7.4,0,2
play_34e72887-7f76-48f4-9912-7009ab494955,google_play,2026-07-28T18:29:58,1,handling fee 40rs without any reason.,,0,6
play_221d1413-c1ce-4a56-bc01-10b60afc9c71,google_play,2026-07-28T18:28:42,1,This is not the first time I have received an expired product from Zepto. The same issue keeps happening.stop selling expired products,26.7.3,0,22
play_5f7148bc-ff3e-4449-aa33-ea84f9074d53,google_play,2026-07-28T18:28:40,5,very nice aap,,0,3
play_08b7bbd5-a21e-4dd3-8eba-e607a26a2e1b,google_play,2026-07-28T18:27:43,1,FRUAD AND PATHETIC SERVICE #HTTSKMMNX79997 YOUR APP GAVE OPTION TO RETURN THE PRODUCT UNTIL JULY 28TH BUT DIDNT ACCEPT THE RETURN. FRAUD GIVING ALL WRONG INFORMATION AND YOUR CUSTOMER SERVICE DOES NOTHING BUT JUST COPY PASTE...EXTREMELY UNHELPFUL. NEVER GOING TO USE ZEPTO AGAIN.,26.7.3,1,43
play_37e3c8d0-9b10-4808-99a2-e0608ca47cdd,google_play,2026-07-28T18:15:11,1,in the beginning it was good but now its not worth using this app any more,,0,16
play_1347e7c0-f06c-4d8b-8f56-6c8a996935f4,google_play,2026-07-28T18:10:14,5,best,26.7.2,0,1
play_60b6c639-348a-4411-b769-c5a243c2c6d3,google_play,2026-07-28T18:07:36,1,it's always giving stale or rotten vegetables. it's not safe to order vegetables in ZEPTO,,0,15
play_3f85ccd7-75e5-4ae0-a30b-99373f2a3641,google_play,2026-07-28T18:04:31,4,good,26.7.3,0,1
play_d694a61b-845e-479f-8138-d30c8dd5ddd1,google_play,2026-07-28T17:56:50,5,good service,26.7.4,0,2
play_fe8398b5-f519-4da0-a0f6-4ceca8562571,google_play,2026-07-28T17:52:29,5,good app for free delivery and extra discount,26.7.4,1,8
play_5c7dd5d5-b1e0-459f-8bc0-8f31b2dce738,google_play,2026-07-28T17:49:35,1,"Zepto used to be my go-to app when the free delivery threshold was just ₹100. Unfortunately, they increased it to ₹150 right after I started ordering regularly and even added ₹2,000 to my Zepto Cash balance, which was disappointing. I've also noticed that the bread and vegetables are often very close to their expiry date and don't seem as fresh as they used to be. Because of this, I've switched to Amazon's 10-minute delivery service, where I'm getting fresher products at better prices.",25.10.2,0,83
play_ccae96fe-4420-459f-ac76-0d3223a67682,google_play,2026-07-28T17:45:54,1,i order Broad beans they will always send whatever they want if I call they won't respond worst customer care,26.7.4,0,20
play_f5d53d0f-0ee6-49ab-b1ae-61fd3ec7852e,google_play,2026-07-28T17:45:27,5,good 👍 you,,0,3
play_a861b368-8d50-439e-905a-0813659be73d,google_play,2026-07-28T17:45:07,1,"don't buy valuable items, you can't claim warranty if you get any issue within their so called warranty period. you will get zero solution and will lose you time for stupid conversation with their incompetent staff.",26.7.4,0,36
play_5320c99b-ce1b-401c-bb4f-a03efd2b8bca,google_play,2026-07-28T17:40:23,1,"Recieved stale and rotten items, raised a complaint with photos and video as proof but recieved reply that they have confirmed with seller that items were in good condition when despatched.. pathetic service",26.7.4,0,33
play_c8e3eb4e-83d3-4de7-a65b-a33be4a92105,google_play,2026-07-28T17:39:55,5,good,,0,1
play_e40b320b-027e-4abf-99b4-18a5d2b09bfc,google_play,2026-07-28T17:39:01,5,i like this app,,0,4
play_cf3156e3-ef82-4beb-9fed-caea7477a18d,google_play,2026-07-28T17:36:22,5,Very good product quality basically f&v items,26.7.4,0,7
play_e8037b33-5fbb-489c-978c-876a2a41288c,google_play,2026-07-28T17:17:33,5,good zepto delivery 🤗,26.7.4,0,4
play_76b1542f-046f-4352-9c9c-2d82f33b14e5,google_play,2026-07-28T17:05:05,1,worst app worst service,26.7.3,0,4
play_03d74314-9f9a-4bea-b078-f8371db552b8,google_play,2026-07-28T17:03:47,1,I have ordered something with the filled address and it was showing that the delivery agent was on the location but I got no calls and my order got cancelled. i mean I have written the full address and atleast they should call us for once. the goods i ve ordered at that moment was needy. that was so rude.,25.7.4,0,60
play_0ed73b45-d5d4-49a2-92a5-8707044932ff,google_play,2026-07-28T17:02:22,5,cash on delivery unavailable way I'm trying,26.7.4,0,7
play_626311d7-5ea8-44a9-92fe-863d46d377c1,google_play,2026-07-28T17:01:44,1,The quality of fruits is really bad & when as for exchange or refund nothing is done the local vendors are really good as compared to these online people,26.7.3,0,29
play_1e210e64-9dfa-43d1-b5dd-69dfde0ae61b,google_play,2026-07-28T16:52:23,5,good,26.7.4,0,1
play_1f048b6e-2607-4496-a630-03dcc462f3ea,google_play,2026-07-28T16:42:40,5,nice,26.7.3,0,1
play_ad9985fb-02d1-4976-a73b-449cef91cc71,google_play,2026-07-28T16:41:13,5,good,26.7.2,0,1
play_d7387721-59f6-4895-ad84-e84d6114dfc2,google_play,2026-07-28T16:18:41,5,good,26.7.4,0,1
play_9f079ba3-b5c7-4bdd-a795-c8c58e88d6e3,google_play,2026-07-28T16:18:16,3,Jab Customer Regular ho jata hai to scheme close kar dete hai,26.6.5,0,12
play_6e9c6e6a-2234-44a3-8acd-9d62ba194ee7,google_play,2026-07-28T16:13:09,1,i have recieved wrong item cannot exchange or return no contact number i missed my party today because zepto delivered wrong size shirt i am going to costomer court today also delivery partner doesnt call me,26.5.5,0,36
play_4c1344eb-fb33-4587-bad8-6ffc17062e30,google_play,2026-07-28T16:09:59,5,carry bags please,26.7.4,0,3
play_b8874875-79d0-426a-a36d-cbac0443335f,google_play,2026-07-28T16:08:27,1,"I had ordered for meat and I got a spoilt one but when I booked for a replacement he marks it delivered and I didn't get it nor the refund, what frauds",26.7.3,0,32
play_0eb37223-23a3-4486-8077-6c6f31fea5d8,google_play,2026-07-28T15:59:50,5,ખુબ સરસ,26.7.4,0,2
play_7f8b0665-6738-4ed1-857c-bfeadbdbce06,google_play,2026-07-28T15:49:36,1,"Very Bad And Useless Application by Zepto, I Order 3 Time today and 2 Time Cancel my Order By The Rider, And Acting Like That it's my Fault, Call me From high distance and Massage coming in app that he is my doorstep and I'm not Answering him, then I complaint that to Help Centre but they also useless and I don't understand that why the Zepto hired that ? for Harrassing us? No COD is available and My Money is Stuck by online payment and they sit Relaxed as my Refund is stuck in there Account,",26.7.4,0,97
play_785acb32-00e5-42ec-bd0a-4127ae617bf9,google_play,2026-07-28T15:45:04,1,"so disappointed with Zepto, i placed an order they took more than an hour and then cancelled it 😕 did't got my money back ,, are they scammer??!",26.7.3,0,28
play_35eeabc4-8b03-4fb5-a9da-d0d0919af71a,google_play,2026-07-28T15:37:48,5,fast delievery,26.7.3,0,2
play_db26efb6-a050-4e4f-b95b-773c11395bce,google_play,2026-07-28T15:37:48,5,fast delivery so it's good for any emergency. Thanks,26.6.4,0,9
play_9b86d1b6-15bb-47be-b563-02e2ae262fa3,google_play,2026-07-28T15:20:23,5,fast delivery best product,26.7.4,0,4
play_b144af77-6e57-4045-8224-00d075579247,google_play,2026-07-28T15:08:31,5,good 👍,26.7.4,0,2
play_df846f29-6dbf-4f10-88ff-3eff657567c7,google_play,2026-07-28T15:06:26,5,very good 👍,26.7.2,0,3
play_cab08ede-d986-4005-bbef-38d96615f6d2,google_play,2026-07-28T14:59:26,5,zepto is good,26.7.4,0,3
play_fe9e28fd-0c22-4d50-bb36-32dbbf974390,google_play,2026-07-28T14:50:35,1,They deliver expired product and on complaining refuse to replacement along misbehaving with their non-sense replies,26.7.4,0,16
play_ddbcfcdc-d4e9-4b6a-aefd-5261223bc8fe,google_play,2026-07-28T14:49:58,1,Frauds. They deliver damaged goods and have the audacity to claim they delivered it in perfect condition. Buy local. You can verify the quality for yourself instead of being cheated.,26.7.4,0,30
play_985f25de-90ed-4bad-b0bc-c56ee5670360,google_play,2026-07-28T14:48:01,1,"Terrible Experience & Useless Support! ​I’ve been dealing with persistent product-related issues for a long time, and the app continues to fail. To make matters worse, their customer support is completely unprofessional. During a recent call, the agent put me on hold for over 5 minutes, outright refused to provide a solution or connect me to a supervisor, and then abruptly hung up on me mid-sentence! ​now I have completely done with your service.",26.7.4,0,74
play_ceb4602c-3764-4231-a593-8b71b8d8f775,google_play,2026-07-28T14:47:18,1,Do not under any circumstance order anything on Zepto especially electronics. They sell defective products that do not work and refuse any customer support or responsibility.,26.7.4,0,26
play_2ea431c6-81bb-42d3-96cc-3ba03ef881a5,google_play,2026-07-28T14:46:55,1,"Please don't order things like bread or eggs. these people don't know how to handle soft products like bread, pav or eggs. on the top of it, if given a complaint, they don't agree to give you a refund unless you have a DSLR camera to show the clear details of the damaged stuff.",26.7.3,0,54
play_bac45528-120d-4782-b101-5f73613864e4,google_play,2026-07-28T14:43:43,4,fast delivery 🚚 I like this application aaaaaaaaaaaaaasssss 👍,26.7.3,0,9
play_8c52ebc7-c2a1-4822-8feb-5aa38138e6f0,google_play,2026-07-28T14:33:10,4,nit providing fresh vegies,26.7.3,0,4
play_6cb015d0-5c81-4fa2-ad2d-375648c0cca4,google_play,2026-07-28T14:33:00,1,"very Poor quality items, will not recommend to others",26.7.4,0,9
play_35186163-5c0e-453f-9b8d-e8e0e7aa85c7,google_play,2026-07-28T14:31:10,1,The things on zepto are good but they're not reachable in Tarn Taran so I'm not able to buy wonderful items.,,0,21
play_f52530e7-1d53-4098-a20e-efe46b280efe,google_play,2026-07-28T14:22:33,1,I have ordered 10 items from which 2 items was totally defective it hase dirty packaging and also already opened when I complained it so they said that they will give refund or exchange but when delivery boy came so he said it can't be return and he has taken my phone no. and said he'll ask from shop what he can do give refund or something but after that I see that the exchange was cancelled and the delivery guy also don't contact me and my ₹200 got wasted So I Think Blinkit Is Best Than This.,26.7.4,0,98
play_8590195c-6d14-4c22-a858-82736a2c2c36,google_play,2026-07-28T14:21:45,1,I've never had a worse experience with any other delivery app. I did not receive my product and everytime I raise complaint I am getting only generic mail response. This is completely unacceptable to the money I pay.,26.7.4,0,38
play_f69b91b7-7f26-45e5-a28f-0959a720d497,google_play,2026-07-28T14:20:40,1,so poor,26.7.4,0,2
play_e2e78925-7798-44d5-bd4b-c746895272fa,google_play,2026-07-28T14:20:21,5,great start zepto,26.7.4,0,3
play_0bd11332-d433-4a16-bab7-7664da51eb56,google_play,2026-07-28T14:18:28,1,very bad service they are not giving my refund and not answering my mails,,0,14
play_38a0ca7e-c548-41c7-9b2c-10052df58b2b,google_play,2026-07-28T14:03:39,1,use blinkit never use zepto,,0,5
play_b387c9e7-073f-44c7-bfbe-cd9ef7a57ead,google_play,2026-07-28T13:53:32,5,super,26.7.3,0,1
play_214827e1-4770-4e3c-a412-8b3dd849c318,google_play,2026-07-28T13:48:15,5,this is the best time to order,26.7.4,0,7
play_3f6bdb5c-06e1-46e4-bfc1-699b7f91533c,google_play,2026-07-28T13:44:45,1,Uninstall Zepto,24.7.1,0,2
play_a16f4d19-3777-4170-a27f-f9f9f4dd3416,google_play,2026-07-28T13:36:52,1,very bad support from zepto. facing an issue and after reporting zepto cheated . i was facing an issue with the delivered item and the person came and collected the item and later I received return failed sms where as the person already collected the product from me.,26.7.3,0,48
play_ea8575d5-6d4b-4463-8536-e049b2e7d3d6,google_play,2026-07-28T13:35:43,5,best app for shopping 🛒,26.6.5,0,5
play_2d6cdbea-5f2b-417c-8a63-6a425ff8f9ea,google_play,2026-07-28T13:31:33,5,parmotion schemes are less than others platforms like your company,26.7.4,0,10
play_ba71953c-6bd4-41e2-a7e0-29ded364deee,google_play,2026-07-28T13:31:31,5,Excellent Online Line Groceries HYPER MARKET,26.7.1,0,6
play_399be299-20c4-44d6-885f-ffdcb1ab2fcb,google_play,2026-07-28T13:30:06,4,Cheapest than actual rate (Value of money in some cases),26.7.2,0,10
play_3636b41e-4d67-4de9-8498-a58755be46cf,google_play,2026-07-28T13:28:02,1,Poor after-sales service,26.7.4,0,3
play_42b79e6c-a10c-4d2e-af1a-5b896084d845,google_play,2026-07-28T13:25:50,5,super 👌 lm,26.7.4,0,3
play_07e0a97a-f879-4c1f-8612-d748121336ec,google_play,2026-07-28T13:24:43,5,good,26.7.4,0,1
play_54de9a08-dd15-4e50-813d-bc46994dae16,google_play,2026-07-28T13:00:03,1,"they send missing and opened items , and ask to mail , after mailing they do not even put any effort to solve , they just decline the issues , this is so disappointing and wastage of time , worst app , thief , waste of money , even after mailing they don't reply",26.7.4,0,54
play_4ac1ca14-da9a-4233-88d0-bc20dc66c2e0,google_play,2026-07-28T12:54:37,1,i don't get my refund back and your technical support team is worst your need to update your costomer support team and,26.7.4,0,22
play_e2eb43f2-d7fa-4214-a659-a90aa4e5c48f,google_play,2026-07-28T12:52:31,5,thank u,26.7.2,0,2
play_f4df33ae-08ac-4880-8381-1e2bbdf67f4a,google_play,2026-07-28T12:47:13,5,Zepto fulfilled the need of common citizens. Thanks lot Zepto team,26.5.5,0,11
play_e8e8ab76-8dd0-45e0-a57d-cd98d0a5862e,google_play,2026-07-28T12:42:24,1,Mera nariyal Pani kharab aaya tha Maine refund banvaya tha return ke liye nahin Le Gaya,26.7.4,0,16
play_dd820247-1f1e-477e-aa2a-220516c7b953,google_play,2026-07-28T12:38:20,5,"Good quality, best app",26.7.3,0,4
play_82ba8935-d22d-4cec-8fc6-7defc78d7351,google_play,2026-07-28T12:23:45,5,I am happy nice sarvice,26.7.4,0,5
play_95cc07e2-cf43-4ec1-b4fe-a24aa93c0bf2,google_play,2026-07-28T12:17:24,1,this is the worst app one can ever download.they delivery poor quality food items and when someone raise a complaint they respond like we delivered in perfect condition. that means if they are delivering poor quality items it's the customers fault. don't download this app.,,1,45
play_a56f6ad3-f8f4-4f70-81a8-924624d206af,google_play,2026-07-28T12:15:26,1,serv expired product,26.7.3,1,3
play_5fe507bb-4c87-488f-846b-2594317949bf,google_play,2026-07-28T12:05:32,5,good,26.6.1,0,1
play_82aa2339-70ab-4d26-a653-e5887aa777f0,google_play,2026-07-28T11:55:20,5,good,26.7.4,0,1
play_94d65a3b-7ea6-4149-af8a-f23b8ce926e5,google_play,2026-07-28T11:54:26,5,good,26.7.1,0,1
play_12cbea68-36ed-42bb-963d-ce3bcc937148,google_play,2026-07-28T11:47:04,1,ghatiya service and wrist customer care,26.7.3,0,6
play_0c840b1d-5744-4d13-9a00-230fff7d6cb9,google_play,2026-07-28T11:43:03,1,Delivery boys are thieves. Please don't use this app,26.7.4,0,9
play_f20cf0b5-8fac-48e0-b4c6-ed2ac076aea3,google_play,2026-07-28T11:43:00,1,"The service is fine only until you don't face any issues. Once you need customer support, the experience is extremely disappointing. It's almost impossible to reach the chat support team, and you're forced to communicate via email. Even after that, your queries are not resolved properly. The support is slow, unhelpful, and lacks accountability. I expected better customer service, but this has been a frustrating experience. I wouldn't recommend this service based on the poor after-sales support",26.7.3,1,77
play_402b5c5c-578e-41ee-bcc7-f0e293538db8,google_play,2026-07-28T11:41:58,1,where is my nothing 2a it shows on the website but not in application 💔bad 😕,,0,16
play_52441e0e-0e5e-4ddd-8f3a-981636f8ed91,google_play,2026-07-28T11:32:16,5,chicken not good,26.7.3,0,3
play_f09da3f6-9262-4ca5-92aa-168425d9af81,google_play,2026-07-28T11:31:57,5,bhut acha ✨,,0,3
play_fa3d64d7-bc73-48c9-9b59-84220f31c3ab,google_play,2026-07-28T11:31:52,5,fast delivery,26.7.4,0,2
play_1aa889bc-80c5-4b69-aee6-983bb24353f3,google_play,2026-07-28T11:29:16,4,good one good and fast delivery it's reasonable price also,26.7.3,0,10
play_d2e58247-8dc8-48f3-8ada-64da0200ca4b,google_play,2026-07-28T11:25:29,5,very good,26.7.3,0,2
play_0128bcda-c170-45ff-bee8-b167f41c04b3,google_play,2026-07-28T11:25:19,5,ok good,26.7.4,0,2
play_e6257b09-a8cf-42cb-86f0-88f21b3498e4,google_play,2026-07-28T11:20:56,1,it sucks!,26.7.4,0,2
play_35f2ba52-3438-4d5f-b61f-c82d3ece671f,google_play,2026-07-28T11:20:49,5,nice bhai,26.7.3,0,2
play_66595aa3-6497-4c4e-b51e-82212d56a9dc,google_play,2026-07-28T11:20:04,1,"There is no water in the coconut. and expire jhalele food provide karta , very shameless .🤮",26.4.1,0,17
play_cd71c1ba-42ce-45e2-912f-753e4c5ca140,google_play,2026-07-28T11:18:42,1,Refund isn't always an acceptable solution for missing items. Goodbye. I'm uninstalling the app. You've lost a customer who ordered almost every day. I'm switching to Blinkit.,26.7.4,0,27
play_11e4fb1d-9b05-4c1f-b060-202ff9dea19e,google_play,2026-07-28T11:18:14,5,bhut acha sara sman,26.7.4,0,4
play_c9dcb4c4-36e7-4342-8a29-a909a2785b53,google_play,2026-07-28T11:11:43,5,😊,26.7.2,0,1
play_03d0aa6a-dd91-40d6-a870-2f168cfa86ce,google_play,2026-07-28T11:07:08,1,this scammer app.. when I adding 20/- item showing free delivery on above 150rs when I adding 180/- more item it's showing free delivery above 299/- and showing fake line ..it's rush time or rain time.. now I go directly to shop and buy it without this scammer,,1,48
play_1c8ab377-97aa-43c2-9bc8-564410fa90c1,google_play,2026-07-28T11:06:56,1,it is the most cheat app. selling rotten vegetables and showing them with imaginary good images by using AI. i have been delivered with bad damaged stale chapati pack and customer servive is still looking into it to update me on the resolution. the tomatoes were also rotten. they do not take responsibility and no replacement or refunds. your money is in their coffins. BOYCOTT using this app and look out for reliable apps like BIGBASKET,26.7.4,10,76
play_d538a385-1ec7-4eb4-b03a-b1e4aef09826,google_play,2026-07-28T11:04:40,2,"very bad , not good option, there customer care service is very good",26.4.1,0,13
play_783b6722-cf0b-43a1-b8d0-d4ef482b2eaa,google_play,2026-07-28T10:51:43,5,👌❤️,26.7.3,0,1
play_ea3a1028-da7e-4ce6-9924-4599e1adccc9,google_play,2026-07-28T10:37:10,1,crushed pack,26.7.3,0,2
play_afaa0387-7cd0-4e00-8721-c5ae1694f392,google_play,2026-07-28T10:26:03,5,Nice 👍,26.7.4,0,2
play_67cfacea-e23d-4b96-b9ea-31638404ec1a,google_play,2026-07-28T10:25:38,5,Very great service and also prompt refund policy if u mail them in case of any discrepancy in the items delivered,26.7.4,1,21
play_6af2fbad-6bac-4c5b-a766-3c6bd8c55abd,google_play,2026-07-28T10:05:44,5,quick delivery and excellent items,26.7.3,0,5
play_05f7b3c1-7225-438f-a096-97eef18093f4,google_play,2026-07-28T09:49:02,1,recently I ordered some products and there are one product that's bagrry's corn flex and the product I received dirty and also there are no details available on packets it's look like expired product and raised complain 1st problem I'm raising complain against this corn flex and they give me ans regarding other products I'm saying again n again it's not that products I'm raising complain for this products they didn't give me solution and not giving my refund even I have shared picture also.👎,26.7.4,0,85
play_b1178a0c-e9a6-4b67-bb9e-511ff2b8ed7c,google_play,2026-07-28T09:48:28,5,super 💯,26.7.3,0,2
play_c477090d-8e38-4209-8c86-3f3d07cab47b,google_play,2026-07-28T09:41:15,1,order cancelled after driver reached location,26.7.3,0,6
play_f3553907-f243-415a-8b2b-06a06a671eb0,google_play,2026-07-28T09:39:47,5,good service,26.7.4,0,2
play_ad4f2df4-b052-4a79-aa76-1633abd5bdbb,google_play,2026-07-28T09:33:19,5,ok,26.7.3,0,1
play_f3311b11-22df-43ed-988b-a1065cbc446b,google_play,2026-07-28T09:27:02,1,very embracing... I was ordered today last 45 minutes ago it's not received yet ....shamful no customer care available .... what kind of services you providing..very shameful and harassing...phatatic is very small world for you,26.7.4,0,35
play_4c100f09-3643-4db3-a92c-0ef98a13b12c,google_play,2026-07-28T09:18:48,1,"if it had negative rating, I'd give it -10. horrible consumer care. and every delivery had some defective product.",26.7.4,0,19
play_7b4fd887-9b2f-48a1-aa77-e939241cc341,google_play,2026-07-28T09:10:26,1,"pathetic UX, its getting difficult to navigate in the app and cart page is just horrible. very bad. arrogance of customer support is just at next level.",26.7.3,0,27
play_01423b96-9224-4d8f-83e1-ac1d55b3862b,google_play,2026-07-28T09:10:23,5,good,26.7.2,0,1
play_969da39a-8e43-4c35-9945-02cd3426b1e9,google_play,2026-07-28T09:09:35,2,"never buy vegetables and fruits from them, they send before checking and send they buy the smallest size available it better you buy from a street vendor",26.7.4,0,27
play_784274b4-c4b2-43b7-9302-34d44960169b,google_play,2026-07-28T09:04:46,1,इलेक्ट्रिक वस्तू तपासून घ्यावा वॉरंटी मिळत नाही झेपटो हात वर करत आहे काही रिप्लाय पण देत नाही त्यामुळे विचारपूर्वक खरेदी करा,26.7.2,0,21
play_c9b848e5-9b60-42e5-9af1-8a0928c4d598,google_play,2026-07-28T08:42:30,5,Great app for last minute planning.,26.7.4,0,6
play_3227a27d-80d2-4b9a-886d-b57a8b2d9fa3,google_play,2026-07-28T08:21:07,5,Bahtareen 🤗🤗,26.7.3,0,2
play_cce1fe05-6466-469a-8101-ab81d94cb7dd,google_play,2026-07-28T08:20:37,5,nice,26.7.4,0,1
play_36d2f275-2f78-4e43-8cf5-a82d431f0f72,google_play,2026-07-28T08:19:10,5,super joice,25.1.3,0,2
play_d73f2a02-829d-49ca-b4a0-114b2a1c80e8,google_play,2026-07-28T08:10:02,5,nice,26.7.4,0,1
play_8362dd10-3705-4f0f-88f0-676ea8778ece,google_play,2026-07-28T08:07:59,5,it would be better if zepto has option of leave at door,26.7.3,0,12
play_f3a7d2aa-9a04-4de1-bbdd-0c5d9ddf436b,google_play,2026-07-28T08:05:34,5,Good App Good Quality product,26.7.3,0,5
play_3616b7da-99e5-4a6b-867d-9d0b7dc341f0,google_play,2026-07-28T07:51:45,2,வர வர சரி இல்ல கூடுக்குர பொருள் தரம் இல்லை,,0,8
play_dc59372e-e45a-48dd-9c95-fbe55230dd7b,google_play,2026-07-28T07:47:52,5,zepto gives very quick service. good quality and variety of products,26.7.3,0,11
play_98a4b9f7-70ea-410a-ac29-f1145816876f,google_play,2026-07-28T07:30:31,1,"Terrible experience. They promised a 6-minute delivery, but it took 20 minutes. Since I was traveling, I missed the delivery. There is no option to cancel, so I just lost my money. Completely unreliable and rigid policies—I will never use Zepto again.",25.7.1,0,42
play_f37b9137-2be3-46ef-99ba-b1925206cc71,google_play,2026-07-28T07:27:47,5,good,26.7.3,0,1
play_dcc0ced2-e922-4b03-b6ed-6983b74c2c7e,google_play,2026-07-28T07:21:03,1,"worst app I have ever used , it's shows 8 mint away and when you confirm your order it's saying 30 mint away ..and they also remove the cod option that you can't go back you take your order if send it in 1 hour or loose your money ..also they find a interesting way that they do not have customer support you have to chat with just Ai bots .... uninstalling the app",26.7.3,0,74
play_3d333fa7-56c0-4b7f-be3a-72f744b93b82,google_play,2026-07-28T07:16:14,5,ok,26.7.2,0,1
play_2b8507b2-78b3-4e8d-bd9b-9ebcbe47bba6,google_play,2026-07-28T06:58:22,5,very good items,26.7.3,0,3
play_15ef26ee-760b-4ee3-994e-34a89317ff89,google_play,2026-07-28T06:51:34,1,don't buy anything on zepto i order heater heating slowly and not good condition when I raise a support automatically close app auto generated ai support replied every time app closed we can't access to raise and raise a email it will also same like that ai generate reply given what will happen fraud they are doing amla i ordered expire they are sented when i raise same thing happened i never install zepto worest service support,25.4.7,0,77
play_c9ce7108-9436-4410-a613-0613a5bcd09a,google_play,2026-07-28T06:49:12,5,good,26.7.3,0,1
play_85a8284e-5b17-4b98-a275-6375699bbc8c,google_play,2026-07-28T06:35:53,1,The worst app ever I ordered few items I made sure it was free delivery but somehow the item was removed automatically I have no idea about it and now I had to 30 rupees extra as delivery fee,26.7.4,0,39
play_ead44ec4-7b97-4e04-9b45-1c8639c813dc,google_play,2026-07-28T05:42:19,1,Bohot bekar app. Bad 👎👎👎👎👎👎👎👎👎👎👎👎,26.7.4,0,5
play_4cca00e4-7dc3-4aeb-8187-9405c14c7352,google_play,2026-07-28T04:33:46,1,मैं जाटो को लगभग पिछले 6 से 8 महीने से इस्तेमाल कर रहा हूं आपने इसमें जब से आई को जोड़ा है तब से बहुत सी समस्याओं का सामना करना पड़ रहा है उदाहरण के लिए यदि कहा जाए तो पहले कोई चीज हम खोजने थे तो आसानी से मिल जाती थी परंतु अब क्या होता है आपका ए काम नहीं करता है कुछ जगहपर मैं जब लखनऊ में था तब वहां पर केट आदि मंगवा ता था जब से आपने इसमें आई को जोड़ा है तब से यह नहीं आता है चाहे जितना सर्च करो परंतु जब मैं चेन्नई में आया तो यह चीज दिखा रहे हैं परंतु सोया कटोरी हल्दीराम Korean chips आदि चीज दिखाई,,0,117
play_dbc8d970-fb72-462f-9953-160de49eb183,google_play,2026-07-28T03:21:34,5,fabulous in his field and market,,0,6
play_84097b77-0f0d-4a39-a638-637b0af7a53e,google_play,2026-07-28T02:12:28,5,7 star,26.7.3,0,2
play_06f7934b-4a99-4cbe-b848-d44f6670dea8,google_play,2026-07-28T01:42:07,5,good delivery for zepto app,26.7.2,0,5
play_51508442-5cad-49d6-a177-3e7df42fc592,google_play,2026-07-28T01:40:33,5,nice products ☺️,26.7.4,0,3
play_3cf43871-1994-481d-bfb0-7d2a897fd3d0,google_play,2026-07-28T01:35:25,1,"Very poor customer support. My prepaid order still had ₹66 collected by the delivery agent. He admitted it was a mistake and promised a refund but never returned the money. Zepto has no proper customer care number, and the chat support closes without resolving anything. Even the delivery call number stops working after delivery, leaving no way to contact the agent. Extremely disappointing service.",,0,64
play_5e9428ed-f0b7-45f0-be20-daffca8c70a5,google_play,2026-07-28T01:30:54,1,"आताच अँप अपडेट्स केले आणि मागील ऑर्डर हिस्टरी च गायब, 2026 च्या कोणत्याच ऑर्डर्स हिस्टरी नाही दाखवत.🤔",,0,17
play_dba69ae2-0f96-4ccc-a458-c595b391155b,google_play,2026-07-28T01:03:10,5,experience on zepto is pretty good 😊,26.7.3,0,7
play_f20995d8-2c82-41d6-88cc-06f81e88728c,google_play,2026-07-28T00:59:10,1,Not clean the products Not hygienic Some products very very durty,,0,11
play_9d268b4f-e064-47eb-b8c9-20acb159e8db,google_play,2026-07-28T00:49:50,1,Not at all recommended they show fake pricing. Item worth Rs 10 shows Rs 100 then they ll sell for 20 and then say you saved Rs 80. seriously people are mad they can't understand what is right pricing. #Scam #fraud #lootera #fake #no customer support at all. all useless staffs @Zepto,26.7.4,0,52
play_153dd07b-a5b3-4544-a65d-7e8837f4d148,google_play,2026-07-28T00:47:01,5,good,26.7.4,0,1
play_e1e089b6-a7be-4672-8eb8-a4e8b05b40fc,google_play,2026-07-28T00:43:24,1,The team and the whole app make me unhappy because of there server!!,26.7.4,0,13
play_44380c1c-9fa3-4d60-956b-ad3ff868b7e1,google_play,2026-07-28T00:39:46,1,"Pathetic customer service. Received expired and torn packets of items ordered. No resolution via chat, mail or call. Cancelled previous order without any intimation after taking 15 mins against 8 mins shown in the app. Total waste of money and time. Harrassing customer in the name of service.",26.7.4,0,48
play_91487c34-3e4e-481e-a5c6-b2d9faba7830,google_play,2026-07-28T00:37:39,5,very fast delivery,26.7.4,0,3
play_ed80bb36-5e66-4a14-b143-6ec7d4e447a6,google_play,2026-07-28T00:37:28,1,worst service... the order was placed but delayed for more than 1 hour i finally cancelled it if you don't have riders around then don't open the store,26.7.3,0,28
play_43702522-4dde-4827-8b2b-9c71e9ee7ede,google_play,2026-07-28T00:25:37,1,Worst customer service and false delivery estimation.,26.7.3,0,7
play_5b794f90-2412-4486-985b-9fa0b3e62e0e,google_play,2026-07-28T00:19:14,1,West of time West of money,26.7.3,0,6
play_14aebe00-021d-4cfd-ba95-3ad7dd5a0670,google_play,2026-07-28T00:10:34,1,if the product missing there costomer support can't help. they told our review that all the products are delivered,26.5.5,0,19
play_cb9c2070-10a6-4db6-8600-85f93d02657f,google_play,2026-07-28T00:02:27,1,delivery charges are highhh,,0,4
play_e4ac380f-b614-4f1c-9be9-bb3f5bd99f71,google_play,2026-07-28T00:01:38,5,fast delivery partner,26.6.1,0,3
play_8472d0a5-3d27-4786-aa4b-baf4ddaafb8e,google_play,2026-07-27T23:59:55,5,good,26.6.5,0,1
play_b3014917-3215-4470-a4ed-08453e856238,google_play,2026-07-27T23:59:40,1,Very poor customer service. They are selling spoilt and sour milk. and they don't take it back and no refund policy. total waste of money.,26.7.3,0,25
play_4053a45a-f9fd-45df-be01-2bc22643c106,google_play,2026-07-27T23:55:34,1,khrab delivery aapki koi download mt kro,,0,7
play_e1929037-e023-4204-abdc-e4816098a3b9,google_play,2026-07-27T23:55:05,5,good,26.7.3,0,1
play_e60b8549-fb4d-4d46-9331-50e916f488f9,google_play,2026-07-27T23:47:11,4,It is Good,26.7.3,0,3
play_3c055eeb-1af0-4dba-a26e-25ef79a6187d,google_play,2026-07-27T23:46:41,5,good,26.7.4,0,1
play_6e68a140-6485-4a10-87d7-47a72b18bbfe,google_play,2026-07-27T23:46:26,5,good service,25.4.7,0,2
play_09c6d16b-76d7-4d9b-b57a-1ee8990b4e18,google_play,2026-07-27T23:37:32,5,it's very good plateform to purchase all grocery items..,26.7.4,1,9
play_7c1beeb5-79ff-4065-a7f5-9d3064befc2c,google_play,2026-07-27T23:35:24,5,good,26.7.3,0,1
play_16856b28-808c-4558-8f72-ec2298070862,google_play,2026-07-27T23:26:41,5,☺️,26.6.2,0,1
play_3abb66a3-0305-49c4-94e5-2313524dbd4d,google_play,2026-07-27T23:24:52,1,used zepto for the first time today and received the rotten blue berries wow! nice work team zepto.... keep it up! also as other users are reporting the app says there is ₹75 off with bhim UPI but when u actually pay there isn't any discount u get instead u r charged the same as previous. what a scam to fool users.,26.7.4,0,62
play_ab398f8d-888f-47c9-b610-753acf351200,google_play,2026-07-27T23:23:35,5,nice app 5 star,26.7.4,0,4
play_0797e0a2-5bd0-4da9-a351-54288de09654,google_play,2026-07-27T23:23:07,5,low price product range,26.7.4,0,4
play_44d98955-6735-4db5-aaaa-dea640138d2c,google_play,2026-07-27T23:17:40,5,good 👍 dilvary,26.7.4,0,3
play_f3046e17-07fb-4b69-ae25-f3745f191a33,google_play,2026-07-27T23:11:55,1,"It scams customers. sends rotten or damaged products and does not return, replace or refund. don't waste your money on zepto, instead go to swiggy or blinkit.",26.7.3,0,27
play_f544a7a5-6aae-4040-92d5-87a946313a2c,google_play,2026-07-27T22:56:31,1,"You are only hand out leaflets for free; you don't actually give the items. You show the items in the cart, but not in Bag, fraud",26.7.1,0,26
play_d9132b9e-ae9a-4704-81c1-c9d1c6d2bdad,google_play,2026-07-27T22:55:45,5,Good,26.7.4,0,1
play_ac2ac41a-e079-4275-b21d-a21767014538,google_play,2026-07-27T22:55:04,1,"my husband ordered Natraj dates from Zepto, and they arrived in very poor condition. There is no proper return option available. The app asks for a sealed pack to process a return, but how can anyone know the product is bad without opening it? The worst part is that Zepto doesn't even have a customer care number to contact. This has been a really disappointing experience. Where can I file a complaint?",26.7.4,0,72
play_0b74c60a-c532-4abc-94c9-15b4b5bc70f7,google_play,2026-07-27T22:52:41,1,delivery boys apne man ki karte h .... mere fast tha mene dhai mangya usne mana kar diye last time par ... sab shop band ho gyi thi ... ye bekar hai mat order karna please,,0,36
play_69d80ba9-24a4-4547-8348-47b5b6384073,google_play,2026-07-27T22:51:50,5,fast service and good discount available,26.7.2,0,6
play_e71f7379-01fd-41b3-9f16-86005b97fddd,google_play,2026-07-27T22:45:24,1,"zepto service is bit annoying now a days, they deliberately miss few items which are out of stock and provide refund, instead i want you guys to be transparent and provide us with the resolution.",,0,35
play_73f15c10-3fc6-4f6f-94ff-c0774725c29b,google_play,2026-07-27T22:35:33,2,"I usually never leave reviews, but I'm disappointed with this recurring issue. I have no complaints about the delivery partner. My concern is the packaging. Products are often delivered without proper packing, making them difficult to carry and handle. Imagine a delivery person carrying multiple unpacked items. This isn't the first time—it's happened every time with my orders. Please fix this issue ASAP and ensure proper packaging for future deliveries.",26.7.4,1,70
play_ba06302e-9127-4c51-a076-adc52d7907c9,google_play,2026-07-27T22:34:57,1,The products available here are damaged and when we apply for a refund it gets stuck at looking for delivery partner.,26.7.4,0,21
play_7fa3a1f3-c075-4eb3-af73-4c3bdfe4e740,google_play,2026-07-27T22:28:29,5,"I'm so glad I got this app. It's very important for me.Very very helpful, thank you zepto",26.7.4,1,17
play_a2bffe3c-6748-4d5e-8af3-b82994e55d67,google_play,2026-07-27T22:27:36,5,good,26.7.4,0,1
play_ab8ca591-484a-484b-b458-d882b30378ae,google_play,2026-07-27T22:27:27,1,false items and ads,,0,4
play_17d14fff-009f-4b27-8a56-a2d38dd9d19e,google_play,2026-07-27T22:26:04,1,"ask for prepaid payment and when items not available they cancel and not refund the amount ,u should change ur name from zepto luto",26.7.3,0,24
play_cb4086c9-1011-4b72-b632-3f197e8c8777,google_play,2026-07-27T22:18:18,1,The sellers are fraudsters and cheaters they are selling expired and damaged products. When you ask for replacement or return they simply refuse. Worst experience ever with any app. Moreover no customer care no. to register grievance. Going to discard and uninstall the app,,0,44
play_6e23b30d-8c8f-4d22-9b61-5cce962024e2,google_play,2026-07-27T22:12:47,5,good,26.7.4,0,1
play_99862056-62f3-4c17-ab58-95490cc4a8bf,google_play,2026-07-27T22:11:49,5,good,26.7.1,0,1
play_bb73be17-78ad-4199-a5d8-e4e98d04dd8d,google_play,2026-07-27T22:09:22,5,good,26.7.3,0,1
play_83f30f12-92fc-40e9-bb98-67d7a6073d2f,google_play,2026-07-27T22:06:21,5,good,26.7.2,0,1
play_97337339-b7d6-4385-b3e0-5e6c9694c17c,google_play,2026-07-27T22:04:23,1,"I ordered milk from zepto, and the milk has been spoiled two or three times since it arrived. There is no response from Chat when I complain about this. They asked me to send this by email. Even though I sent an email, there was no response. When I asked, they said they didn't know about this. Even if there's another Apple problem like this, they come to me right away, address it, and fix it. Zepto has made me hate it so much. Please think about this and order anything, they are giving out many.",,0,96
play_b5260bf6-b1d4-4d40-baf6-fab2d1e5e96d,google_play,2026-07-27T22:00:58,4,few product delivered this time were not good,26.7.3,0,8
play_76093549-3002-496b-bfed-7ae3ee28f6f9,google_play,2026-07-27T22:00:48,1,very very bad service customer service I done my pay next zepto side cancel order refund 5 to 7 days wait .y rule out .I order pay wait zepto people order give go or not zepto people not give order not pay .y my amount take refund 5 days .I ask give my order or give back now amount .all rule company or customer .,26.7.3,0,65
play_21d1f95e-189d-43d2-ab47-55a08e81c2a1,google_play,2026-07-27T21:55:01,3,Sab sahi hai bss order cancel nahi hota hai,26.7.3,0,9
play_123f46e8-3120-424c-b750-698ef8b900da,google_play,2026-07-27T21:50:55,5,good,26.7.3,0,1
play_08d9d17f-bd6f-438c-a56c-1051367dc84c,google_play,2026-07-27T21:49:18,5,Super App zepto bhai Kay ha ya maja Gaya Aise aap ko to Dil Se Salam😍😍😍😍😍🤗😍🤗😍🤗🤗😘😘😘😘😊😊😙😙,26.6.2,0,16
play_0d9d78c8-97b4-4899-97ad-3b66ead88bf3,google_play,2026-07-27T21:48:56,5,super 👍,26.7.3,0,2
play_d99ca540-b5ff-4a4a-ae01-d8f8bf4138eb,google_play,2026-07-27T21:43:46,5,very good app,26.7.3,0,3
play_0554b405-c64b-4ea0-80f7-0d582fa991c9,google_play,2026-07-27T21:42:06,1,Received spoiled ice cream. Zepto denied my refund request and only offered a coupon. This is unacceptable for a food delivery platform. Very disappointed with the customer support. ⭐,26.5.5,0,29
play_a3e2a718-a84c-4c08-9d0c-f1d089137ffe,google_play,2026-07-27T21:41:29,5,good 👍👍,26.7.4,0,2
play_3ce944f7-2892-4af1-b3a2-003ae3fc58dc,google_play,2026-07-27T21:37:05,5,superb,26.6.4,0,1
play_f3f19521-73fb-4d15-9c05-359a87e44447,google_play,2026-07-27T21:36:16,5,best,26.6.4,0,1
play_f7a476e0-cd7a-4315-b34e-5c5ce60972d5,google_play,2026-07-27T21:36:11,1,very worst... I have put an order for Rs.93 just before two hours and showed me estimated time of 9pm to 10pm and i haven't received yet but it shows delivered ....,26.7.2,0,32
play_842c7c04-3640-475d-9cf7-f4ab462ec8b8,google_play,2026-07-27T21:35:52,5,great 😃👍🏻👍🏻👍🏻,26.7.4,0,2
play_5d8b2074-2c00-4aef-b88e-fb784b913fe6,google_play,2026-07-27T21:33:01,5,nice,26.7.3,0,1
play_970523bf-a10d-45c0-8868-175a11e7a836,google_play,2026-07-27T21:31:30,1,very poor delivery service,26.7.3,0,4
play_c9e74a95-ed23-4f2b-a76e-72c65c984fd1,google_play,2026-07-27T21:26:06,5,Best Quality Product,26.7.3,0,3
play_0ccc906e-62c4-44cc-97b9-66a038663e72,google_play,2026-07-27T21:25:51,5,on time and best price,26.7.3,0,5
play_77305f61-5f9e-44d6-a545-e5d3b80c1670,google_play,2026-07-27T21:25:25,1,pathetic experience. scammers. give you rotten fruits and veggies . curdled milk. forget to pack certain product but still dont give u the refund . instead blame us of lying such a pathetic platform there is just one response go to that pathetic email customer support which is of no use ..,26.7.4,0,52
play_90bda9ee-8a35-4213-abea-bb970fc9e921,google_play,2026-07-27T21:21:31,5,very fast,26.7.3,0,2
play_4dc173c8-b656-4b71-aefb-b09219234934,google_play,2026-07-27T21:20:18,5,good,,0,1
play_a4b4883e-c313-448a-baca-ff53d7d5ea15,google_play,2026-07-27T21:14:58,5,nice,26.7.2,0,1
play_3f001f97-afa1-4557-b15f-cf2bcbb78bf4,google_play,2026-07-27T21:14:18,5,Good shopping app,26.7.3,0,3
play_3f1f2252-5587-4e1b-a48b-2bf935771588,google_play,2026-07-27T21:13:35,5,good,26.7.4,0,1
play_67543ad9-8e26-46eb-b019-3fa4341aadb1,google_play,2026-07-27T21:13:33,1,"very bad experience i order prepaid order it got cancelled they said the debited amount will be refunded after 3 days after 3 days its showing refund completed but no amount had been received when i reach out to customer care its giving useless solutions very horrible experience wasted my money and time , never going to order ever again switching to blinkit and flipcart minutes",26.7.3,0,66
play_1478ad3f-2e77-498f-ae2c-de5ca2054269,google_play,2026-07-27T21:10:47,5,i use it regularly,26.7.3,0,4
play_9605199f-4412-4836-b63a-94cd9078f77a,google_play,2026-07-27T20:53:17,5,nice app,26.6.4,0,2
play_12197b5a-8596-4960-a60f-87a2e299fd02,google_play,2026-07-27T20:46:56,5,good,26.7.3,0,1
play_1af127ea-0664-4e1b-8be0-75fec5890361,google_play,2026-07-27T20:46:22,4,packing good but vegetables some rotten,26.7.4,0,6
play_829eef50-ad35-4299-b3a0-04d20137ec1f,google_play,2026-07-27T20:43:40,1,use this app on your own payment risk....this app cancel my 3 refunds.....🫪,,0,13
play_9fe9f748-7206-4de0-b766-8798839ef776,google_play,2026-07-27T20:41:40,5,great,26.7.4,0,1
play_f6bb50ac-34fc-4a8e-8977-dbb425a95699,google_play,2026-07-27T20:39:48,1,send foulty product,26.7.3,0,3
play_1ec5a4e9-fcf6-4175-8fea-4cc4f6ca8767,google_play,2026-07-27T20:36:31,5,very good aap jesi,26.7.3,0,4
play_4747876c-1f98-403b-a9d7-fa438bffd2e5,google_play,2026-07-27T20:35:36,4,it is good but sometime i am angry in this app because delivery partner behaviour and my order condition,26.7.4,0,19
play_4283a6e6-8846-4b42-9c77-3bd97d75abd8,google_play,2026-07-27T20:34:13,5,product is good and delivery very fast,26.3.5,0,7
play_369a53cb-5619-4d4c-8b7f-872acc35d4a5,google_play,2026-07-27T20:30:58,1,Expired bread supplied,26.7.1,0,3
play_0565901b-222c-4394-9d84-bf9afc91649c,google_play,2026-07-27T20:21:18,1,worst service ever. they are not user friendly. I had ordered a few pulses and lentils in a day I see insect literally in one packet. i ignored for once. after 3-5 days I see that in all the packets. when I try to raise a concern they take a side of the seller and say everything is good. this app should be banned as it's harmful. I wish I could share the videos.,26.7.3,0,74
play_b851fcf5-9ea2-441e-b641-7fe0d5b75d20,google_play,2026-07-27T20:17:45,1,I didn't receive my items .It was missing .,26.7.3,0,9
play_5ebc24d2-a539-4218-a7e1-87922f8e39bb,google_play,2026-07-27T20:16:12,5,price are reasonable and cheaper than others,26.7.3,0,7
play_9cc103b2-c595-4a06-be66-b6c57c3b6a5b,google_play,2026-07-27T20:12:58,5,good,26.7.3,0,1
play_13a83079-b3e1-43af-953a-8a67725eca66,google_play,2026-07-27T20:07:20,5,super,26.7.4,0,1
play_65e7a43c-6338-4ae0-b51c-8b8f05d40ab3,google_play,2026-07-27T20:02:57,3,"The app is giving an error when viewing an map 7:59 95% 个 Send feedback m140.fmd: glLinkProgram failed GL info log: Assertion failed: GVI && ""cannot compute gv size for oob (no global info)"" Shader vert source: 001: precision highp float;varying vec4 a;uniform mat4 b;uniform vec4 c,e[16];uniform float d,f,g,h,i,j;attribute vec4 k;attribute vec4 l;void main(){vec4 m,r;m=e[int(clamp(1.r,0.,float(16-1)))];float n,o,s;n=l.b/4.;o=l.a/4.;bool p=m.a==0.llfo;if(p) ...... so on can't paste it all",,0,64
play_cb662846-115e-43b0-a82f-233ee4d59211,google_play,2026-07-27T20:00:21,1,too much take time for delivery,26.7.3,0,6
play_a22984a1-80f4-46be-9093-cc863aeda5e3,google_play,2026-07-27T20:00:14,1,"If there's one service that can be called the worst, it's Zepto. If a product arrives defective, there is practically no proper refund or replacement support. Their customer service is also unhelpful and fails to resolve customer issues effectively.""",26.7.3,0,39
play_29133505-d512-4b7c-835a-df19e392b7d2,google_play,2026-07-27T19:59:18,1,"The delivery partners are completely unprofessional, and the customer support team repeatedly provides false and misleading information. I ordered a product, but a different brand was delivered. Instead of acknowledging the mistake, your team falsely claims that the delivered product matches the description, which is completely incorrect. Furthermore, your customer support repeatedly states that they attempted to contact me by phone. This is entirely false, as I never received.",26.7.4,1,69
play_f328c305-dea2-4f35-996c-763f16dec426,google_play,2026-07-27T19:43:59,5,awesome,26.7.4,0,1
play_51eda4bc-ac9d-48f6-96a9-ec3ed7821c4b,google_play,2026-07-27T19:43:15,5,very good zepto ❤️,26.7.3,0,4
play_12cdd5f9-219c-4ba5-b07c-7837c34e4c47,google_play,2026-07-27T19:39:35,1,"Worst App Completely wrong time shown highly inconvenient, did not face this issue in any other app",26.7.4,0,17
play_3f15baf4-ba58-4cf9-826c-678ccfc7ecdb,google_play,2026-07-27T19:38:37,5,very speedy and reasonable price,26.7.4,0,5
play_51b17372-62c8-4d36-bcee-8ed39e042375,google_play,2026-07-27T19:38:04,5,good products,26.7.3,0,2
play_b876ccf5-1d71-4c13-81ee-f36c2934f3d9,google_play,2026-07-27T19:31:14,5,good,26.7.3,0,1
play_871cd7e0-1fb6-4cc4-a741-b2257f535a1d,google_play,2026-07-27T19:27:25,5,good,26.7.4,0,1
play_5e679a40-74c9-420f-bcb9-4b6b2e5fc840,google_play,2026-07-27T19:25:58,1,"Zepto started scanning on delivery, my order was missing & the support team msg me we can't help in it & closed the chat/help page. I have taken all the screenshots. Going to file in consumer court by today.",26.7.2,0,39
play_909bff48-2554-4da4-bd6d-7c7b26c1b0a9,google_play,2026-07-27T19:25:30,5,very good,26.6.4,0,2
play_78a66367-10ea-41c5-8a07-dd588bc80b42,google_play,2026-07-27T19:24:54,2,"man why is zepto no restocking hotweels near me tss sht is annoying me a lot and I took a leave today for the hotweels x zepto collab I wanted to buy some cars and this is what happened but ts app is okok but dear, zepto plzz restock hot wheelzzzzz near me if u restock i might change my mind and give a good review... thankyou for ur time",26.7.4,0,70
play_48686cc1-7f02-4581-81e7-e75731f2a18f,google_play,2026-07-27T19:23:57,5,🙂🙂,26.7.3,0,1
play_75d03c4f-4354-4619-a888-2e51b016fd6e,google_play,2026-07-27T19:22:59,5,it good,26.7.4,0,2
play_372448a0-f31c-4291-bc0a-8b4d7f81c4f6,google_play,2026-07-27T19:18:42,5,good,26.7.3,0,1
play_d07ee74c-5083-4aa5-be98-4c4ce99f3012,google_play,2026-07-27T19:18:31,5,good,26.7.2,0,1
play_a23acd91-03f0-482a-8c48-7ecb7ec01efe,google_play,2026-07-27T19:16:08,5,very good,26.7.4,0,2
play_55138caf-538c-4580-ae8f-7f60d7bbfc2c,google_play,2026-07-27T19:14:24,5,Good products and Best prices,26.7.4,0,5
play_3da902a9-3b0c-41f1-b0e1-3f34a9cd755c,google_play,2026-07-27T19:07:09,5,super,26.7.1,0,1
play_899d8dda-b3de-4f2c-9126-8bca6e01f478,google_play,2026-07-27T19:02:19,3,fast delivery,26.7.4,0,2
play_3dc4ed4e-e56f-40d3-b470-2bbfd4b42254,google_play,2026-07-27T18:48:28,4,nice,26.7.4,0,1
play_a33549eb-101d-4e92-a98e-6255b4151987,google_play,2026-07-27T18:42:56,5,very good 👍,26.7.3,0,3
play_994681dc-c420-4c0e-94aa-81fd5c158c4f,google_play,2026-07-27T18:41:10,4,LET US CANCEL ORDERS,26.7.4,0,4
play_bad3b2c1-5341-4d47-975f-fa7ab864e80c,google_play,2026-07-27T18:40:45,1,75 cashback on BHIM UPI is a hoax and scam. don't fall for it unless you are first time user of both zepto and BHIM. which they conveniently fail to mention and promote as flat 75 cash back. Open public scamming at it's best by Zepto.,26.7.4,1,46
play_10d0ecc3-42d5-4b26-b462-c9e293d9ff42,google_play,2026-07-27T18:34:43,1,worst app I never ever recommend anyone. I order few items and in that single item is missing. I am not count items at the time of delivery. when I realised that one product is missing I given complaint by email also call delivery person if he get that product in his delivery bag. after so many mail and follow up zepto not given any cash back or not redelivered the product. they said our seller verified that all products are received. My concern is if I not received any product why should I pay.,,0,95
play_0b9b78ba-e214-4a6f-a94e-0bb78d0ae081,google_play,2026-07-27T18:33:14,5,very good quality,26.7.3,0,3
play_3d98339b-b8c4-488f-8cb0-021f99759f68,google_play,2026-07-27T18:18:01,5,fast delivery on this app 👍,26.7.4,0,6
play_cb136038-b9c1-4dd6-a741-66fcdc31b864,google_play,2026-07-27T18:05:30,5,very good 🥰,26.7.3,0,3
play_e32e4695-d26e-47c9-9057-18c12d0d819f,google_play,2026-07-27T18:04:32,5,Excellent Service,26.7.3,0,2
play_81b0dd29-a53f-4db8-b988-e0817c5b0209,google_play,2026-07-27T18:04:10,5,very good service,26.7.3,0,3
play_7907edf3-440d-4047-b52c-6663311504b0,google_play,2026-07-27T18:01:33,5,super 👍,26.7.4,0,2
play_d92f00e8-51c7-444f-b378-df26007c27da,google_play,2026-07-27T17:59:16,1,"customer service is frustrated, 3 times i received wrong item after initiated a complaint, no action. don't use",26.7.3,0,18
play_3f03e89f-2e74-477d-80bd-d540b92a1d87,google_play,2026-07-27T17:45:28,5,shop and zepto price are sometime similar only,26.7.3,0,8
play_82cdd580-14eb-43bd-af3e-d5b4ff43117f,google_play,2026-07-27T17:44:53,4,ভালো ভালো ভালো,,0,3
play_565eaa50-1f2e-4427-95ed-8957f9213835,google_play,2026-07-27T17:44:33,1,"Dear all, if you're planning to order digital products from Zepto, please be cautious. My experience with their digital product support was disappointing. Even after raising a genuine concern, no practical solution or return was provided because the product was ""working fine."" While their grocery service is good, their after-sales support for digital products needs significant improvement. Please double-check product compatibility before placing your order.",25.9.3,0,65
play_a541e2c6-7d87-44d6-bf7a-5a3f33cf7db1,google_play,2026-07-27T17:44:20,5,"It is a great app for increasing the supply of good products, thank you 🙏🙏",26.7.4,1,15
play_4ea34178-769e-4738-a5be-ef215f8b3eed,google_play,2026-07-27T17:43:09,5,nice 👍🏻 thnx u,26.5.3,0,4
play_5a8258e9-9dd5-45a9-9ea9-ae3b591eb6d9,google_play,2026-07-27T17:38:55,5,service is at right time and affordable price when compared to open market satisfied with zepto,26.7.3,0,16
play_dcd71ec7-426f-4140-951a-b76a0da93a03,google_play,2026-07-27T17:15:28,5,good,26.7.4,0,1
play_3531275c-e17e-4267-9bae-373c319efe62,google_play,2026-07-27T17:09:15,4,good,26.7.4,0,1
play_9dcbb30b-817d-4d55-b91a-928aa957040b,google_play,2026-07-27T17:08:25,3,this best discount,26.7.3,0,3
play_769d6977-e942-4034-91bd-7ef28482e71f,google_play,2026-07-27T16:57:18,5,fast,26.7.4,0,1
play_399c5f38-1660-4d99-a34e-ac0b574fbd55,google_play,2026-07-27T16:52:49,5,Good delivery app,26.7.3,0,3
play_63a6cd3c-bc1f-495a-b7af-9bcf1d0e6067,google_play,2026-07-27T16:48:44,5,thanks you,26.7.3,0,2
play_aac77b34-8204-48f0-b515-541dfbfca7be,google_play,2026-07-27T16:41:32,5,fast delivery,26.7.4,0,2
play_1315fed3-e4aa-4f56-b796-3285753b39c8,google_play,2026-07-27T16:35:50,4,good,26.7.2,0,1
play_f0b27ba3-64db-49bd-9b83-2dc8b8c8d17d,google_play,2026-07-27T16:35:32,4,super app,26.7.1,0,2
play_c5bf4fe9-a9dd-4810-a2f0-f6d132d0175f,google_play,2026-07-27T16:33:05,5,good,26.7.3,0,1
play_b3e8d968-dbe0-4527-a952-6f957fe0cea5,google_play,2026-07-27T16:33:04,1,worst customer service,26.7.4,0,3
play_4a85d58c-43ea-4c92-92e1-7374142a2d65,google_play,2026-07-27T16:32:16,5,👍 awesome,26.7.4,0,2
play_0f6016c4-1751-45ba-ae42-1a139d4427fe,google_play,2026-07-27T16:31:24,5,tast and quality was good,26.7.3,0,5
play_17d36c92-7bf8-4bb8-b411-f6cf080e2c50,google_play,2026-07-27T16:23:29,5,better than blinkit,26.7.2,0,3
play_5106d1d0-3ab1-45b6-90fd-59ebe571431c,google_play,2026-07-27T16:19:55,5,good,26.5.5,0,1
play_9280d3f2-4102-41ba-8f54-5ec4b8187a54,google_play,2026-07-27T16:19:24,5,Contite bahut Kaam hai,26.7.4,0,4
play_58a22146-fb9f-4255-a4fc-0eb69e79a37b,google_play,2026-07-27T16:12:16,1,expire product sela,,0,3
play_a3c75ce1-bd01-435b-9b90-1afad57414d4,google_play,2026-07-27T16:09:48,1,technical issues regarding online transactions rude customer care,26.7.4,0,8
play_78e5a767-2db2-496b-b1af-e2f5f751b17c,google_play,2026-07-27T16:08:16,1,Worst experience ever I have ordered fruits from here and all the fruits are rotten don't use this app. same experience again and whenever we are trying to upload the images the app get restarted again. this is not the first time worst app,26.7.4,0,44
play_e26e888b-a352-41c9-9fd1-9a1ac67a38c9,google_play,2026-07-27T15:50:56,4,super,26.7.3,0,1
play_4469626f-5023-4203-8c03-57a6b73e76af,google_play,2026-07-27T15:49:25,5,very fast deliver,26.7.3,0,3
play_e029cef1-9735-478c-b028-b710ae2eb107,google_play,2026-07-27T15:40:59,5,good,26.7.4,0,1
play_04026814-5e38-4f68-ba24-6f05badcb7fa,google_play,2026-07-27T15:35:49,1,very bad kyon ki three chance ho gaya technical glitche hai iss app me galat product aane ke baad change nahi karte photo dalo kisi item ki aur ye sab se sasti item refund me daal dete hain iss app se order karne se pehle sau baar sochna padega,26.7.3,0,49
play_6c8035a3-33da-4651-ac45-b86030e33ae7,google_play,2026-07-27T15:32:39,5,good service,26.7.4,0,2
play_389a3229-4094-466d-a897-c43dc66249b1,google_play,2026-07-27T15:24:27,5,super,26.7.3,0,1
play_e3ad6da8-9749-452f-a464-331e8fc187a9,google_play,2026-07-27T15:20:45,1,cashback scam,26.7.4,0,2
play_7f739e11-8bed-41a5-b01e-ec403a6a08ff,google_play,2026-07-27T15:18:14,5,good,26.7.4,0,1
play_e352ba68-23fc-495e-a430-abe235e05d52,google_play,2026-07-27T15:17:20,5,v 👍good,26.7.3,0,2
play_e881e24a-b49b-4b69-9727-6f49ca8a0647,google_play,2026-07-27T15:15:14,1,farke app poor service Don't order this app total bad product delivery and ride is behaving very bad and tapori,26.7.4,0,20
play_389eb41f-de3b-4708-b5e8-591365b6eaf5,google_play,2026-07-27T15:06:41,1,the storage and delivery is absolutely the worst of all the firms,26.7.3,0,12
play_e792d61f-f7cc-4a78-a615-527e3a65374e,google_play,2026-07-27T15:05:03,5,super,26.7.3,0,1
play_6c00cc73-8b6a-4258-9d20-e4674578fdba,google_play,2026-07-27T15:04:36,4,Brilliant Service 😊,26.7.4,0,3
play_52089cdd-2216-469f-a72d-17758f5c4ca3,google_play,2026-07-27T14:56:23,5,Good service,26.7.3,0,2
play_ddf6e027-9bca-4665-8fcb-f57689197d7f,google_play,2026-07-27T14:40:29,5,Excellent Service... Thanks... I am so happy... ☺️❤️❤️❤️❤️❤️👍🏻,26.7.2,0,8
play_4acc1083-8ead-484a-8a63-191cd5faf17a,google_play,2026-07-27T14:37:38,5,thank you so much 🙏,26.7.4,0,5
play_29d5d1b2-bf0c-443f-a02b-d9068cde9f6a,google_play,2026-07-27T14:34:18,1,"Extremely disappointing experience. The customer service is among the worst I've ever encountered. They refuse to take accountability when customers face genuine issues and simply send generic responses instead of resolving complaints. No refund, no replacement, no proper support. This experience has completely broken my trust in the platform. I won't be using this app again and cannot recommend it to anyone. this is a scam app.",,0,67
play_644a8739-eee6-4628-83d6-63de22bcdbda,google_play,2026-07-27T14:21:22,2,good,26.6.5,0,1
play_ea446ea8-ab61-4f3e-a6f7-8b0a290f4a43,google_play,2026-07-27T14:11:56,5,acha h,26.7.4,0,2
play_4742676a-ef67-41de-ad8d-e5d16cf8c504,google_play,2026-07-27T14:10:00,5,nicely done,26.7.3,0,2
play_f050f482-55c6-432e-9148-b5e68f693fa2,google_play,2026-07-27T14:04:54,5,great,26.7.3,0,1
play_41554c48-f37f-421e-99ae-42231637ebc3,google_play,2026-07-27T14:04:20,4,improve delivery timings,26.7.3,0,3
play_0ce42a28-06cc-45d6-9bae-4490322da116,google_play,2026-07-27T14:03:47,5,best,26.7.3,0,1
play_298f6234-d19b-4756-976d-978a98e0867a,google_play,2026-07-27T13:59:11,5,best,26.7.3,0,1
play_368aa82e-d016-4b6e-9f3e-b9f49305143f,google_play,2026-07-27T13:58:57,4,good👍,26.7.3,0,1
play_b2622505-85ac-43e0-b95b-8fae3da8b7cb,google_play,2026-07-27T13:58:49,1,Bahut hi ghatiya app h 6 minute bolke 30 minute baad order aata hai,26.7.3,0,14
play_661468cf-0830-4d1d-b829-ecabecf37c30,google_play,2026-07-27T13:53:33,5,appreciate service,26.7.3,0,2
play_b0543763-25b0-4d6c-bcc0-b8bd6dab6c0e,google_play,2026-07-27T13:35:26,5,good,26.7.4,0,1
play_d95c672e-15b7-4c2e-8406-1ef1d40ebd99,google_play,2026-07-27T13:22:42,5,superb service,26.7.3,0,2
play_3e4fbacb-4d17-4667-8507-e72c0c07d16a,google_play,2026-07-27T13:19:45,1,"never buy, bad experience",26.7.3,0,4
play_0ad33b55-61d0-4cba-a701-9043cdc35f01,google_play,2026-07-27T13:16:58,1,"refund takes agesss to get completed, and it is not supporting online transactions(I mean..the amount gets debited from the account but still the app shows no payment done)..please fix these and there is no customer care number!! and app doesn't have all the options (queries) so provide one helpline number",26.7.3,0,50
play_ceab0966-2fd8-43c9-a063-f7bff24ac280,google_play,2026-07-27T13:09:33,1,horrible experience twice.... they don't exchange wrong products and simply close the chat without solving the costomers problem....,26.7.4,0,18
play_2ebb19c8-63b3-46a9-9845-955b23103b8e,google_play,2026-07-27T13:03:08,5,fast service 👍,26.7.4,0,3
play_13d3e705-d62d-461a-9931-943d45ae71fb,google_play,2026-07-27T12:55:21,5,perfect app 💗 good service,26.7.4,0,5
play_89a18977-e012-4fed-8f84-1576f59db62e,google_play,2026-07-27T12:52:53,5,fast delivery,26.7.3,0,2
play_c150624f-2104-4de7-b90a-5473a9ab4ee7,google_play,2026-07-27T12:32:57,5,good 😊,26.7.3,0,2
play_eec4387a-a643-4d0b-a015-2814c046023a,google_play,2026-07-27T12:26:21,1,Koi niyam nahin hai bahut kharab hai company bahut jyada,26.5.4,0,10
play_672b97b6-4790-4cba-9219-2d4e2cd64133,google_play,2026-07-27T12:23:14,1,cherry tomato nahin mila hamen bade tamatar Dal Diya,26.7.3,0,9
play_3a7b363a-21ba-4cbb-86f7-a370c3aed93a,google_play,2026-07-27T12:21:43,1,very pathetic service i had ordered for Maybelline 120 shade you guys delivered me 220 shade and telling me replacement or return cannot be possible this is very pathetic customer support is very useless,26.7.3,0,34
play_4470dfc5-1cbc-49c9-9e09-190559bf2560,google_play,2026-07-27T12:18:56,5,Good,26.7.3,0,1
play_8d5b16d6-530f-4509-a18d-8ed45bad425b,google_play,2026-07-27T12:15:51,1,"they display something but the item we expect doesn't come, worst platform",26.7.4,0,12
play_ba18c04d-0b99-4699-8c49-aa13404a67ec,google_play,2026-07-27T12:10:40,5,good,26.7.3,0,1
play_4e22e9c8-4845-4748-b97a-5fa409c44229,google_play,2026-07-27T12:09:15,1,received 4 kg spoiled milk but no support after payment also error in uploading spoiled images of product,26.7.4,0,18
play_6ef2a686-0f58-4988-8db0-6431ba5cca90,google_play,2026-07-27T11:58:30,1,"Very disappointing customer support. I received the wrong product, but the app kept giving automated, copy-paste responses instead of actually reviewing my complaint. My refund/replacement request was rejected without a proper investigation, and no evidence was shared to justify the decision. Mistakes can happen, but ignoring genuine customer issues and lacking transparency is unacceptable.",26.7.3,0,54
play_1e0abaef-6442-4ad6-a05b-888c9574290d,google_play,2026-07-27T11:58:14,5,Very good sevice.,26.7.4,0,3
play_4a860262-04f2-4a0b-be20-dbb2a5be23b8,google_play,2026-07-27T11:47:30,1,"Delivery issues happening frequently like item missing, less quantity, damaged item, and not able to get replacement or return, asking for sent an email, in email they denied replacement and return, store keepers and packing guys doing intentionally these mistakes. No customer service doing anything after multiple complaints.",,0,48
play_5fac63eb-1561-4e9a-afac-38a59e49b9c1,google_play,2026-07-27T11:45:17,1,expired products delivered and products are missing..no customer support available to connect,26.7.4,0,12
play_af321688-a735-4fe6-bad7-e586070c74cc,google_play,2026-07-27T11:39:11,2,"problem with address: i entered my flat number and set location and it shows 2 flat numbers to the delivery boy due to the location i set and he reaches to wrong house i cant point location exactly to my flat number please change the app code so that it only shows flat number which we have entered manually, it should not pick flat number from location, location should be only used for society",26.7.4,0,74
play_495f72ad-794c-4ecb-bf86-18c569d249a5,google_play,2026-07-27T11:34:06,5,fast delivery,26.6.2,0,2
play_bc0d19fc-3185-4281-87ae-1cfa5a8a3e60,google_play,2026-07-27T11:28:53,5,very good app,26.7.3,0,3
play_5dbbf92c-4881-4616-9604-d8919a6e8e0b,google_play,2026-07-27T11:27:42,5,👏☺️,26.7.2,0,1
play_30be2965-dcd5-4161-8338-98507903bd12,google_play,2026-07-27T11:24:32,5,deleviery fast and product is very good,26.7.3,0,7
play_8611af54-5dbc-4e29-8d0e-ef4bc0dd9130,google_play,2026-07-27T11:23:21,5,Excellent app,26.7.4,0,2
play_bcb00851-aad6-421e-b091-1ba803b77e9f,google_play,2026-07-27T11:07:21,5,good approval store service super.well suffocating,26.7.3,0,6
play_51856ee8-c7e1-479a-abda-06dc20240696,google_play,2026-07-27T11:00:52,5,good,26.7.2,0,1
play_3261dc22-2f57-4184-856b-1a4442b087d3,google_play,2026-07-27T10:49:01,1,"Dear Zepto Customer Support, I am writing to raise a serious quality concern regarding a rice packet I recently purchased through Zepto. After opening the packet, I found multiple hard rice pebble-like formations/clumps mixed with the rice, which is unacceptable and raises serious concerns about the product's quality and safety. I have attached a photograph of the issue for your reference. I have already mailed to customer support but getting default reply saying order is more 3 days old.",26.7.2,0,79
play_7e7281c7-7ca1-4a6a-99ca-8ea167515c56,google_play,2026-07-27T10:44:53,1,all products are expried,,0,4
play_6d6a2133-6e4d-428b-bfd8-5a3e64b98037,google_play,2026-07-27T10:34:49,1,"Pathetic company and looters, they will take your money and will give you less products. It's better to opt for blinkit for sure, they are much better. Recently, I ordered 5 times and they took money and guess what I received only 4 itmes, when I complained about it, they simply said that our seller had sent all the items, hence you are a liar and we can't do anything. Worst Company ever.. better go for blinkit or Instamart.",26.7.3,0,79
play_10c2d499-d11c-4c8c-8f04-dc261bb6bec0,google_play,2026-07-27T10:30:11,1,Now a days zepto is charging 40rs as convinience fee even though the order amount is above 1000 charging the same and the customer support is the worst compared to other online apps,26.7.3,0,33
play_ef72da7a-eed4-4352-b120-d3e7887d6075,google_play,2026-07-27T10:29:48,5,awesome,,0,1
play_8e1e42b3-b171-4c1f-acd1-711530cc4e8a,google_play,2026-07-27T10:26:12,5,good,26.7.3,0,1
play_218c8f34-1297-4aad-8906-e4ad44979e8f,google_play,2026-07-27T10:10:17,5,nice app,26.7.4,0,2
play_e7baa198-d8b0-4255-a4ca-adb97afab9ac,google_play,2026-07-27T10:09:21,5,"ZATPAT DELIVERY, BEST PRICE & GOOD SERVICE",26.7.4,1,7
play_97f4717c-b88a-4070-853b-fb8d16aa52e1,google_play,2026-07-27T10:06:48,1,Worst delivery app won't even deliver in 30 minutes if you've prepaid the order even in Delhi. Initially I preferred it over Blinkit but now Uninstalled.,26.7.2,0,26
play_fd392f71-819b-4a01-8f64-e1c9ae3d1d3c,google_play,2026-07-27T10:01:29,5,keep it up,26.7.3,0,3
play_940e54c3-506d-4193-a6e6-a031568c374e,google_play,2026-07-27T09:56:38,5,fast and reliable,26.7.3,0,3
play_96972d29-a0c6-4817-b82d-c1ab6301699f,google_play,2026-07-27T09:52:27,1,Dirty and filthy product. All product are expired and can't trust any product.,26.3.1,0,13
play_337606fe-63bc-4fd4-9414-0235735242c6,google_play,2026-07-27T09:51:54,5,super 👌 mass product 💥💥,26.7.3,0,5
play_7dafd93e-70ec-4e7c-9256-fb51a2286acb,google_play,2026-07-27T09:28:45,1,v poor CS !offer I got badly burnt cookie they denied help.. no point in having CS very frustrating experience from Zepto customer service..chatbot is extremely frustrating no human assistance at all whatso ever .. why is d team so apathetic.. i don't see any changes at all even after repeated concerns raised ..Zap is like same repeated looped response n even in d night ..very very disappointed ..earlier I had shared poor quality milk supplies no one called or responded in a positive manner...!,26.6.5,3,85
play_5bd31e01-28c7-44d2-9d08-0732a37aaf1e,google_play,2026-07-27T09:25:07,1,I ordered cosmic protein powder with 5 flavours and they gave me 2 different flavours. I ask them to return it but they declined it. if there is unavailability then why you show this. Flipkart instant delivery is now better compared to zepto so it's better to shift there.,,0,49
play_de4cbcf3-299e-4979-b3a2-fe08c89c3f31,google_play,2026-07-27T08:57:25,1,"Don't use this cheater app as they don't deliver the complete order & when you complain, they share an email ID and send a message there, as from there no one will ever reply back.",26.7.3,0,35
play_9b7284fc-5503-4d42-9bde-d2c19da526cc,google_play,2026-07-27T08:43:30,1,"Had to buy mysore sandal soap. these people brought forward santoor sandal instead. bought Pillsbury atta 10kgs, they sent me a broken packet with cello tape put on side bad idea to use zepto. these people said to sent the mail to their support but no response",26.7.4,0,47
play_3a2994d1-7aca-4f41-9df4-5f9ff99285f2,google_play,2026-07-27T08:32:53,5,Verry nice,26.7.3,0,2
play_cb5bf5da-8aa9-415b-9a62-d1b6fa7f25ac,google_play,2026-07-27T08:32:20,5,very fast service thank you so much zepto,26.7.3,0,8
play_af2b7a17-5b70-4f80-bd5f-632b58335a12,google_play,2026-07-27T07:37:45,5,supupb work,26.7.2,0,2
play_97c94aab-15c4-4ba4-a926-122da302bbd9,google_play,2026-07-27T07:17:05,5,very good,26.7.4,0,2
play_27333559-4551-4f71-a406-810732dc0d5f,google_play,2026-07-27T06:53:40,1,never order fruits from zepto,26.7.3,0,5
play_e29e1abb-02af-4d01-bcd9-c37f486a0543,google_play,2026-07-27T06:31:47,4,nicr,26.7.3,0,1
play_6624bbb6-cb5d-430c-a116-7376196e34d4,google_play,2026-07-27T06:27:41,5,good and fast app for delivering,26.7.3,0,6
play_908ca6dd-acaf-4dcb-9681-21e563e30623,google_play,2026-07-27T06:21:31,5,very good ❤️,26.7.3,0,3
play_8170d7cd-4a71-4035-922a-88e2fc380f1a,google_play,2026-07-27T06:16:17,5,excellent ਸੀਵਿਸ,26.7.3,0,2
play_b8f508c7-8750-4033-a367-c77c42fe39e0,google_play,2026-07-27T06:07:47,5,high rate,26.7.4,0,2
play_0b1bace7-435f-4747-bc4a-33681a7a964d,google_play,2026-07-27T05:28:19,5,nice app,26.7.3,0,2
play_cb7decf3-6bfe-40a6-a312-b9f768735ce8,google_play,2026-07-27T04:08:31,5,❤️‍🩹🤌,26.7.3,0,1
play_653d99ae-de6a-4276-9f83-8dc7eb14251a,google_play,2026-07-27T03:00:01,2,Nice experience but your customer care executive are not good,26.7.3,0,10
play_31dc9c3d-5df8-45ba-a062-cb4a10062e69,google_play,2026-07-27T02:54:52,1,"I have ordered an webcam and it was not working when I raised an issue they said they will replace it and they took the defected product. Now, it's been more than a week i haven't received the replacement or my payment. when I raised the issue no action is being took care of . Worst customer sevice ever. 0 stars",,0,61
play_afe7372a-37ae-49ab-bd66-4903aa0c3577,google_play,2026-07-27T02:42:03,5,ok,26.7.3,0,1
play_f3c74d70-6bd4-4339-aa0a-4dca31a7672b,google_play,2026-07-27T02:12:10,5,best,26.7.2,0,1
play_c97ca93d-1fe8-4f42-b46b-c08de021d264,google_play,2026-07-27T02:11:33,5,best,26.7.4,0,1
play_fb21b763-f54e-41b8-a23a-d6e76997fdd9,google_play,2026-07-27T01:43:01,1,experience bad,,0,2
play_92205f25-7571-421b-9d63-0e4bf2fcd305,google_play,2026-07-27T01:33:27,5,good,26.7.3,0,1
play_23068608-2ac8-4f0a-b61a-e604f98b8d7a,google_play,2026-07-27T01:28:25,5,thank u,26.7.3,0,2
play_4cbe0db7-4488-4aa9-a05c-765f1a7987bf,google_play,2026-07-27T01:25:25,1,"Today I asked for ice cream from Zepto, I got it melted or the Zepto team did not give me any solution, Zepto is a fraud company.",26.7.2,0,27
play_df8baa8a-8e61-428a-8da4-2c2e881414cd,google_play,2026-07-27T01:24:56,5,v good,26.7.3,0,2
play_5f07372a-49be-4fbe-b90c-9bb2549ab102,google_play,2026-07-27T01:18:36,1,froud rider and froud app report this app,,0,8
play_6c8f2f7d-686f-42c9-b2f9-2bbdce4b7272,google_play,2026-07-27T01:00:40,1,You should call when the order comes.😤,26.7.4,0,7
play_1ce89a67-dd7f-49a7-902b-ee2b603ac56c,google_play,2026-07-27T00:51:22,3,"Every day I purchase items from zepto but every day excutive don't bring changing money amount, and on the milk not discount now",26.7.3,0,23
play_1afccc48-4715-42e9-8e1d-bddf73eaa608,google_play,2026-07-27T00:45:03,5,super,26.7.3,0,1
play_9de26956-1c4b-4d5d-b098-61e0df63a670,google_play,2026-07-27T00:35:11,1,10 minute bol kar 30 minute me le kar aate hai aur to aur itna zyada price hota hai,26.7.3,0,19
play_f89b689d-b5dc-46e2-b343-6cb4da5cb079,google_play,2026-07-27T00:22:07,4,it's 👍,26.7.2,0,2
play_6bba4b4f-8ee2-4dcd-af69-d5d4974e03a1,google_play,2026-07-27T00:15:57,5,well,26.7.2,0,1
play_189746f7-cbb6-49ee-8aa0-64d4494ca449,google_play,2026-07-27T00:15:45,3,good 👍,26.7.3,0,2
play_0796bc5e-3180-4bb8-b0b8-51bb5b4f7617,google_play,2026-07-27T00:15:08,5,best,26.7.3,0,1
play_4446cd80-f613-4aa0-ba0a-ca32d8ef84e3,google_play,2026-07-27T00:11:25,5,good,26.7.3,0,1
play_802b0969-45b7-4772-ac8e-12ab5c6daa32,google_play,2026-07-26T23:57:20,5,good,26.7.3,0,1
play_bcfde6ca-7298-4575-a6d2-a406c55adae2,google_play,2026-07-26T23:53:13,5,good 😊,26.7.3,0,2
play_0f0663c9-6b2a-403e-aa2f-568c3e02c6ca,google_play,2026-07-26T23:51:25,1,every time I ordered icecream or it's completely melted and every time we ask for refund or replacement and not available,26.7.3,0,21
play_db2fd5f3-9e3f-4069-bf91-75ad23839dc0,google_play,2026-07-26T23:50:17,4,Good,26.7.3,0,1
play_3da8d461-4afe-4fb1-bf2d-99afca7f0f5a,google_play,2026-07-26T23:49:11,1,Delivered Less Products and says all are accurate Wasted application Moving to another app They don't want to grow,26.7.2,0,19
play_16b37620-291a-45c3-99f5-0c50cc25e885,google_play,2026-07-26T23:45:31,1,"I would give 0 star if there was such an option. The app promises the lowest delivery time to attract consumers but actually takes triple the time. The app is full of useless ads. Their customer service is pathetic, it's always a bot. these guys only want to get to an IPO and don't actually care about their customers. I usually order from blinkit or Swiggy, my mistake I tried this app again after a long time (every time I've tried it, my experience has been bad).",26.7.3,1,87
play_2f7d619d-86ec-4c7f-9774-ce8e422d48e1,google_play,2026-07-26T23:45:18,1,"worst . they're not accountable, they don't take a charge their customer support is worsttt",26.7.3,0,15
play_d0902961-270d-4db0-b177-f95629c5c376,google_play,2026-07-26T23:43:25,5,good staff on time,26.7.2,0,4
play_46bc9cd3-2b53-4414-b24b-2e34a92e5658,google_play,2026-07-26T23:37:57,5,Help full app,26.7.4,0,3
play_71b40fee-abc2-4c5b-9691-47ce00bace49,google_play,2026-07-26T23:37:43,1,"These people are Helpless and irresponsible, for them 5mins means 50 mins 🤣🤣",,0,13
play_301d64b8-9532-4ed6-a428-71074614e702,google_play,2026-07-26T23:35:41,5,good,26.7.3,0,1
play_3f0de983-175a-42d1-a064-e38f5670e53f,google_play,2026-07-26T23:35:33,5,ok,26.7.3,0,1
play_d1722eab-9efc-4fa4-bdc3-a308a59db7f2,google_play,2026-07-26T23:34:59,1,always high demand.... I think u better stop quick commerce in hyderabad,26.7.3,0,12
play_739e78c3-1982-4c9e-83fc-3bb09bb15401,google_play,2026-07-26T23:29:49,5,super,26.7.2,0,1
play_039777c6-2659-4b58-9158-259b56620d88,google_play,2026-07-26T23:28:09,5,very good 👍,26.7.3,0,3
play_77989f97-73e0-4390-a358-54b08af1929e,google_play,2026-07-26T23:26:30,5,best service,26.7.3,0,2
play_718f760b-d6a2-49ea-b727-b2b384c78b28,google_play,2026-07-26T23:16:34,5,good delivery so fast,26.7.4,0,4
play_88d294ee-1ea6-40b5-b94c-4325e1565795,google_play,2026-07-26T23:16:20,1,"if any person including myself complain about food or any product. they immediately block the mobile number.this app is not trustable because i am suffering from this situation, please be aware don't buy any product from this app. they are making fool to peoples. i have deleted this app from my mobile. we have many choices for that, go for another.",26.7.3,0,61
play_f9288aeb-7898-4f14-bfb9-073d7394cfd9,google_play,2026-07-26T23:11:44,1,Well the service is poor. Happened twice got spoiled drink in the order then they refund 50% saying it's a goodwill gesture. Didn't know what dictionary they use but am done with this app.,26.7.3,0,34
play_e5180608-1d78-43b0-b686-cadecacfb921,google_play,2026-07-26T23:04:02,1,they are quietly remove the product from order list and make it eligible for delivery fee without notifying and there is no way you can reach their customer care other than a bot which is useless with the options they wanted. this is unfair trade practice,26.7.3,0,46
play_f6a6b4d5-d66e-4fcd-8b79-763b26d48d14,google_play,2026-07-26T23:03:06,1,fast delivery,26.7.3,0,2
play_99ae2460-0088-4cbe-9e7b-b0c7a3d4bb09,google_play,2026-07-26T22:54:53,5,👍,26.7.3,0,1
play_21a04385-cabe-4b0e-9b8c-808032b5f89c,google_play,2026-07-26T22:51:49,5,nice🤩,26.7.4,0,1
play_8046c419-72d5-4ad1-9b9d-fe8a54b68554,google_play,2026-07-26T22:51:46,5,good,26.7.3,0,1
play_c9fbc8e5-ee8f-411a-97da-85b6a03739c3,google_play,2026-07-26T22:50:27,5,good,26.7.2,0,1
play_17af41e0-b03a-410f-bba5-9e2bd67931e5,google_play,2026-07-26T22:50:09,5,"very speedy delivery,nice app,suggesting everyone to use this app.",26.7.3,0,9
play_00deef05-31d1-4450-9925-38dfcd152111,google_play,2026-07-26T22:46:39,5,very fast delivery,26.7.2,0,3
play_03292790-a2aa-491c-9a41-e4f9bba80916,google_play,2026-07-26T22:44:36,1,they have supplied me rotten paneer.... next time id it is repeated i swear i sue u in court....,26.7.4,0,19
play_63e7afdf-2a35-452d-bf28-0ef461562de9,google_play,2026-07-26T22:43:55,5,good delivered best time.,26.7.3,0,4
play_bcb3ba72-74c8-4a95-bf0a-b39fa218cf32,google_play,2026-07-26T22:40:31,1,worst app not download tha app,26.7.2,0,6
play_64cdb537-5425-4864-8bb6-0f254adc90ce,google_play,2026-07-26T22:32:32,5,nice 👍🙂,26.7.3,0,2
play_1884689d-9690-4f7e-9bf8-7bcbbfbf01a6,google_play,2026-07-26T22:30:51,5,good,26.7.3,0,1
play_1ea39f2c-31eb-468a-ac94-9c9c577e312a,google_play,2026-07-26T22:17:56,5,good dilevery,26.7.3,0,2
play_f0de1c4e-ea66-467c-bc9e-626ed7a3cf2d,google_play,2026-07-26T22:15:01,5,fast app,26.7.4,0,2
play_0ab8f94c-29e1-479d-849b-b055bb27f0bb,google_play,2026-07-26T22:04:00,2,supar aap,26.7.4,0,2
play_026ba86a-2df4-46ce-89f6-bde1b1002e1f,google_play,2026-07-26T22:01:39,5,good 👍,26.7.4,0,2
play_6e7e78c4-e98f-4926-a7fd-47e958920dab,google_play,2026-07-26T22:00:05,5,very good 👍 fast delivery and low price product 30% discount,26.7.3,0,11
play_bc192c53-2d3f-484b-ad88-fa2d4484c260,google_play,2026-07-26T21:58:14,5,fast delivery,26.7.4,0,2
play_d20ab7e3-0aea-4f48-bbe2-f42ee436af1d,google_play,2026-07-26T21:51:55,1,good but not available at my hometown or my address...I want to shop but my location is not serviceable,,0,19
play_98dad00a-3fe7-4f04-bee6-6811c641b3a7,google_play,2026-07-26T21:50:55,4,it's one of the best apps,26.7.2,0,6
play_e579904b-517b-497e-aca0-124b714f9683,google_play,2026-07-26T21:49:47,5,nice,26.7.3,0,1
play_99c1ff9e-e5c5-4c8a-a60d-d25fe80659c5,google_play,2026-07-26T21:44:28,5,amazing product and delivery,26.7.3,0,4
play_9d6ae907-8133-43dd-b5fc-5cd84c3b79a5,google_play,2026-07-26T21:44:27,5,good,26.7.3,0,1
play_7f410ab5-b5f1-4773-bc1c-75add4b4e57b,google_play,2026-07-26T21:43:19,5,Amazing speed and very affordable prices love it 😍,26.7.3,0,9
play_0a612c7d-f9e8-4c3d-8182-eb53359a8dbc,google_play,2026-07-26T21:37:46,1,"Very disappointed with Zepto's service. I received stale vegetables and fruits, but no refund was provided despite raising a complaint. There is no customer support or live chat, and email support has been unhelpful. I also received a defective Philips speaker, but my return and refund request was denied. This is completely unacceptable and not the level of service I expected from Zepto.",26.7.3,0,63
play_0dc093e9-d442-4080-8767-ecb2d707c08e,google_play,2026-07-26T21:33:02,5,Good and fast delivery,26.7.3,0,4
play_e4ddd293-a73a-4528-ba3d-9c55f902c7b3,google_play,2026-07-26T21:28:23,1,"pethatic service from Zepto, most of their delivery persons are drunk. they deliver to wrong address n will ask you to go & collect the same.",26.7.3,0,26
play_0a7e96e2-e653-424d-ba36-9eb36b6cce8e,google_play,2026-07-26T21:20:45,5,nice,26.7.4,0,1
play_c3c9ad4d-5be9-4478-b22c-8663f936862b,google_play,2026-07-26T21:17:09,5,nice,26.7.3,0,1
play_4a8a1a50-07ea-4006-822f-4c746be150fa,google_play,2026-07-26T21:16:56,2,my orders are missing,26.7.3,0,4
play_4965b272-0edd-49f1-ab8a-e0aefd32fcf2,google_play,2026-07-26T21:13:52,1,never buy fruits from zepto. buying fruits from this app is my worst experience. They charged 100 rs for papaya and they sent a small papaya which is around 600-700grams. from when does 700grams papaya costed 100rs i don't know. I even raised a complaint but they were saying the condition of fruit is good so they can't exchange or refund. Better you buy fruits from outside because for 100rs we can buy 2-3papayas easily,26.7.2,0,75
play_50476e45-5687-4b4a-adc1-5e182fee9dbd,google_play,2026-07-26T21:12:48,5,this app is awesome i buy keyboard and mouse and otg is very good condition,,0,15
play_91f6cae7-fac2-4ab7-a062-37b9bb4de7d5,google_play,2026-07-26T21:10:10,1,expired product sale karta. ye zepto are yaar jub product galeez rahto sale kyun karte yaar. rice kharab tha. kyun sale kare,26.7.4,0,22
play_f611b0bf-dc09-4ff6-af2b-c16088e29802,google_play,2026-07-26T21:09:19,1,"Zepto is a very poor app. If you receive a damaged or defective item, you can't return it. You'll just end up losing your money.",,0,25
play_02e30c3c-7f97-4cf1-948e-ad6ee70de090,google_play,2026-07-26T21:03:56,5,❤️,26.7.3,0,1
play_a2cda207-fb78-4654-b2c5-b5a25f048b70,google_play,2026-07-26T21:00:19,1,really bad delivery partners can't even bring a product without tampering with it,26.7.4,0,13
play_40fd4df4-c5b7-45ef-bc68-e8da5b4ce566,google_play,2026-07-26T20:56:36,5,super very good app,26.6.2,0,4
play_0e471014-5e84-4294-b05d-abc18a7eecc0,google_play,2026-07-26T20:56:29,1,"Not Satisfied, exchange policy is like 💩, they send wrong product then if u ask for exchange just 🐂💩. Negetive - 5 Go for blinkit.",,1,25
play_9a9d66c4-5276-4bb8-8372-d1c9b0a45d28,google_play,2026-07-26T20:49:21,5,good. products,,0,2
play_95d272e5-75f9-4071-ac3e-24af468452bd,google_play,2026-07-26T20:48:34,4,good 👍,26.7.3,0,2
play_69929748-c53f-4dad-988e-9235cb5f3020,google_play,2026-07-26T20:44:21,5,good,26.7.3,0,1
play_76a34db1-c10b-423c-82ff-dc0ab44f06c2,google_play,2026-07-26T20:39:07,4,"deliveries are slow and delayed. but overall, great catalogue, quality of items and service.",26.6.5,0,14
play_0b22434e-090c-4569-83f5-33302ff7f183,google_play,2026-07-26T20:38:06,5,👍,26.7.3,0,1
play_5dc4d23f-4a19-4ff9-85c0-eb034f6431a6,google_play,2026-07-26T20:36:45,5,best hai,26.7.3,0,2
play_ded81491-7c59-45dc-a6d6-c6276f711e98,google_play,2026-07-26T20:32:07,5,good app,,0,2
play_9e58b3bf-827e-427a-a4d1-678a5e496095,google_play,2026-07-26T20:26:26,4,nice,26.7.3,0,1
play_30adb9ed-3d9b-4f1b-b0b6-ea189551d9e8,google_play,2026-07-26T20:26:13,1,"service is very bad, every time they delivered 45 to 60 min. blinkit and bigbasket is very fast service. not recommend enyone",26.7.3,0,22
play_dd2fb3f2-e910-481c-bc42-17b69b16cf49,google_play,2026-07-26T20:21:18,1,"app at times cancels cod and takes money for the order. lost my money like that ,seriously unacceptable.everytime I address the issue with staff by chat they either apologise or say they understand the concern,and just leave me on read. very bad customer service This app is utter SCAM cod is made unavailable,money is debited and order gets cancelled all together.",26.7.3,0,61
play_7310d599-e0f2-4b53-8889-0c4fb8a83e0a,google_play,2026-07-26T20:21:05,5,very fast delivery,26.7.1,0,3
play_a547dc9a-d1bf-4cc2-b9b2-47f8cd3cba35,google_play,2026-07-26T20:10:46,5,fast delivery 🚚 best app,26.7.2,0,5
play_daa4455d-94cf-4b65-94f8-b90f70b2828a,google_play,2026-07-26T20:08:34,5,good,26.7.3,0,1
play_9a35857f-2982-47db-b571-4f73dcb394ea,google_play,2026-07-26T20:08:07,1,fraud app,26.7.3,0,2
play_2d91d274-1bfc-490f-a56b-8d8e76d8a43e,google_play,2026-07-26T20:06:10,1,worst customer care service..there is no chat support.we need to contact through mail and for every mail will get same response saying that in site it is mentioned as per the description..annoying and irritating service,26.7.3,0,35
play_5ef29169-f095-4458-9c38-9c574bfd717b,google_play,2026-07-26T20:05:33,5,delivery boy's nature is very good I'm very very happy 😊,26.7.2,0,11
play_6e2f79ca-18fa-433d-94cb-faa8b4f9ce1e,google_play,2026-07-26T20:05:18,3,"Order gets places sometime while browsing. Please provide an order cancel option, enabled for the first 30 seconds at least.",26.7.4,0,20
play_d746bc0c-8bf1-47aa-ae18-d74c7d02a97b,google_play,2026-07-26T20:03:24,1,since from the two months and experiencing worst delivery from zepto I didn't expect this from this app if I place something ordered from this I may get order after 40 to 50 mins then why you mention that 10 mins 16 mins delivery it's very worst and worst if we order for emergency it delivered after 50 mins which is takes to my husband to reach to home then why should have to place order I would prefer to say bring the items with my husband. overall am facing terrible experience .,26.7.3,0,93
play_83332cb4-c185-47a9-89be-c4db86d8d4df,google_play,2026-07-26T19:57:47,2,Never order discounted or less priced items from Zepto.. they gave all expired stock.. and even I am not able to raise the complaint.. even though I am very regular almost a daily customer.. i shop on it on average of 300 daily.. still I had faced this today.. even fruit is also rotten..,,0,54
play_cd29410c-8116-431f-a0e7-c983a69a2900,google_play,2026-07-26T19:56:11,4,thank you,26.7.4,0,2
play_457f109b-2c61-4b61-9c51-0d6dbf355171,google_play,2026-07-26T19:53:32,2,customer support was worst,26.7.3,0,4
play_002f82d6-ccbb-487a-b4e2-06eaf96a8fd8,google_play,2026-07-26T19:46:32,1,worst service and customer care support,26.7.3,0,6
play_7d90cf7e-db68-47d2-ac14-b3d7d796ce81,google_play,2026-07-26T19:40:22,5,"i recommend. zepto for best product and service and,price",26.7.4,0,9
play_d43bad6a-bc63-44b4-a7ae-c84bee43523c,google_play,2026-07-26T19:37:40,1,They gave you used product and if you compalin they never admit and don't give refund or alternative,26.7.3,0,18
play_a0ca8221-3b86-4e76-8d62-71f5975379b5,google_play,2026-07-26T19:35:19,4,good,26.7.3,0,1
play_6def1688-ac32-4739-b1e7-d4cde5bb9f7c,google_play,2026-07-26T19:31:40,5,Good,26.7.3,0,1
play_bdced36e-0a67-4f83-9343-06c0c5c7e17d,google_play,2026-07-26T19:31:18,1,"worst app, price too high, expired product delivered",,0,8
play_98c6e978-b992-4967-8733-f2c709abeb84,google_play,2026-07-26T19:30:55,1,don't buy product zepto,,0,4
play_e9575e62-6881-427a-83d7-55f9b9dfad30,google_play,2026-07-26T19:23:31,1,Bad service address change ka koi option nhi hai aur delivery partner ko bolte but not Any response bad experience 😡😡😡,,0,21
play_3f1a911f-7d83-41ed-9b81-b023eebec6fa,google_play,2026-07-26T19:20:44,5,main delivery person ke achhe behaviour ki wajah se 5-star rating de raha hoon. Unka behaviour bahut polite aur professional tha.,26.7.3,0,21
play_9fa0102d-7924-4e03-ac43-bb26e25b60ea,google_play,2026-07-26T19:20:37,1,"worst app and wors delivering system, request to all don't use this app. the delivering people's are very very un professional and no manners",26.7.4,0,24
play_0d83dabf-5e39-410f-bb17-3b12d47e90cf,google_play,2026-07-26T19:15:51,5,good,26.7.3,0,1
play_677da20a-88b3-4f2f-8b54-a8d3712e6751,google_play,2026-07-26T19:11:47,5,good service,26.7.4,0,2
play_aac7763c-76fa-455e-8b7a-87d416f0aa30,google_play,2026-07-26T19:11:36,5,Amazing Delivery Speed and Quality Products received until now..,26.7.3,0,9
play_5f34028c-b8e5-4f0d-8f0c-a6cd1676bad0,google_play,2026-07-26T19:03:33,5,good 👍,26.7.3,0,2
play_0979cb55-06bb-47c7-8bef-2c1b973864c9,google_play,2026-07-26T18:58:37,5,nice,26.7.2,0,1
play_143b3a0a-beaa-4adb-b1b2-8facf930fe73,google_play,2026-07-26T18:57:40,5,Nice..app,26.7.4,0,1
play_d38805c5-2ffb-4558-aa8e-6662e410ebc6,google_play,2026-07-26T18:55:57,1,past from 12 days thy didn't credited my refund so plzz guys don't pay first plzz,26.7.3,0,16
play_f51c9e0d-6cde-480a-a182-4a4e872002f4,google_play,2026-07-26T18:52:57,5,Excellent,26.7.3,0,1
play_e37193a6-1d1a-43db-a1f2-018e9ff9dbb0,google_play,2026-07-26T18:49:28,1,all duplicate products,26.7.3,0,3
play_e5f57345-f0fd-41e3-b747-ebf3c1c334c1,google_play,2026-07-26T18:49:14,2,"worst customer care, they don't even have customer care number and the ZAP assistant never understands tge problem, and same responses is given all the time. I don't have an option to even connect to human agent. such a worst platform for customer care. it really frustrates. and this never connects to human agent also. pathetic. initially it was good, now the customer base has increased and zepto management is not even concerned to address customers in the right time and right way",26.7.3,0,83
play_1e87a879-e6ef-4a7d-bc0e-ffe63fd2fa63,google_play,2026-07-26T18:47:14,1,"Zepto has worst delivery boys, their delivery boys are just beggers and rowdies, don't know manners and respect, literally scammers and cheaters, why Google Play is still putting 4.6 ratings, this app deserves only 2.5 ratings",,0,36
play_8b2a09ce-e8d5-4b4a-993a-b68d83a51253,google_play,2026-07-26T18:46:04,1,i can't cancel my order,26.7.3,0,5
play_2564b3cf-0208-49fe-a573-7b0d0fbf7f06,google_play,2026-07-26T18:18:28,5,very fast better than flipcart minute,26.7.3,0,6
play_54cce8cf-aa2a-4e90-8138-3a8daba078e3,google_play,2026-07-26T18:17:39,5,nice,,0,1
play_fcea5f92-13f5-4237-9e41-47bf4b35b567,google_play,2026-07-26T18:16:31,5,good but some time not good,26.7.2,0,6
play_779b733d-7fde-403e-b432-8560ddd035dc,google_play,2026-07-26T18:14:17,1,"day by day , zepto is becoming worse and also the chat bot is also not helping. sometimes order delivery taking 30 to 40 min .",26.7.2,0,26
play_5fa3d80f-6f20-42cd-a7ea-102b32735670,google_play,2026-07-26T17:59:35,1,zepto is not good,26.4.1,0,4
play_0aa29b95-655b-451c-a580-bccd404e51d8,google_play,2026-07-26T17:59:08,1,"useless app, does not care about customer, delivery staff rude and do not co-operate",26.6.4,0,14
play_866ddcad-651e-4f6f-837a-81eead38dd6b,google_play,2026-07-26T17:54:02,1,Ye App Scam Hai Maine Is App Se Blutooth Mangaya Tha Blutooth Hame Achi Nhi Lagi Isliye Ham Return Kar Rahe The Dilevery Boy Aya Aur Bola Ke Blutooth Ke Sath Charger Bhi Aya Tha Jab Ki Hamko Charger Mila Hi Nhi Tha Aur Jab Ham Zepto Ke Office Main Gaye Toh Waha Per Maine Pucha Main Office Kaha Hai Toh Ek Admi Bolta hai Ku Dubai Main App Delete Kardo Acha Nhi Hai,,0,74
play_cc54261b-d379-47bc-b504-6f5afb5f5d8a,google_play,2026-07-26T17:50:28,1,poor returns process with zero accountability from customer care people,,0,10
play_b50cf39d-afdb-4789-ada5-8cadd89cd268,google_play,2026-07-26T17:47:08,5,quick delivery and all products are comfortable price 👌 🙌 😌 ☺️,26.5.5,0,12
play_d9ca1563-519e-40f4-97b5-ed71c8061940,google_play,2026-07-26T17:45:25,1,"I placed on order and after the delivery partner arrived the location, he called me only once and I couldn't attend the call, he immediately cancelled the order irresponsibly and left the place. Now the cash on delivery is disabled and the prices are hiked for next orders. this is really irresponsible behaviour from the delivery",26.7.3,0,56
play_060a6c6f-7ea2-4856-aecb-7d2ee4d568d4,google_play,2026-07-26T17:44:21,1,not in Patna do something,,0,5
play_9bce40c8-1fdd-4673-9aac-ed2e4e566275,google_play,2026-07-26T17:30:21,1,never buy their ice cream 😆,26.7.3,0,6
play_80cad997-538f-458a-b71b-dae8a5fd8f1b,google_play,2026-07-26T17:28:06,1,bad service,26.7.3,0,2
play_de0ba00a-603f-45de-a838-fd0c41f0a998,google_play,2026-07-26T17:18:18,5,superb quality,,0,2
play_00cc7d88-483b-44d7-a761-e2b972659ad5,google_play,2026-07-26T17:13:38,1,Worst Service,26.7.3,0,2
play_3c8cbb96-99df-410b-9ee0-8b3585d4ca0b,google_play,2026-07-26T17:12:18,5,good,26.7.2,0,1
play_46ebedf8-9cac-4859-8e0b-c60226e6d3ee,google_play,2026-07-26T17:11:07,1,un reliable.. doesn't give refund for damaged products.. or at least consider the query in the first place,26.7.3,0,18
play_58efec6c-fa5a-4dff-930a-d4105a878a50,google_play,2026-07-26T17:06:58,5,everything is good,26.7.3,0,3
play_92e480c4-c6d5-48d6-a129-d82e3d3da4d5,google_play,2026-07-26T17:04:52,5,does this app start delivering in pataudi on future times,,0,10
play_ce65a0e4-18c0-47cb-bb09-9e7d3370d2db,google_play,2026-07-26T17:02:46,1,"worst service, most of the times they sent the wrong items and if I visited the stores their behaviour is rudely speaking and not getting solutions",26.7.3,0,26
play_39456fd1-19e6-411a-9a49-f1107ca85cbe,google_play,2026-07-26T16:59:26,1,Never ever order from zepto. I ordered eggs tray and got hundreds of cockroaches in it. My room is filled with cockroaches now. Zepto stores are extremely unhygienic.,26.7.3,0,28
play_44e0678a-b609-4656-a3b3-abdfa9729ca2,google_play,2026-07-26T16:55:40,5,good,26.7.3,0,1
play_8b2da8dc-85d5-4f01-9e38-6a4dbc283ff0,google_play,2026-07-26T16:54:57,1,"I ordered the rice on this platform on 26July, 26 and when I received it, the quality was the worst that no human can eat. When I tried to refund or exchange for the product, the zepto refused to for both refund and exchange. I don't want to give even 1 star to the zepto. Never recommend buying anything from this platform.",26.7.4,0,62
play_5cee3af8-e87b-469f-a363-1d8f632bddb4,google_play,2026-07-26T16:53:01,1,the upload photo feature for the complaints is deliberately not working to prevent claims. despicable behavior by IT team for Zepto app.,26.7.4,0,22
play_8074ab66-9a7e-4819-9007-e933a7ee006e,google_play,2026-07-26T16:49:48,5,good service,26.7.3,0,2
play_cac68874-3473-4a03-871f-4701335c5aad,google_play,2026-07-26T16:38:59,4,its very good and use full,,0,6
play_05e1e75c-ecd1-4521-b671-f3abfe2650c8,google_play,2026-07-26T16:38:52,1,delivery charge Bada Diya Hai zepto bekar hai,26.7.3,0,8
play_4318e196-03b5-465f-822b-6a9d7e2dd6dc,google_play,2026-07-26T16:38:21,4,good 👍,26.7.3,0,2
play_bd5b9883-70f5-487e-9337-222beb93675c,google_play,2026-07-26T16:38:05,5,👍,26.7.3,0,1
play_653856a4-7e3b-4ac4-9285-df52371c185e,google_play,2026-07-26T16:36:58,5,super 👍,26.7.2,0,2
play_74d2ffa8-a1cc-4d72-ad6a-611091c2bbcc,google_play,2026-07-26T16:33:06,5,Good 👍,26.7.2,0,2
play_36d3403f-2abc-46f0-8148-03613595509b,google_play,2026-07-26T16:30:56,4,I am satisfied,26.7.3,0,3
play_13c07060-8059-48bf-b185-25567b01fb66,google_play,2026-07-26T16:30:40,5,nice,26.7.3,0,1
play_a1a49d76-96ac-4cc1-a63d-23513a4c8405,google_play,2026-07-26T16:26:13,5,"I am writing to raise a serious concern regarding the milk I recently purchased through Zepto. I suspect that the product is not original, as its taste, smell, packaging, and overall quality are different. This is a serious food safety issue, and I request that you investigate the matter immediately. Please arrange a refund or replacement and verify the authenticity of the product supplied through your platform.",26.7.3,0,67
play_68b34991-66ff-48bb-97d1-435aa70d3b23,google_play,2026-07-26T16:21:40,1,worst support system I've ever seen if there's any chance of showing how the app reacts while reporting any item I'll definitely show you guys . if you can't manage orr help the customer in need so please don't even give the support system or help line. so basically if u can't help don't pretend that you are available and helping,26.7.3,0,61
play_8f7e95dc-00c6-4e62-bbad-acad66e8fe9a,google_play,2026-07-26T16:08:13,1,the product on other app under 500 zepto shows 1600 😂🤔😡,26.7.3,0,11
play_ac92705a-442a-418f-8668-4e7818e1e90d,google_play,2026-07-26T16:06:30,5,good offers and fast delivery,,0,5
play_e19ed680-bac6-447d-9f95-11f35dc66dae,google_play,2026-07-26T16:04:29,5,exlent,26.7.3,0,1
play_aedd09ae-c82c-4d94-9feb-369b8a12d98d,google_play,2026-07-26T16:01:08,1,such a hopeless site items going missing for last 3-4 orders and their support team never responded well..please all of u uninstall this site.,26.7.4,0,24
play_30c44034-5349-46e0-9d24-19d4ba54e71f,google_play,2026-07-26T15:56:15,1,"fake rating, whenever I ordered, they sent bad taste food and today sent chai like poison. their food quality dropped and send randomly anything to the customers. they never check their outlets and just wasting customers time.",26.7.3,0,37
play_1b964b0e-6f98-4239-9841-b13206c3d8aa,google_play,2026-07-26T15:51:01,5,Its a Reasonable prices 😉,26.7.1,0,5
play_43c0c54c-ccf1-4cdf-b1cc-87b228328bcd,google_play,2026-07-26T15:46:08,5,Good service ⚡,26.7.3,0,3
play_44fa4ea9-7477-4844-a5dd-d47922083609,google_play,2026-07-26T15:45:43,5,good 😊,26.7.3,0,2
play_06d19f50-1cd8-4e53-9aca-51c317b4b20d,google_play,2026-07-26T15:44:45,5,good app,26.7.3,0,2
play_87527ebf-2a9a-4c23-a1bb-892792132b59,google_play,2026-07-26T15:38:24,5,on time delivery thank you,26.7.1,0,5
play_6a0df4f1-7515-4b19-962d-cab946a6de26,google_play,2026-07-26T15:38:08,1,worst experience. always receiving partial orders and if i complain they deny the further proceedings to resolve the issue saying your request cannot be proceeded further. other apps are far more better.,,0,32
play_d4b73333-5e9e-46c5-9326-00fa60eb9ed2,google_play,2026-07-26T15:34:20,4,sometime cash on delivery is not available here,26.7.3,0,8
play_644014d0-19f4-4661-a40d-fb6758e73599,google_play,2026-07-26T15:30:27,1,after 1 2 order payment always fail refund bhi 3 4 din me ata urgent chaiye saman or payment fail kardete jiske pass or paise nahi hoge vo kya karega,,0,30
play_864937a3-7d21-4be9-9a07-051e1ea8557d,google_play,2026-07-26T15:09:17,1,multiple times I experienced with damaged or quality less products. waste of money and not worthable.,26.7.3,0,16
play_39faad72-82ab-405f-b662-10de5207d0ef,google_play,2026-07-26T15:06:59,5,not delivered any item my location everytime,26.7.3,0,7
play_91b83ba4-9160-4db3-94db-d7c9b501c486,google_play,2026-07-26T15:03:22,5,nice 🙂🙂,26.7.3,0,2
play_9ea2aeab-3cf6-481e-a77b-1b9865a17c09,google_play,2026-07-26T15:01:23,1,"The only good thing for now is that unlike others they don't charge nonsense fees. Their AI bot is so stupid that if you ever need help, be prepared to waste 10 min arguing with it because it will just keep repeating similar nonsense. If you ask to connect to human agent, it'll still waste your time by insisting that it tries to ""help"" you. AI is not the problem but for cost cutting, zepto has made it so hard to reach an agent even for issues where they know that their agents cannot handle it.",26.7.3,0,96
play_e5ece3e7-36bf-4e4a-adf9-9731670dd89d,google_play,2026-07-26T14:57:46,5,good service,26.7.3,0,2
play_706af77b-fd0b-49af-b511-b950d72e7d04,google_play,2026-07-26T14:57:43,5,nice,26.7.3,0,1
play_18756efe-c672-47ea-90a9-866a7f40c31f,google_play,2026-07-26T14:54:06,1,Partial order was delivered. Items missing. Agents are not handling parcels prior payments. After payment we get the partial orders. This is the second time happening and really frustrating.,25.3.4,0,29
play_eaef058c-4136-4c26-843f-cafff6773adf,google_play,2026-07-26T14:52:44,1,No customer support. Pathetic service,26.7.3,0,5
play_ede674a7-530f-476d-8681-2f000acb776c,google_play,2026-07-26T14:45:20,1,"I had been seeing several reels about Zepto's poor-quality products, unhygienic stores, and rude delivery staff. Today, I experienced all of it firsthand. This has been extremely disappointing, especially as I have been a regular customer. Because of this experience, I have decided to stop using Zepto and have uninstalled the app. I will also be sharing my experience with my friends and family and advising them to consider other platforms.",26.7.3,0,71
play_eed98932-2d94-48aa-b676-dfcff250a2cd,google_play,2026-07-26T14:37:53,5,nice 👍,26.7.3,0,2
play_b3cd8997-d2da-4b9c-847a-f6ebb1549d8f,google_play,2026-07-26T14:36:36,1,"I am a long time Zepto user. I use this over Bliknkit. Planning to buy shares as soon as it gets listed. But of late things aren't that great on the app. The filling in Chicken Tikka Sandwhich is less. The sandwhich is better than fast food joints like McDonalds but you guys don't maintain the same filling quantity everytime. The first time I ordered it, it was great, the succeeding times it was average. Also the price is different on different phones. Please don't do this. (Add. Sheet reqd.)",26.7.1,0,90
play_ca9bd101-5fb0-441f-8e4c-6a8964cfc827,google_play,2026-07-26T14:32:58,4,best,26.7.3,0,1
play_ff5cdb4a-c39e-43ec-bd97-977c2a32dd60,google_play,2026-07-26T14:25:34,5,good,26.4.4,0,1
play_979d23c0-357f-440f-a2ea-64a19604976d,google_play,2026-07-26T14:24:19,4,nice serives,26.7.3,0,2
play_6c03fb14-9175-4bba-b33f-fed873847079,google_play,2026-07-26T14:21:15,1,"one order item not received and store people and help desk is not ready to accept, store people are cheating",26.7.4,0,20
play_2d424d6c-accd-4811-a8b6-97372db9014f,google_play,2026-07-26T14:20:36,5,super 👍,26.7.3,0,2
play_248e294c-e32b-4e83-a94b-1c2fc839e6ee,google_play,2026-07-26T14:10:04,5,khup chan,26.7.3,0,2
play_9ea1f950-b939-444d-b319-ed57874d645f,google_play,2026-07-26T14:06:10,3,nice app,26.7.2,0,2
play_7fde19bf-e328-429b-847b-86a0824462d8,google_play,2026-07-26T14:02:38,1,"Zepto is sending lot of offers through SMS and WhatsApp but when I go to App, nothing is there on same time. Kindly do not misguide and share wrong offers. hope you will take care.",26.7.4,0,35
play_7af82724-a480-44d9-a1b0-61d1b6260744,google_play,2026-07-26T14:01:00,1,they don't give refund of 102. rupees I take them to Court,26.7.3,0,12
play_6c899f31-608e-4315-b689-0473635a6a94,google_play,2026-07-26T13:56:54,5,ordered by miss take,26.7.3,0,4
play_86f21f7b-24e5-4886-8d82-31f134840413,google_play,2026-07-26T13:55:43,1,I haven't used zepto before and today I downloaded it is showing account on hold i mean like why I haven't used it before then also like very bad,,0,29
play_8ab43772-4fb6-4753-949c-0484f3787b36,google_play,2026-07-26T13:53:10,5,Great Prices within the budget,26.7.3,0,5
play_fc9f375f-bd0c-44c2-afc6-9964f346f906,google_play,2026-07-26T13:52:06,5,good service on time,26.7.3,0,4
play_150dd699-bfd3-41e6-880b-776b9c97c1b5,google_play,2026-07-26T13:51:53,1,even for food items you app say non food items in cart..its not allowing to pay via pluxee/sodexo,26.7.1,0,18
play_bc83060d-cfef-476a-bd25-a121e723489f,google_play,2026-07-26T13:50:37,5,Nice fast delivery,26.7.3,0,3
play_6d55abee-5665-46c2-b528-916bbeff5551,google_play,2026-07-26T13:50:06,5,very very thanks,26.7.2,0,3
play_81ca41ff-3914-45e9-8e51-838b9059f53b,google_play,2026-07-26T13:49:54,1,not good,26.7.3,0,2
play_dff2ccbc-d2b1-4db3-8fab-3cbc3d32c3e7,google_play,2026-07-26T13:42:14,5,really good app best package and short period delivery and super freshness i really love it 💕,26.7.3,0,17
play_399c29dc-063e-4418-809f-30abba69062e,google_play,2026-07-26T13:32:57,2,agar product quality sahi nahin to 1 rs offer mat dijiye,26.7.3,0,11
play_9a403d88-99ce-49ff-b573-0ebb3e4d690b,google_play,2026-07-26T13:32:44,1,Their delivery has become pathetic. no proper support on the orders. I am writing this now because I have been waiting for my order for more than an hour now.. If any one is ordering from zepto please select cash on delivery and cancel the order if they delay.,26.7.3,0,49
play_d3ba84d5-3524-4ddf-a1e9-945c9f44d9b9,google_play,2026-07-26T13:32:13,1,Poor services every time when you order weach time they will call you that item is not available canceled the order.,26.7.3,0,21
play_1cd22ee3-d221-4b14-a99f-3a6a2d436087,google_play,2026-07-26T13:28:42,5,good,26.7.2,0,1
play_ab66dafb-6469-4610-810c-f58879c6b837,google_play,2026-07-26T13:26:09,1,"doing fraud, always checking qty when receiving items .. I order pack 0r 6 they deliver one 1 piece .. received by kids next day when check ... complain.. but they reply directly that it's not our fault. even if their team clicks a photo of items they can check but doesn't want to satisfy the customer.",26.7.3,0,57
play_cd25e676-2615-4d7d-8a44-720a95728e05,google_play,2026-07-26T13:18:57,5,good,26.7.3,0,1
play_1cb7af4a-b812-441e-a33b-79891d89856c,google_play,2026-07-26T13:17:20,5,nice,26.7.3,0,1
play_446357eb-f022-456c-9ab4-2de33e2f0294,google_play,2026-07-26T13:12:53,1,"I paid in advance and placed an advance order in Zepto yesterday, but today at the last minute I received a message saying that some items are unavailable, so how did you take the advance payment and place the order? This was my first order on Zepto but I had such a bad experience that this will be my last order. And the extent of these people's deceit is so great that they just send you a message that your item is unavailable but don't give you any option to cancel order. i delete this app",26.7.3,1,96
play_431ce08c-d4e2-4a76-bf6c-20d785d56abd,google_play,2026-07-26T13:11:30,5,good,26.7.3,0,1
play_ed985b60-6ccc-43b9-a7ab-883eb821d4b0,google_play,2026-07-26T13:11:21,5,best app,26.6.2,0,2
play_f6f52899-df07-494f-81a0-f542d327e8f0,google_play,2026-07-26T13:06:21,5,mere zepto wale app mein 5 rupay wala zone kyun nhi hai ?,26.7.3,0,13
play_d5bec979-77c2-41e6-81de-bbb5b683019a,google_play,2026-07-26T13:03:13,5,nice,26.7.2,0,1
play_f29d0f7e-1416-41a5-b8d9-59342bcd452d,google_play,2026-07-26T12:57:52,4,I am not finding in my Zepto app the referral code.Please provide it as my friends are awaiting to get the referral code and purchase from Zepto.,26.7.2,0,27
play_728be1f3-4267-4898-ae86-50bb6afd1bd0,google_play,2026-07-26T12:53:39,5,nice 🙂,26.7.3,0,2
play_10e840f7-a094-4eb3-a678-700ec2769195,google_play,2026-07-26T12:51:47,1,"Really terrible customer support, tried to return a screwdriver set because of its poor quality and whenever it asked me to upload a photo and I did, the app reloaded and you are stuck in a loop, really terrible.",,0,39
play_12dafaee-8c9b-4d60-9ed7-dde3494f453d,google_play,2026-07-26T12:48:16,4,fast delivery,26.7.3,0,2
play_a1904191-d3b7-4b43-aa4d-caf94e58a488,google_play,2026-07-26T12:46:19,1,sent wrong product,26.7.3,0,3
play_fe53309f-6459-4534-a699-114f526333af,google_play,2026-07-26T12:42:57,1,delivery boys are very rude the don't know the locations and they tall rudely with us blinkit and other delivery boys of other apps they delivery at the exact location and in zepto orders gets very delayed they will show 10min and the order will come after 30-40min I hate ordering from zepto ...very bad service😡,26.7.3,0,56
play_63cc288e-0277-4ebe-b0f1-e6b99574c0c7,google_play,2026-07-26T12:42:24,5,🤩,26.7.3,0,1
play_fc1ad03f-a5a5-4c7f-936b-a8243a9dd921,google_play,2026-07-26T12:37:59,1,"Very disappointing experience. I have ordered milk from Zepto multiple times, but it is often spoiled or curdled before the expiry date. Even after raising complaints, I did not receive a satisfactory resolution or refund. This has happened repeatedly, so I have lost trust in the quality of their dairy products. I will not be ordering milk from Zepto again. Please improve your quality checks before delivering such essential items.",25.7.4,0,70
play_02b4212c-efc3-4d1d-8f02-0490535bfdef,google_play,2026-07-26T12:30:09,1,"Terrible service and poor packaging! > I placed an order worth ₹600 for the first time on Zepto. Despite a large grocery order, no carry bag was provided, and the packaging was extremely poor. Services like Blinkit, BigBasket, and Instamart offer far better packaging and support. Very disappointing experience!",26.7.4,0,49
play_033ed7ef-b1a2-4edb-bfb1-895b30542d00,google_play,2026-07-26T12:21:08,5,😲,26.7.3,0,1
play_01fc5984-eb9f-4e19-a131-fc18d55ce0b4,google_play,2026-07-26T12:19:51,5,loveeee itttttttttttttttt thanks zepto for making my dayy like i wowww,26.7.3,0,11
play_9fe7ed4a-1e7b-4390-8865-4eabb58cd831,google_play,2026-07-26T12:15:09,1,bas items less quantity fresh item,,0,6
play_ec93bd95-7cdc-40bd-bcce-c7732a63348a,google_play,2026-07-26T12:08:10,5,this is app so best platform in by purchase your items,26.7.3,0,11
play_358076d2-f1bd-4b5d-b738-f736be8c81fb,google_play,2026-07-26T12:08:02,1,"The quality of the products have been getting worse with each order. Ice cream is melted, vegetables are stale or rotten. And the worst part is their customer service.",,0,29
play_2fbad18b-c4b2-471a-8a3e-02c9f9bb2efd,google_play,2026-07-26T12:00:12,1,I can't see my referral code,26.7.3,0,6
play_fdeae55d-88f3-4fd3-adcb-1cf674ae3e7e,google_play,2026-07-26T11:59:23,5,nice,26.7.1,0,1
play_59d11ddf-f646-4118-90ee-1a1f72d03c1b,google_play,2026-07-26T11:50:19,1,they mentioned they hai return but no return,,0,8
play_663c704e-502e-466d-bfa4-0ea71dfddd65,google_play,2026-07-26T11:49:54,5,"zepto service is extremely on time , I enjoy ordering from zepto , for there promt service",26.7.3,0,17
play_ea13ab6b-ceec-46c8-955c-69806f7c3b89,google_play,2026-07-26T11:41:40,1,worst experience. delivery partner delayed by half an hour and unable to contact customer support. customer support is useless. they are rude especially Shikha Rawlani. doesn't resolve or listen to customer. just closes the conversation. 26/07/2026. now it's another customer support agent full of attitude. Customer support agent priyanka gamre. just replies nothing can be done. order will not be delivered on time. great job.,26.7.3,0,65
play_147750d6-a7ec-4a6e-85bb-3cf258344d4f,google_play,2026-07-26T11:35:57,5,very good,26.7.3,0,2
play_8cfb5715-95a3-484a-915d-17aefe17b336,google_play,2026-07-26T11:33:00,1,I have purchased a fan and quality is poor product return has been disabled for the item. The product quality is not as expected or shown in the image. It is very small and the wind is very less. The purchase in the zepto app is getting scammed. After the purchase the return is displayed for such big products this is getting loss for the customer pocket and this is loosing trust in customers,26.7.3,0,74
play_b770f475-9557-4b2b-9438-4924fe3b7eb9,google_play,2026-07-26T11:30:15,1,"The shades looked dark in the photo, but they turned out to be very light after I received the product.i am very disappointed",26.7.3,0,23
play_644bccfd-539e-4d75-a42b-4bb43831affe,google_play,2026-07-26T11:24:57,5,excellant,26.7.3,0,1
play_44f68942-bbd4-49b7-944c-fda4e07d7bea,google_play,2026-07-26T11:22:36,5,nice delivery,26.7.1,0,2
play_8325a82e-2d73-471c-b01f-b563acbf0843,google_play,2026-07-26T11:21:12,5,good,26.7.2,0,1
play_b7c0214c-4497-4707-a87c-6dda95427368,google_play,2026-07-26T11:19:29,5,gud,26.7.4,0,1
play_a5f79b97-60da-45a9-99da-745a9907ab52,google_play,2026-07-26T11:16:11,1,The most frustrating app i have ever seen. It has a bad customer service support. It is not accepting my returning request because I received the wrong product. When I upload a photo of the product the app starts again and I have to do all the things again like writing about the wrong product and when I upload a photo again it does the same thing. very disappointing app.,26.7.3,0,70
play_53b8ab67-c736-4645-b76c-0a248347ba5c,google_play,2026-07-26T11:08:37,1,bhot hi bekar service h. koi customer support nhi hai. kharab product bhejne ke baad apna ye koi responsibility bhi nhi lete. market jao or fresh kharido.,26.7.3,0,27
play_dc73890e-5041-49b3-b96a-e7a7f2c7b7b0,google_play,2026-07-26T11:03:45,5,zepto very useful about myself why I install zepto because tomorrow is my district Level Competition and I have want zipper lock metalized pouch in urgent today and the app deliver so fastly so thanks for urgent situation,26.7.3,0,38
play_8b45aa9f-39f7-4876-9c72-3467a606e3b4,google_play,2026-07-26T10:59:14,5,superrrb,26.7.3,0,1
play_f4a16dac-3cc0-43cb-af87-49376fdad9ea,google_play,2026-07-26T10:57:34,5,NICE APP&SERVICE!,26.7.3,0,2
play_0f8c1cd7-96ff-4831-8299-b7068b2d4063,google_play,2026-07-26T10:56:37,5,good,26.7.3,0,1
play_afe94c57-9b68-465f-8bbc-ea91647e52a7,google_play,2026-07-26T10:51:41,5,very good,26.7.3,0,2
play_15dddff3-9067-4a70-8d67-ac189403cf81,google_play,2026-07-26T10:49:53,4,good as of now,26.7.3,0,4
play_fd701f3c-a2b5-462d-b969-d4ecb4a2afa1,google_play,2026-07-26T10:47:35,5,service and delivery is too good,26.7.2,0,6
play_1a126521-42c3-43a1-8072-3a084a7547dd,google_play,2026-07-26T10:36:08,4,good service,26.7.3,0,2
play_612db6e9-8a7c-4346-b406-6ceebb6f7ffe,google_play,2026-07-26T10:24:41,1,This online delivery platform is the worst among all delivery platforms. horrible experience. PLEASE DO NOT INSTALL IT.,26.7.3,0,18
play_0edf0265-ec8a-46d4-a95d-b8933693a98c,google_play,2026-07-26T10:23:57,5,happy,26.7.3,0,1
play_517d3303-7854-4b32-83d4-7da73f8aabe4,google_play,2026-07-26T10:22:28,5,good 👍,26.7.3,0,2
play_c0762229-d67e-4c20-be8f-527470065f0c,google_play,2026-07-26T10:11:30,5,good delivery very Useful,26.7.3,0,4
play_333c94e8-1cc2-4292-a004-87c0a6a9073b,google_play,2026-07-26T10:06:24,1,Keeps delivering rotten products and justifying that it's delivered as per their standards. Milk is always curdled. Never taken any action or replacement. This is also delivered as per their standards. The customer support is of no support anymore.,26.7.3,0,39
play_4983b428-11fb-4d57-a66d-3aa391a10bb3,google_play,2026-07-26T10:06:22,4,fast sarwis good apps,26.7.1,0,4
play_c28f4e9e-370e-4f92-8fd7-06723d2fa276,google_play,2026-07-26T10:05:56,1,"1 Star – Very disappointing experience with Zepto. I received a curdled milk packet, but my refund request was rejected even though the product was unusable. Sometimes items are missing from orders,the worst part is the customer support. They only copy and paste the same standard reply instead of understanding or resolving the issue.",26.7.3,0,54
play_c926bcd1-c127-4020-99ff-4f0116031684,google_play,2026-07-26T10:05:00,5,Good,26.7.3,0,1
play_96e6b731-737f-4865-8a15-47351e7cf6fd,google_play,2026-07-26T10:00:25,5,Good price and service,26.7.3,0,4
play_9c7e2f67-bd12-4204-a00b-1aa0ebe855c9,google_play,2026-07-26T09:47:19,5,first delivery,26.7.4,0,2
play_b277dd17-de87-4ce9-9d50-fd65442b5242,google_play,2026-07-26T09:45:24,3,good 👍,26.7.2,0,2
play_432fdd86-cece-4ce7-bd1d-390d95ab7f1c,google_play,2026-07-26T09:43:47,5,good app and good service fast service,26.7.4,0,7
play_f1ef0e74-6a3d-478b-b631-fc5be786d976,google_play,2026-07-26T09:40:13,5,good 😊,26.7.3,0,2
play_fba8c1f5-bbe0-4ec7-8907-6c1124e2a006,google_play,2026-07-26T09:32:18,4,very fast delivery like zepto❤️,26.5.4,0,5
play_835078ed-0deb-42b2-a954-522f5dc9a9c2,google_play,2026-07-26T09:22:14,5,good,26.6.1,0,1
play_2b52fbe7-5389-4eff-b1f9-cb192dc78864,google_play,2026-07-26T09:19:04,5,very good,26.7.1,0,2
play_128cc6f3-ff3a-4a88-92d1-9700619e639d,google_play,2026-07-26T09:00:54,1,items damege,26.7.2,0,2
play_06611734-def0-4084-831b-7db5a4dacb9a,google_play,2026-07-26T08:53:11,1,delivering the wrong amount of products,,0,6
play_75e01ae1-62a9-4fe4-8e4a-a6f585d19809,google_play,2026-07-26T08:51:48,1,"the worst quick commerce company, beating them with show is the best treatment for that type of companies.",,0,18
play_08d33b5a-6623-4da9-800f-2a1447a96d8c,google_play,2026-07-26T08:36:12,1,Didn't given my bhim cashback.,,0,5
play_235be029-85c8-478e-8dbe-0f55cf57c31f,google_play,2026-07-26T08:29:41,5,bestttt,26.7.3,0,1
play_7a74ef6f-6873-4e35-bd45-7b428eecadf6,google_play,2026-07-26T08:22:13,5,good,26.7.3,0,1
play_f03ca4c7-1c5c-4986-a02e-32e5e77a0617,google_play,2026-07-26T08:05:42,5,very helpful in all situations,26.7.3,0,5
play_0c0eb391-21fa-4cec-8863-bfd787721f11,google_play,2026-07-26T07:55:53,2,vegetable are not good quality anytime delivery is very late,,0,10
play_0bc11217-0ca0-40f8-97ef-afc7f36e0877,google_play,2026-07-26T07:48:28,1,i ordered two pack received only one bottle zepto boys are doing fraud with customer don't buy products from zepto i have emailed to company but company least bother This is not first time zepto boys regularly steal customer products and delivered half products,,0,44
play_cc876779-b874-47cb-aa72-94049f09997a,google_play,2026-07-26T07:41:51,4,"I don't know whether Zepto has any customer care number or not. If available, please provide me. App needs to highlight about the claims of the customer before paying finally.",26.7.3,0,30
play_e696a2b1-5bf7-4da9-a332-0b3371c2a356,google_play,2026-07-26T07:38:16,5,fastest delivery,26.4.3,0,2
play_8fe42384-a769-40bd-951b-f26914b1cfa1,google_play,2026-07-26T07:27:11,5,very good,26.7.3,0,2
play_5e746139-3ed4-4274-ba47-5ed442b6f15e,google_play,2026-07-26T07:25:24,5,zepto is helpful,26.6.5,0,3
play_fc53d57c-8739-4432-85ac-3d81022c603c,google_play,2026-07-26T07:12:13,5,दूध फट गया है,26.7.3,0,4
play_d679ec75-7a1d-418b-9dee-7c81b3005591,google_play,2026-07-26T06:47:37,4,Good Service,26.7.3,0,2
play_67b81546-5cc4-4708-81c2-c4e5e7b93dfc,google_play,2026-07-26T06:41:49,5,best,26.7.3,0,1
play_58cb3aff-4169-4462-86c6-d8013c58c3d8,google_play,2026-07-26T06:28:54,5,Nice 👍,26.7.2,0,2
play_e9883c89-b0fc-4958-a47b-fa0fc090b4ec,google_play,2026-07-26T04:13:54,5,good,26.7.4,0,1
play_19339d4f-fe1e-449b-911e-bab40a61e38a,google_play,2026-07-26T03:26:58,5,very nice,26.7.3,0,2
play_84cda8c6-a996-4d9d-8f43-6ad30b517855,google_play,2026-07-26T02:54:33,5,Asowem,26.7.3,0,1
play_8a78bee0-789c-4322-97e6-058153c7916d,google_play,2026-07-26T02:44:52,1,they have the nerve to remove COD when they had once give torn milk package and i didnt accept delivery for the same. no COD = NO ORDER,26.7.2,0,28
play_5943aad7-118e-4489-9003-60b5caccc3b7,google_play,2026-07-26T02:44:05,1,"worst customer experience ever had, the customer service guy simply says thank you and does not even listen to you, this is how zepto treats customers, please avoid downloading zepto and find a better delivery app who treats customers better.",26.7.3,0,40
play_ac5d8ec0-898e-4a0e-ba3d-13d07fcd7b93,google_play,2026-07-26T02:20:16,1,worst app giving fake promises it has been 45 minutes still it is in packing and they kept bot which don't help at all. last time using this worst app,26.7.3,1,30
play_36d3d5ed-803f-44ac-a2dd-5e9c72de971d,google_play,2026-07-26T01:38:32,1,lauda application,26.7.3,0,2
play_b2db296d-e44b-4621-8502-f133b2821295,google_play,2026-07-26T01:28:15,5,good 👍,,0,2
play_fc061071-fd9c-45ef-98d5-f4b3a008a683,google_play,2026-07-26T01:28:05,1,"one of the top froud app, pathetic service, i have already mail but no resolution provided ,i think developer is blind to see that i have alreday mail to mailid provided",26.7.4,0,31
play_91cd9ddc-b0a6-4a0c-9374-8bd91587c9ec,google_play,2026-07-26T01:15:31,1,no good offers,26.7.3,0,3
play_078314bd-2864-425d-8add-383fdbf2c757,google_play,2026-07-26T01:13:47,5,good,26.7.3,0,1
play_3841acb7-6478-42b2-b435-79919a8796f0,google_play,2026-07-26T01:11:22,1,order anything which is supposed to be cold it arrives really dirty. order yoghurt it arrived with rat feces stuck to it. Fssai should shut these stores down . update: ordered again now mrp mismatch in orders and receiving automated responses again and again. appears shady practices are a part of zepto.,,0,52
play_ed289364-1275-42f4-8bc0-280553a071aa,google_play,2026-07-26T01:02:23,5,good 👍,,0,2
play_d4e0140f-d039-4982-8d1a-4f0df455de87,google_play,2026-07-26T00:45:40,5,good,26.7.4,0,1
play_38b9a1b3-8745-4743-afb1-a0b98b3f9e27,google_play,2026-07-26T00:42:22,5,apnader location tracking thik korun...jara delivery koren tader khub osubidha hoy.,26.7.1,0,11
play_cd1c8cf8-bbe1-4309-809a-e4e7e065bbe6,google_play,2026-07-26T00:33:21,5,👍,26.7.4,0,1
play_0944837e-d784-4cd8-9725-ce15abf23439,google_play,2026-07-26T00:32:33,3,Was enjoying using your services but have now stopped due to exorbitant handling fee charges. Or else the service and offers have been good.,26.7.3,0,24
play_afbc8940-f243-43ed-97dc-985b6b364054,google_play,2026-07-26T00:19:01,2,Bad support center staff. Refused to acknowledge a product I bought was misadvertised despite me providing evidence.,26.7.3,0,17
play_60b116e9-9e76-4ad7-97bc-db73a1617518,google_play,2026-07-26T00:13:29,1,"waste of time, showing 9 minutes but delhivery 25 minutes, very bad experience. no response of whole team",26.7.1,0,18
play_8cae99c9-019d-477a-b36c-134a0735b967,google_play,2026-07-26T00:00:43,5,nice,26.7.3,0,1
play_3a5c2272-8ab3-4018-a2d0-9cbd355419f3,google_play,2026-07-26T00:00:37,1,"Terrible experience, pathetic customer service!​ I'm extremely disappointed with Zepto. What they show on the app and what they actually deliver are completely different.Poor quality and rotten vegetables and underweight items If any product is miss Even with photo proofs, they refuse returns or refunds.I ordered beans, they sent borboti at the same price. Customer support is completely useless, denies all responsibility, and offers zero help. Strongly advise everyone to stay away from this app!",26.7.2,0,75
play_67785b06-c250-4b5a-bd9e-7c57c5204225,google_play,2026-07-25T23:55:52,5,Nice and fast delivery 👌 very good service 👏 👍 👌,26.7.2,0,11
play_481398c1-8ecb-4a81-a7b7-ecc37ca99b19,google_play,2026-07-25T23:51:26,5,"bhai dil se love you zeptooooo, whenever I want something you gave me i appreciate it 🥹😭💗🫂",26.7.2,0,17
play_e0a8c5eb-1604-41c6-abd6-e8870012e409,google_play,2026-07-25T23:51:24,1,"They delivered melted ice cream. When I complained, they only apologized and refused to process a refund or replacement. Instead, they gave me a coupon requiring a minimum purchase of ₹1,700 for items I don't even want! Extremely disappointing and terrible service from Zepto. Please process a full refund immediately.",26.7.3,0,50
play_4e235481-026e-4745-a872-0e8833f190c5,google_play,2026-07-25T23:50:35,1,"This was one of the most disappointing experiences we have had with Zepto. We ordered ice creams, but every single one was delivered completely melted. This is not a minor inconvenience—it is a complete failure in handling temperature-sensitive products. Delivering melted ice cream is unacceptable and shows a serious lack of quality control and care during delivery. To make matters worse, instead of providing a proper refund to our original payment method, Zepto issued a coupon. This is not a ge",26.7.3,0,81
play_aad396de-3412-4293-9eee-8f8df6572846,google_play,2026-07-25T23:47:27,2,why don't you guys keep American club NY cool cigerattes,26.6.2,0,10
play_51818c87-832a-4b83-b0bf-3ed7ba61ed07,google_play,2026-07-25T23:46:54,1,"worst customer support service, they deny the claims of damaged products or rotten product if we send picture proofs and also deny request for replacement or refund. more worst is they don't have the chat option, we have to mail everything with order ID and customer details.",26.3.4,0,47
play_c43b6213-fdbf-4ed3-80ef-b454297a2ae1,google_play,2026-07-25T23:46:44,5,super,26.7.3,0,1
play_12a32157-5e26-4876-b742-d3e7ca5534b4,google_play,2026-07-25T23:44:33,5,super awesome 👍😎,26.7.3,0,3
play_33ec0939-99c2-4a8d-9c66-4d01278bdf4f,google_play,2026-07-25T23:37:46,5,good,26.7.2,0,1
play_d47198d8-3d87-465a-b384-c4609c3f54db,google_play,2026-07-25T23:36:27,5,nice app to order thing at the last minute,26.7.2,0,9
play_f364aa39-67a2-4a8f-8253-5535633c70aa,google_play,2026-07-25T23:33:04,5,nice 👍,26.7.3,0,2
play_79621bb1-515b-40c0-8fe3-110da974e52a,google_play,2026-07-25T23:32:30,5,goooood,26.6.2,0,1
play_93c2bf3d-034f-458e-bfb0-5d1d1a1df302,google_play,2026-07-25T23:04:12,1,Zepto keeps the poor products of any local brands which test very nad,,0,13
play_a738c6f2-dd42-4018-a79e-a781a21ff12d,google_play,2026-07-25T23:00:23,5,Good,26.7.3,0,1
play_dbc3c85f-a18c-4084-b444-8a435e419089,google_play,2026-07-25T22:56:24,1,"very bad experience. ordered 3 times , amount deducted but order rejected and got cancelled automatically.",26.7.4,0,16
play_0e4e235e-20b1-4744-8998-f4e756150ccb,google_play,2026-07-25T22:53:15,1,bakar offer ha 49 wala best tha,26.7.4,0,7
play_15dd4e4d-f7ef-4d00-893a-f70c2f1c750e,google_play,2026-07-25T22:53:07,5,good,26.7.3,0,1
play_80031033-95f0-407b-9769-55071edb5d17,google_play,2026-07-25T22:50:32,1,pathetic experience day by day. they deliver expired and products with less quantity. when mailed with proof of weighing scale and image of expired product they respond that they delivered the correct product from their end. clearly they just want to steal and deliver less quantities with no accountability.,26.7.3,0,49
play_963da580-346c-47b2-9e51-3e3df0fc2f6a,google_play,2026-07-25T22:50:24,5,thik hai,26.7.2,0,2
play_cb530479-8bc2-46a0-a5e9-7d417c15383f,google_play,2026-07-25T22:47:20,5,good,26.7.3,0,1
play_025e933b-7224-455f-9c68-3f1ecf1c1580,google_play,2026-07-25T22:46:49,1,100%reckment,,0,1
play_ba5fda51-dc08-418f-a802-785071bdca91,google_play,2026-07-25T22:45:42,1,bad experience delayed delivery,26.7.3,0,4
play_4ad1d30c-2ddb-40d1-aaaa-5df5935e405e,google_play,2026-07-25T22:45:41,5,good delivery,26.7.3,0,2
play_6b9259c1-10f2-4741-b942-768e7093163d,google_play,2026-07-25T22:33:19,1,offer not so good....5rs offer is not completed less quantity...,26.7.3,0,10
play_85c82cfc-987d-468f-90c2-f315ebcfaa23,google_play,2026-07-25T22:30:54,5,good 👍👍👍,26.7.3,0,2
play_22991b40-fbc2-4b9a-822a-1f4b59d4b442,google_play,2026-07-25T22:30:45,5,thank you,26.7.3,0,2
play_295752cb-ec67-4977-bfb2-222d9f8d624d,google_play,2026-07-25T22:29:57,5,very fast free delevary and good and fresh taste no any complaint 🥰😍,26.7.3,0,13
play_e7060a0a-7513-46ab-9081-32724700d5f0,google_play,2026-07-25T22:27:50,5,very nice ☺️ aap 😄 i love this 😁 aap ❤️💌 this is too good and blinkit is very bad 😞 i don't love blinkit I love zepto 🤌❤️🩷.......,26.7.3,0,29
play_cabce03c-b5c0-45c2-b206-8ac75c158868,google_play,2026-07-25T22:18:48,1,Your order shows up in 15 minutes and arrives in half an hour. 3rd class kuch Sikh lo blinkit se 5 min se 6 min ni hota,,0,27
play_caad4ef4-ae21-4630-8417-939eebf4b9c3,google_play,2026-07-25T22:15:27,1,"It's really good, but there's no option to cancel the order 😕",26.7.3,0,12
play_bd6b894d-dc26-4b73-b152-61ce544b8b1f,google_play,2026-07-25T22:14:05,5,Good,26.7.2,0,1
play_91657b78-48fc-45be-8441-b5a999baff45,google_play,2026-07-25T22:09:24,1,ఇది ఒక తిక్క పుకు యాప్పిచ్చి పట్టి నట్టి ఉండుంధి nenu zepto రైడర్2 సంవత్సరాల నుండి రైడ్ చెస్టునా అత్యంత చెత్త అనుభవం మరియు ఆర్డర్లు గురించి ఎంత తక్కువ mataldithey antha మంచిధి చి డిని అమ్మ,,0,29
play_fcda85ff-d1dd-42b7-8aeb-4761f1ab2185,google_play,2026-07-25T22:02:53,1,The most pathetic experience..,26.7.3,0,4
play_298cf62d-df9c-4568-abec-03658bb57a48,google_play,2026-07-25T21:51:22,5,it's good 💯,26.7.3,0,3
play_a71a8b0e-48b8-4e68-b070-d2934b7176b8,google_play,2026-07-25T21:49:57,3,"after sales, not responding so..",26.7.3,0,5
play_f00611ab-387f-4088-9891-faa5f4711fd9,google_play,2026-07-25T21:37:54,5,Good Delivery Experience,26.7.3,0,3
play_258d54c1-3402-4027-bb0b-dca35c04b691,google_play,2026-07-25T21:36:25,1,pathetic experience. once you place order they will accept and then remove some products as undeliverable without your permission and wont even give option to cancel. plus they wont send some product out of the confirmed ones. never order their open box delivery products. they won't send 1 or 2 product and delivery guy says raise complaint and refuses to take back order. After raising complaint they will not give refund. complete fraud happening.,26.7.3,0,74
play_e2524fd3-4f31-4d48-bcb3-d9c6db57291e,google_play,2026-07-25T21:26:23,4,nice,26.7.3,0,1
play_52819f53-f02d-4a6e-b9e4-d9473f037161,google_play,2026-07-25T21:13:30,5,I am very happy,26.7.3,0,4
play_bc6cb5ac-48db-4934-8389-e7814efb9baf,google_play,2026-07-25T21:11:23,1,"ZEPTO IS A SCAM!!!! Ms Janki Choudhary, Ms Nadia Katoon and the delivery executive (whose no. both are not ready to share) are all jointly involved in the scam. My 6 orders worth rs 1024 is missing. I have also shared the pic of items received,they are not helping me to: 1. share the rider details to check where he has delivered 2. share the pic he has shared to confirm delivery 3. refund of the money since it was not resolved. Also, please hire team who can resolve issue.",26.7.3,1,90
play_782dd301-8e2f-462b-86d3-fc8e968d9c7c,google_play,2026-07-25T20:55:16,5,good experience,26.7.3,0,2
play_69bb106e-dd64-4c6b-acea-eb2ec8c68aa8,google_play,2026-07-25T20:45:14,5,ओके,26.7.3,0,1
play_5dbebc91-8d51-4e8b-82b5-8d1ef581f481,google_play,2026-07-25T20:44:30,5,ok,26.7.3,0,1
play_a2e8b992-ebe8-42c1-b657-f5829c441682,google_play,2026-07-25T20:43:07,1,"This site is a fraud ..today I ordered my grocery item ...it was showing that I will get my item in 15 min. But not just the item , even the delivery man had not shown up . Then when I want to help line they say your is sent already it was confirmed, then close the conversation. ...my item was about 500 rupes something .",26.7.3,0,66
play_410411be-95cc-40ca-8425-6456d7a64198,google_play,2026-07-25T20:37:22,1,promises in 8 minutes but might take 80 minutes. pathetic services and no support. Rest anyway so many reviews talks about quality etc. but dont fake commitments.,,0,27
play_f53f83f0-f9bd-4e45-8691-23e76f3ba6b2,google_play,2026-07-25T20:24:41,1,They were just selling garbage to the user as they ordered 10 times from zepto and i didn't get a product compared to the image that they upload and you just check there samples to lab i think they send expiry and misprint the date again and agin,25.6.2,0,48
play_818419d2-27da-41e2-8797-4094d2f2d8a9,google_play,2026-07-25T20:23:34,1,bad 😔 product second time,26.7.3,0,5
play_20bc78e0-220a-4950-b8c5-90282b4cecdc,google_play,2026-07-25T20:21:58,5,very good,26.7.3,0,2
play_778d19f8-9517-4f98-8e1b-0330802505f2,google_play,2026-07-25T20:16:21,1,poor product,26.7.3,0,2
play_0e85e86e-040b-4097-8908-bb224c8fce30,google_play,2026-07-25T20:16:16,5,very good experience,26.7.3,0,3
play_f19094b9-e433-45fb-b15a-925164aabe9c,google_play,2026-07-25T20:08:30,2,customer care executives are not well trained and their behaviour is not good 👎,26.7.3,0,14
play_7fb94fbb-8a5b-4bd0-8999-35ca73ec80fc,google_play,2026-07-25T20:05:35,5,good,26.5.5,0,1
play_c49eec96-f264-4bb3-a3ab-aa1d7354d2fd,google_play,2026-07-25T20:04:47,1,I received the wrong product but Zepto is not refunded back even though I sent a lot of Mails.It is really very tough in these times to connect with Zepto customer support..Really disappointed with Zepto I already shared all the details but the zepto team is sharing automatic replies only .,26.7.3,0,51
play_80fcedaf-4cab-4968-b068-a26c655e21d8,google_play,2026-07-25T20:04:41,5,good,,0,1
play_127ef5f3-525e-4a39-982d-621927b11e48,google_play,2026-07-25T20:03:02,5,best app to buy products and fast delivery,26.7.2,0,8
play_0338ebda-5d74-4755-85a0-b616ce614a63,google_play,2026-07-25T20:00:26,5,Supportive Application.,26.7.3,0,2
play_23f4621b-b76f-47d2-9728-9d0d34410891,google_play,2026-07-25T19:59:21,4,love 😘,26.7.3,0,2
play_cb61d737-fc42-4a85-a4cc-877c68dd9492,google_play,2026-07-25T19:55:06,1,not good app,26.7.3,0,3
play_e0236599-f805-4d81-9a35-6ba45563b730,google_play,2026-07-25T19:52:49,5,good partner,26.7.3,0,2
play_e5fe08ec-a886-495a-a414-f2a538046604,google_play,2026-07-25T19:48:48,5,excellent I'm very glad to see this every time offer I love this app,26.7.3,0,14
play_735c807a-64da-4b30-bb70-2e2284dddf22,google_play,2026-07-25T19:47:45,4,nice,26.7.3,0,1
play_1a1d5670-9486-4554-b40f-d5d03fe43fae,google_play,2026-07-25T19:43:22,1,"pathetic experience, always delivering wrong products & giving refund, Refund is not always the solution, again if we have to place the order for smaller value, delivery fee is 30 . seriously customer support gives only automated responses 😤🙏 pathetic pathetic experience.",26.7.3,0,42
play_c0f0690b-e30f-4631-b893-29a0cf27ade0,google_play,2026-07-25T19:43:20,1,App is very worst the delivery boy took my exchange and yet not gpay or given me cash by telling me that I have no money and their customer care is continuously cutting off my call worst experience it was my first and last experience,26.7.3,0,45
play_5cd5e093-f00e-408c-8666-89e088b925d6,google_play,2026-07-25T19:35:02,5,Request if you could please send the order delivered in a carry bag. Thanks 🙏,26.7.3,0,15
play_80f54879-1a63-4c55-a379-9213781288df,google_play,2026-07-25T19:32:03,4,good,26.7.3,0,1
play_c41714ed-32c4-4245-8b86-09f9e29b9c7c,google_play,2026-07-25T19:31:47,4,too expensive 😪,26.7.3,0,3
play_f5b67e9c-778b-462b-8ea4-6d6f55ded341,google_play,2026-07-25T19:30:13,5,good service,,0,2
play_226a592e-9851-4ce4-a3c2-e8925505a5f1,google_play,2026-07-25T19:23:22,5,good.,26.7.3,0,1
play_85e4ce84-2f69-4224-96c7-8e75a250e534,google_play,2026-07-25T19:20:38,1,very bad app giving wrong product and there is no good customer support for conversation,,0,15
play_b5dcd529-a304-401a-835d-01a1a5e02829,google_play,2026-07-25T19:20:07,5,Very Fast delivery 👍👍,26.7.3,0,4
play_8b06beea-8519-48da-b342-d266f53366f6,google_play,2026-07-25T19:12:05,5,so good 👍,26.7.3,0,3
play_62a58b99-f17c-4088-984e-276149442592,google_play,2026-07-25T18:55:25,5,this is the best app from which you can order products firstly items are cheaper than their actual price secondly they deliver it fast really my favourite app to order,26.7.3,0,30
play_53252c9a-6460-418c-9f9d-8dc562962de9,google_play,2026-07-25T18:47:49,5,very good supply,26.7.3,0,3
play_5547249d-a8ac-4d17-a290-8ee5e601ae8d,google_play,2026-07-25T18:46:14,1,have faced lot of issues when ever I ordered always received low quality products and c grade vegetables if you ask them they will not respond properly as it is not their responsibility at all. as we did the mistake by ordering through their app. Swiggy is far better than this. waste of energy and your hard earned money.,26.7.3,0,59
play_1be132c4-a791-490e-bc01-cd6251c26f36,google_play,2026-07-25T18:41:14,5,good,26.7.3,0,1
play_77d4296b-6a50-4ca5-ab2b-32fe1bd835dd,google_play,2026-07-25T18:35:55,5,ok,26.7.3,0,1
play_8be149f1-cc20-41f2-acfc-c6d51cd42b5d,google_play,2026-07-25T18:33:01,5,Good,26.7.3,0,1
play_d946e69a-852a-4323-8b29-0322ec2bf1cd,google_play,2026-07-25T18:28:12,5,ek number bhai,26.7.3,0,3
play_6fb0f314-ae22-4b80-8940-71091958dcae,google_play,2026-07-25T18:23:11,5,very nice & fast service,26.6.2,0,5
play_c01a8326-6759-4756-9156-4abee9831f6a,google_play,2026-07-25T18:22:03,5,top class,26.7.3,0,2
play_4ac9f172-4af2-4a74-8c79-b47ff0b6cba4,google_play,2026-07-25T18:15:18,5,Best app for the instant orders with moderate to low prices on the items.,26.7.3,0,14
play_98e9b7ae-bcfe-4051-a4bc-e7815b156d81,google_play,2026-07-25T18:10:52,1,"don't buy any electronic from this scam company and even if you buy don't trust them open your box before accepting order never trust them, if you get empty box just because of you trusted them, you will pay the price their pathetic customer care will never help you and will give you false information if you won't check before accepting you will pay heavy price don't trust this chor company they scam people their always turn out bad quality iteam with defect never from these people chor ha sala.",26.7.3,0,90
play_c37284d5-f325-4db4-ad60-dc96a637cbc7,google_play,2026-07-25T17:52:41,5,"very good service, reasonable prices",,0,5
play_e208e16e-3297-46fa-995a-c401bd36b58e,google_play,2026-07-25T17:47:44,5,superb service,26.7.3,0,2
play_4737bab1-5e76-415f-b264-ca60ca6e117f,google_play,2026-07-25T17:42:52,5,good,26.7.3,0,1
play_8649e2b9-03ae-4214-87c8-4793adb4fd37,google_play,2026-07-25T17:36:31,5,good good,26.7.1,0,2
play_77f8deb9-ae03-4fe7-8175-db656b6587fd,google_play,2026-07-25T17:31:56,5,free delivery de do,,0,4
play_541ceb2c-55f9-4fa5-9ebf-6bb44c43f784,google_play,2026-07-25T17:31:40,1,bad very bad,,0,3
play_f1aa7b3a-a2ad-4f94-a59b-819863801cb3,google_play,2026-07-25T17:30:28,1,ery bad quality,26.7.3,0,3
play_e60beb21-171b-40ed-9cb6-a6709e9922cd,google_play,2026-07-25T17:30:06,3,2 mahine guzar gaye lekin mere area m coD band kar rakha I'm from Bareilly gulab nagar,26.7.3,0,17
play_dd12a318-b419-46db-8321-8e418fee6d53,google_play,2026-07-25T17:27:17,1,Now it's totally Fraud app... what seller sending he acting on that... not user issue resolution. almost 7 times Zetpo fraud with me. thanks. Now we are moving on Flipkart 5 mints due to your activity,26.7.3,0,36
play_78a772bb-0c6d-4ec9-a1cf-15cb34923a80,google_play,2026-07-25T17:22:46,1,"one of the worst customer support, just scripted messages with no real action",,0,13
play_c8758d2c-08e6-4452-bc08-f31cb59da76d,google_play,2026-07-25T17:20:15,1,very bad delivery partner zepto delivery partner hit me he come from wrong side and hit and my right foot fracture and delivery partner drive the vehicle very bad and they are not see on the road . And one more thing they are arguing with us and I want to say zepto official this is not good for you,26.7.3,0,60
play_7820bf00-733e-4d29-a92c-b98a2aaca01f,google_play,2026-07-25T17:13:59,1,Worst Customer Support. Repeatedly delivered damaged and rotten products even after filing complaint. Neither replacement nor refund received. There is also no customer care number. Don't use this application.,26.6.2,0,29
play_6fd48afc-e758-45ae-aa37-740d044ea0d8,google_play,2026-07-25T17:10:22,5,good 👍 job,26.7.3,0,3
play_0d123ad1-3684-4793-beb0-abfc03bf050c,google_play,2026-07-25T17:07:01,5,good 👍😊,,0,2
play_92c790d5-99f0-43ce-ac72-e625c26b6a82,google_play,2026-07-25T17:04:52,1,there are payment issues when I order food the money is deducted from my account and the order is not placed,26.7.3,0,21
play_8a43f260-0433-40e8-a983-773c86affe09,google_play,2026-07-25T17:03:58,5,Thank you Zepto ur sarvice,26.7.3,0,5
play_b20f76f1-a1a6-4224-9dd5-29c4e2d914f8,google_play,2026-07-25T16:55:06,1,FAKE COSMETICS.. I've been ordering cosmetics from zepto for a very long time but won't be doing it anymore. I ordered l'oreal hair product and received a fake product instead. you can easily tell by the logo. PLEASE CHECK THE AUTHENTICITY of your products,,0,44
play_1c425dc5-ad7b-45e5-88fe-39289a7ec0bc,google_play,2026-07-25T16:47:16,5,good 👍,26.7.3,0,2
play_fd2f0558-00de-4c8f-b2a3-2ee72092ba63,google_play,2026-07-25T16:45:38,5,very nice app,26.7.3,0,3
play_d1fdcfa9-3af2-4643-be10-1734c248ff3e,google_play,2026-07-25T16:45:32,1,"The worst delivery app I've ever used , horrible customer service didn't meet any of my expectations, they are avoidant in taking responsibility for their actions, not cooperating at all and even scamming the money which i should have gotten on my return order but even i had given the delivery sales person that product the app showed no updates my money went in the vain as well as the product i ordered a big scam, ""maybe work on your honesty rather than your worthless advertisements all over""",26.7.3,0,88
play_33bb0a28-e94c-438d-817b-a0b6b6c1a5d7,google_play,2026-07-25T16:44:28,5,nice,26.7.3,0,1
play_caa9895d-2f61-461b-bda3-e5206716eb97,google_play,2026-07-25T16:39:20,5,good,26.7.3,0,1
play_d611fd46-3ec7-4532-b19a-cae5e6ecf529,google_play,2026-07-25T16:25:54,4,good,26.7.3,0,1
play_a5a4f1ac-af15-4517-ab23-5301ab7ba91a,google_play,2026-07-25T16:25:02,5,very good ll,26.7.2,0,3
play_e913aa94-9883-452a-89bc-783258c07e93,google_play,2026-07-25T16:20:34,1,"pathetic customer service ,robotic keeps giving same answer as on 20 th July.. an item is missing but no option for chat only email.. which directly says your item was delivered and therefore they cannot do anything.. 1600 worth order no customer will lie for a 92 rs item.. chat option removed cause of earlier review?",26.1.3,0,56
play_65406612-3f48-4124-ad94-faf0f84bfec5,google_play,2026-07-25T16:20:13,1,"Worst experience with the service of Zepto. Few items from my order were missing, when I raised the issue the customer support tells me that everything has been delivered and we can't do anything about it. When I asked the proof from their end they had nothing to show. Why would I raise the issue if everything would have been delivered. Please don't order from them. They are scamming the customers.",26.7.3,2,71
play_43263ff1-f1d0-4a14-ac2d-4510ba95a424,google_play,2026-07-25T16:15:37,5,good service,26.7.3,0,2
play_f68408f0-1635-44ba-b66f-81fed27231c9,google_play,2026-07-25T16:15:07,2,good idea,26.7.2,0,2
play_53f4e788-9046-4be0-b8be-3b1aa8658f4a,google_play,2026-07-25T16:14:36,5,good sarvish,26.7.3,0,2
play_bff5b92c-5e23-4b43-990d-033e8f6d4f8b,google_play,2026-07-25T16:14:30,5,good service,26.7.3,0,2
play_6a7aa58e-6ea3-46df-bcd1-fcae74b67430,google_play,2026-07-25T16:11:30,5,it's best,26.7.3,0,2
play_2287bd02-c530-4242-a4c8-8e04ac0e8c9a,google_play,2026-07-25T16:11:08,1,"fraud and zero quality products, poor response wrong product delivery and they will not take return",26.7.2,0,16
play_939f5617-c8e0-4e4b-bbb5-630d47378e4b,google_play,2026-07-25T16:05:13,5,Nice,26.7.3,0,1
play_037d4115-c314-4384-a4a7-24f2cfc6fc78,google_play,2026-07-25T16:02:24,5,gud super i enjoyed,26.7.2,0,4
play_14299923-d4b5-4976-9dc8-f86b94250400,google_play,2026-07-25T15:59:49,5,good 😊,26.7.3,0,2
play_d0d5d420-40e2-4637-90c4-586a6be651e1,google_play,2026-07-25T15:56:55,1,I recently started using zepto and things were good at the beginning but I would like to report this app as the worst Customer service support I have ever experienced. 1 instance some products were missing from box and other instance a damaged product was received and the delivery person ran away like anything without even listening. when raising an issue from the app the suppprt people tried to gaslight me into saying things that weren't even relevant.,,0,78
play_437523ba-3ff2-4810-b6d9-e5c55a891054,google_play,2026-07-25T15:42:29,5,superb,26.6.2,0,1
play_2b6c3610-2908-4e35-81fc-3e71a8672451,google_play,2026-07-25T15:37:02,5,nice 👍,26.7.3,0,2
play_45804bc7-bcc2-48a5-a607-2a0489075fbf,google_play,2026-07-25T15:31:16,3,good,26.7.3,0,1
play_b6dd6af6-c1a2-49d0-b72f-027d47b50e89,google_play,2026-07-25T15:13:19,1,It has happened multiple times lately that we don't get all the items we ordered. Neither do we get refunded for them. Even after multiple emails and sufficient evidence to the support team. We are likely getting simple AI responses without anyone reading the emails and actually checking the details provided.,26.7.3,0,51
play_9ac3fd02-b8a9-4f0d-a83d-1f4b12b77ddf,google_play,2026-07-25T15:12:26,4,excellent service,26.7.3,0,2
play_581cff2c-f9fe-4535-a4b3-8c1ee45607ee,google_play,2026-07-25T15:07:03,3,two time bad experience,26.7.3,0,4
play_7970033f-8c0d-4d09-acf6-af7b00cf1231,google_play,2026-07-25T15:05:40,4,time' pe a gaya,26.7.3,0,4
play_336a7403-c451-4ad8-a4e9-3188fb2c1d4f,google_play,2026-07-25T15:04:27,1,start sending stuff to jantar mantar again,,0,7
play_6e25a7ae-881c-441a-954f-faaaafa8d811,google_play,2026-07-25T15:02:46,5,very good condition and best of best,26.7.3,0,7
play_8a39eb48-a793-42b1-9fa3-a10fdc98650c,google_play,2026-07-25T15:02:06,1,The grocery quality was not good,26.7.3,0,6
play_aa2801fa-1ff7-48c6-a055-ea7c4bb54cc0,google_play,2026-07-25T14:58:17,5,best performance quality in product,26.7.3,0,5
play_e3a6d11e-e526-43e6-a24e-75f0d25fb89c,google_play,2026-07-25T14:56:44,5,Awesome experience.,26.7.3,0,2
play_b0204f60-8c91-487a-a28d-b0791e1d1dab,google_play,2026-07-25T14:56:19,5,Good,26.7.3,0,1
play_8125c620-bcc6-4104-b8fb-c4565c380017,google_play,2026-07-25T14:45:49,1,"now they delivered bad quality of milk in. less rate and when raised complaint then they are not ready to listen. which email id you have given ""support"" no support is there",26.7.3,0,32
play_eb68153c-3722-4691-bc09-56bf434d8f24,google_play,2026-07-25T14:40:14,5,nice Service 😚💗,26.7.4,0,3
play_690cab07-8a43-43d2-b80b-275b570b7640,google_play,2026-07-25T14:39:55,1,Bad product experience. I received a food product with no manufacturing or expiry/use-by date printed on the package and damaged producs. This should never happen. Very disappointed with Zepto's quality checks.,26.7.3,0,31
play_9c71023e-3789-4c2a-afe8-e5c64de07a7a,google_play,2026-07-25T14:39:06,5,nice,26.7.3,0,1
play_860448a6-1d20-493c-b7ca-099be64c1f7b,google_play,2026-07-25T14:35:12,1,"My delivery took 1 hour 25 mins. There is not help or support from any living person. The chatbot you have is completely useless, it just keeps repeating the same thing over and over again. One would think that for a tech company you would atleast invest in a good AI or in good customer service agents. There is no option for zero star else that is what I would have given you.",,0,73
play_585f8391-aaac-4146-ad21-5d320457f4a8,google_play,2026-07-25T14:25:34,1,address not working 😔,26.7.3,0,4
play_8f74726d-0681-4088-97ee-828b48c78196,google_play,2026-07-25T14:24:30,5,fast delivery,26.6.5,0,2
play_f460ce7c-08ba-4da4-b82d-05f0448851b2,google_play,2026-07-25T14:18:58,5,good delivery app,26.7.2,0,3
play_7e58f111-5245-4d34-99f2-5a37ce077609,google_play,2026-07-25T14:02:04,1,"I would rate zepto worst delivery app. they are very very slow, deliver wrong products and no good support",26.7.3,0,19
play_9ed2169e-d7a4-47e9-baa0-3c923a1045c2,google_play,2026-07-25T13:58:54,4,fast delevari,26.7.3,0,2
play_e2880c72-9add-4997-bdb3-214c9e508970,google_play,2026-07-25T13:58:54,5,very good,26.7.3,0,2
play_e307e81a-63a5-4a7b-9186-61d6d226f6ee,google_play,2026-07-25T13:52:47,1,my refferal option is not showing,26.7.3,0,6
play_369ed5df-3081-4707-b97e-761d5a8bde2e,google_play,2026-07-25T13:49:27,3,ret jayada h,26.7.2,0,3
play_7232acdd-1d46-4b21-afbd-b570e37d77bc,google_play,2026-07-25T13:48:47,5,👍,26.7.3,0,1
play_5977a392-5320-4616-ac58-4982ac00f93d,google_play,2026-07-25T13:47:10,1,worst app in case of customer support only AI is there which is useless.,26.5.4,0,14
play_ad8cc330-21aa-450b-946d-062224e25a3c,google_play,2026-07-25T13:40:35,5,super,26.7.3,0,1
play_e1ec6ba7-1984-4867-bbb0-b590e57ec48f,google_play,2026-07-25T13:31:44,5,nice service,26.6.1,0,2
play_1efcae67-a9d0-46ac-a7fe-5b71cb32468f,google_play,2026-07-25T13:07:16,1,"WhatsApp pe zepto ki or se msg aata heke 49 pe free delivery, no rain fee, no delivery fee. or ap open karne pe 499 pe free delivery batata he.",26.7.3,0,30
play_ed26ec50-278b-433c-963b-20faa99fa12e,google_play,2026-07-25T13:03:09,5,☺️,26.7.3,0,1
play_9ae909c4-70b5-43c4-ba72-e602dd086bcf,google_play,2026-07-25T13:02:26,1,I am trying to order but my app says cart unserviceable all the time useless app,26.7.3,1,16
play_eb461ef7-9669-4aad-bfe4-0c90b0d15363,google_play,2026-07-25T13:02:16,3,good product but delivery me condition rakhana band karo 300 ka limit bahut jada hai 100 tak thik hai,26.7.2,0,19
play_701fd301-6eee-40dc-9da1-9572e8a62973,google_play,2026-07-25T13:01:53,5,ok,26.7.2,0,1
play_a26220cf-0f7f-44db-a08b-ea5932fcce85,google_play,2026-07-25T12:59:43,4,good service and fresh vegetables..,26.7.3,0,5
play_c3ec32e3-3b21-492a-9e8e-53389d1d8d79,google_play,2026-07-25T12:56:59,1,I did not received my order. I've only received the burger. As for the other things the delivery guy told me that he forget and he'll bring back after 20 minutes. I just said okay and still he did not come after 4hours.,26.7.2,0,43
play_f246dac7-66ec-491e-97bc-d3d9cc2f1d04,google_play,2026-07-25T12:56:53,5,good,26.7.3,0,1
play_c4f44426-7800-46c5-956e-38708f5509bb,google_play,2026-07-25T12:54:29,5,good dilevery,26.7.3,0,2
play_e7c0b683-050c-4091-8839-8973ece449fc,google_play,2026-07-25T12:51:42,1,They didn't exchange/refund rotten chicken packet,25.3.4,0,6
play_a3adf1b9-0ea0-4e3e-99f2-3979066c01a8,google_play,2026-07-25T12:49:29,1,worst platform,26.7.3,0,2
play_ef022df8-f1cc-470b-9daf-a7207214c84f,google_play,2026-07-25T12:44:37,5,super,26.7.3,0,1
play_cc481aca-0b0b-49c2-9ca9-3ae5c045253b,google_play,2026-07-25T12:44:14,5,good,26.7.3,0,1
play_6df74783-51ec-40e9-93be-f44954d44265,google_play,2026-07-25T12:39:01,1,Never does on time delivery. At many cases delivery is delayed by more than an hour!,26.7.3,0,16
play_44ec8de4-cbd9-499a-bad7-8339dff5df51,google_play,2026-07-25T12:31:16,4,value for money app,26.7.3,0,4
play_6f5c91bf-d0a9-484b-a899-42a5e0e44ba1,google_play,2026-07-25T12:29:32,5,AWESOME service,26.7.3,0,2
play_2716ef26-1c8a-4611-aa92-a6bdf9d5597e,google_play,2026-07-25T12:18:49,1,cash on delivery not available,26.7.3,0,5
play_5aa4bec7-7553-4eb3-a8cc-1c25358b9704,google_play,2026-07-25T12:14:38,1,worst chat and customer support,25.12.4,0,5
play_eec77d4f-4d6e-4d68-914a-de7269172ad9,google_play,2026-07-25T12:13:25,5,thank you 😊👍,26.7.2,0,3
play_384b6a6b-6031-4d48-88e2-66ff44dbd259,google_play,2026-07-25T12:06:50,5,delivery partner very helpful person,26.7.3,0,5
play_9cc9ad39-75a2-4e37-abc2-932c52c40706,google_play,2026-07-25T12:00:42,1,Bad maintenance,26.7.3,0,2
play_9bd63aff-8bf2-4678-8313-c3a2a7cb2e58,google_play,2026-07-25T11:57:23,5,good app,26.7.3,0,2
play_0e796c7d-7739-4acf-b23c-5289f7f780e7,google_play,2026-07-25T11:57:04,5,the best grocery aap,26.7.3,0,4
play_9bb7c141-2f57-42b2-9356-ca99172413d6,google_play,2026-07-25T11:52:58,5,best delivery app,26.7.3,0,3
play_bbf12f5b-5a24-4a41-b5f2-2bed1fde5b78,google_play,2026-07-25T11:52:39,5,good,26.7.3,0,1
play_6fd071ba-4d56-4a8b-bc86-75501a9336ad,google_play,2026-07-25T11:45:41,5,nice,26.7.3,0,1
play_f768d9ca-7518-46ab-95a8-ad839d5a7f45,google_play,2026-07-25T11:42:27,1,worst products delivered and they are products are of good quality.,,0,11
play_e300ab4b-b8fc-4509-b80c-64ad60105ea0,google_play,2026-07-25T11:37:44,5,very good,26.7.3,0,2
play_10cc1a5b-c28a-4415-bb77-bb953dc4e0ee,google_play,2026-07-25T11:37:30,5,wow fantastic 😍,,0,3
play_84d8e9a9-5c94-4ede-8f86-8213efdd76bd,google_play,2026-07-25T11:36:02,5,thank you,26.7.3,0,2
play_b2c4b013-5aa2-4013-8492-2028f0fc34eb,google_play,2026-07-25T11:33:33,5,👍,,0,1
play_0814bc0f-ddd9-4426-a3a2-e1d588f60a31,google_play,2026-07-25T11:31:10,1,If you cannot provide me any useful services then why I use your apps? Just go to hell you stop the delivery in Jantar Mantar new delhi this is not acceptable,26.7.3,0,31
play_edadab91-a598-4582-a502-ad88d6212879,google_play,2026-07-25T11:30:26,1,Mumbai-Lower parel location Delivery partner - Nassaruddin not receving call 2 hour delay,26.7.3,0,13
play_6200d141-79cf-4f2b-9f96-a35ff2acda5b,google_play,2026-07-25T11:20:34,1,chor log order kha gaye. ek star b deserve nhi krte ho.,26.7.3,0,12
play_f94557e8-f2dc-427b-ae6f-bef83741781e,google_play,2026-07-25T11:11:08,5,good,26.7.3,0,1
play_deb5928c-79aa-4649-8698-3c3f6abfc04c,google_play,2026-07-25T11:09:58,5,super astor,26.7.3,0,2
play_2a6f58d7-04c6-4300-bd5c-f548cdb97362,google_play,2026-07-25T10:54:32,5,very tasty pickle,26.7.3,0,3
play_fa99bdbc-a52d-4183-8684-7dcdf1d0cf3b,google_play,2026-07-25T10:49:31,5,awesome,26.7.3,0,1
play_e649ef7f-596d-4dbd-b00b-e5f8ef3e7378,google_play,2026-07-25T10:47:10,5,very fast delivery 🚚,26.7.3,0,4
play_908e11c3-125e-451e-98cb-e8c94ac48148,google_play,2026-07-25T10:34:27,1,our location is not available 😢 😔,26.7.3,0,7
play_f28ff1d9-d19b-4784-b347-8e5a3a0cd43a,google_play,2026-07-25T10:28:36,5,good service,26.7.1,0,2
play_0ed68d5d-f781-462c-89db-835ea7238788,google_play,2026-07-25T10:25:35,5,nice aap,26.7.3,0,2
play_c3d759b1-9225-4012-a8b7-0e3f6e2b64fc,google_play,2026-07-25T10:18:03,1,yah ek sabse ghatiya aur kharab app hai people (logon)se kaihna chahta hun ki aap log khuch bhi kharide to aap shop yani dukan par hi jakar kharide ye app se na kharide ye Zepto Company kharab aur jo na bik rha ho vo product bechata hai aur iska product bahut hi gandgi hoti hai customer bhi pareshan hai is app se,,0,62
play_9afc4880-4492-47aa-bf0b-3239b2d68f19,google_play,2026-07-25T10:15:30,1,"Worst grocery app, no refund or replacement of bad products even when it is in replacement period. Poor quality products delivered, missed products. Support is worst.",,0,26
play_e4df2f67-21b8-4a1d-a289-165715c9fe5d,google_play,2026-07-25T10:12:38,1,"worst with customer service, should understand customer queries, ordered items and delivery boy said one item is missing and you ask for refund. when I raise concerns stupid chat doesn't even understand. it says items are delivered and we are ending the chat. pathetic service.",26.7.3,0,45
play_99fe2ca8-da9a-4e51-8fc8-ce659e84f349,google_play,2026-07-25T10:10:49,1,"Please separate food items and house hold essential like detergent,soaps,hand wash, liquid,harpic etc; in separate cover because all food items are damaged because of everything bringing in one cover make it 2 delivery cover",26.6.1,0,34
play_9444a62c-709b-441c-8b48-3fff6f55e1f1,google_play,2026-07-25T10:00:44,1,sometime they do not deliver full item and do not give your refund worst experience.,26.7.3,0,15
play_3ab76050-ebb0-4c9c-aaef-c2675f8d04af,google_play,2026-07-25T09:59:40,1,"Pathetic experience. Received a rotten item, uploaded photo, refund denied because seller / warehouse confirmed that they had checked the product before delivery. Even though I uploaded the photo of the rotten item still packed. Not the first issue with Zepto, but definitely my last order.",26.5.2,0,46
play_8b1e5a0a-bce7-49ac-9641-e81da46e6967,google_play,2026-07-25T09:59:18,5,best app,26.7.2,0,2
play_729c5b59-8556-4cec-99b6-259316c93769,google_play,2026-07-25T09:59:16,5,best everything,26.7.1,0,2
play_a1638b2d-2d59-4758-9574-72d8d44c6e33,google_play,2026-07-25T09:53:40,3,"some delivery guys stole my food like when I ordered pineapple slices, grapes, diced fruits, cucumbers, I got only half the quantity and also with bananas, I always get only 1 banana whenever I ordered 500g. when I pay beforehand, they just leave my parcel at the gate downstairs, some things were missing until I got there. But it's good with packaged items, and cash on delivery.👍",26.6.4,0,67
play_f2d10f88-91f5-4afc-9417-2f10d2da03b2,google_play,2026-07-25T09:49:05,1,the slowest and of the insta delivery. the delivery is too slow it even takes 30 min in fast moving banglore . No proper packaging.,,0,25
play_cade2650-892d-4b59-8245-b4b8bf35c044,google_play,2026-07-25T09:48:32,1,delivering wrong product. No solution on chat.only displaying email id on chat. I emailed the details on both email id but no exchange no refund. I already shared but no response,26.7.3,0,31
play_d802e86e-04bb-4ee9-970d-88c5c84862a3,google_play,2026-07-25T09:30:31,5,😊,26.7.2,0,1
play_48ba6205-7b7f-484f-8b5b-36214afd9585,google_play,2026-07-25T09:28:09,5,product and price very reasonable or Good,26.7.3,0,7
play_0ba1353b-2731-40d3-bb6d-9abc22980926,google_play,2026-07-25T09:05:43,1,no customer care number. order karo aur bhul jao. everyone delete this app blink kit ki service jyada acchi hai. fake product delivered,26.7.3,0,23
play_1acc1eb5-0a50-4af1-8903-b59c99cb7465,google_play,2026-07-25T08:57:33,1,"guys please don't waste your money and time here....this zepto app customer support is totally fraud...I ordered a cold pressed oil...they deliver the old package product...I didn't see the manufacturing date on that product...the product is too dirty...but the customer support denied to return or replace this product.please don't pay before,always use cash on delivery.and double check the product..if there is mistake found, return imidieatly.otherwise they will not pick there own dirty product.",26.7.3,0,73
play_c4efabdd-373a-43a7-a718-884d2945b137,google_play,2026-07-25T08:54:29,5,fastest dilivery,26.7.3,0,2
play_10ddbca4-ba41-45fe-bcef-9e9759095160,google_play,2026-07-25T08:30:47,4,good 😊😊,26.7.2,0,2
play_8062713a-8b89-4f27-b0ae-79b6de8a7bbf,google_play,2026-07-25T08:18:16,1,They will sent broken damaged item after complaint they don't give solution don't buy fraud,26.7.3,0,15
play_00053dc9-1409-4550-8550-da393b85cac4,google_play,2026-07-25T08:17:33,5,good,26.7.3,0,1
play_598c9c03-3076-4140-bf03-e38ae4bcfb5e,google_play,2026-07-25T08:15:50,1,"I ordered a 125 g pack of blueberries, but the box contained only 10 g. Customer support rejected my request based only on the packaging without verifying the actual quantity. Even the delivery partner acknowledged the issue, but support didn't bother to cross-check. Very disappointing service. This will be my last order from Zepto.",26.7.3,0,54
play_cea63548-d4a0-47b5-8c51-29b14ed050dc,google_play,2026-07-25T08:10:09,4,good,26.7.3,0,1
play_3789c3ae-f135-42d9-86d0-60a324e1fc10,google_play,2026-07-25T08:08:04,5,good product 👍,26.7.3,0,3
play_369644df-9dd6-4ad3-aa58-4d90863e0524,google_play,2026-07-25T07:29:16,1,zepto is frod zepto not refund my money zepto are very very bad and frod company block for zepto,26.6.5,0,19
play_36c67984-eefe-4a9f-8bcf-74e3aff97760,google_play,2026-07-25T07:13:21,1,"poor & very late delivery, customer support is soo bad",,0,10
play_8ef1947e-32a6-409a-94c8-c9990872c901,google_play,2026-07-25T07:11:01,1,"service support is very very bad, especially with irritating bot. tagline should be a 1 hour delivery app!",26.7.3,3,18
play_a5fc8564-2991-4ed8-b903-2bceb1731128,google_play,2026-07-25T07:02:38,4,good 👍,26.7.3,0,2
play_92781f6a-14f9-46ed-83ca-87d3c64c423f,google_play,2026-07-25T06:53:58,1,Extremely pathetic service. The delivery partner did not deliver all the items ordered and when connected with the support they denied any help. Tried connecting with them on email and they have the audacity to lie claiming they called me when I did not receive any call. More than the stealing of the products order what's worse is that no one is helping and everyone I connect to is constantly lieing.,,0,71
play_d9a88188-6bed-41c3-81b0-8d7fa1a0a62e,google_play,2026-07-25T06:28:49,5,very good 💯,26.7.3,0,3
play_1946fb88-e37c-437d-93dd-d0a2d2704c89,google_play,2026-07-25T06:14:38,1,"I had placed an order this morning , even before I come to pick the order the delivery guy had already marked it delivered and when I enquired about a missing item the support system is literally useless ! I order stuff daily the first time I had an issue and that is not taken care. Will find other alternatives like blinkit! Thank you",,0,64
play_77afbd2d-7709-4fee-846e-48189d7f53cf,google_play,2026-07-25T06:06:27,2,"The app is not working for about a week it shows ""something went wrong""",26.7.3,0,14
play_c1f3d666-b5ff-4baf-80fd-69877ddb2ca3,google_play,2026-07-25T06:06:21,5,best,26.7.3,0,1
play_af1e6a6a-6fc7-48ca-b4c4-abd5429adecb,google_play,2026-07-25T02:32:39,5,Right on time boy was hard working,26.7.3,0,7
play_69a8e421-6011-4267-919d-7de3fc703d8b,google_play,2026-07-25T02:00:00,1,soo baad application 🙂 not answering the helpline not working the application,,0,12
play_f52230d5-35da-4c9f-a9dc-a49d9eb6510b,google_play,2026-07-25T01:37:25,1,"Extremely disappointing after-sales support. I received a defective GoBoult product (left side not working) and reported it within 20 minutes of delivery. Instead of resolving the issue, Zepto kept changing its reasons: contact the brand, no package damage, Open Box Delivery accepted, product matches the listing, and inspection done at delivery. The irony is that their own Open Box Delivery policy states the delivery partner must open the package before inspection, but my package was handed over",26.7.3,0,77
play_429ee074-ae8b-420e-a5cb-55fa7e7fd9de,google_play,2026-07-25T01:36:08,5,good,26.7.3,0,1
play_5091afce-323f-4c24-b160-b60038d9cec9,google_play,2026-07-25T01:24:09,5,good,26.7.3,0,1
play_b34c5a4b-2c1c-4fc8-a950-d847e651cbc7,google_play,2026-07-25T01:19:30,5,best app,26.7.3,0,2
play_239d5db5-adb5-489f-912d-be0a691b63a3,google_play,2026-07-25T01:07:48,1,"Not good app not working properly,",26.7.3,0,6
play_fb82bb7c-ee2d-441d-8035-4fc2ee066cae,google_play,2026-07-25T01:04:37,1,worst experience,26.7.3,0,2
play_7ee6d863-6702-4155-b765-4f9663d0fdc8,google_play,2026-07-25T01:04:04,1,Disgusting,26.7.3,0,1
play_e1aa2d21-734a-472b-9f31-824aaf20ce96,google_play,2026-07-25T00:56:40,5,very good 💯😊,26.7.3,0,3
play_601443a0-a349-415b-84be-781c34994dee,google_play,2026-07-25T00:56:16,5,fast delivery,26.7.3,0,2
play_e0029724-be02-4326-8248-2c6271422803,google_play,2026-07-25T00:52:35,1,Delhi jantar mantar par food order kyu nahi karne de rahe ho 🤬,26.7.3,0,13
play_66a15301-72f3-4965-ada6-8ad5e3d48f80,google_play,2026-07-25T00:40:59,1,"I ordered ice cream today and it totally melts, when I complaint they ask to send mail no proper response. waste of money. I never use zepto again. also delete my account",26.3.2,0,32
play_fdffb5e0-3217-49d3-9318-a76ff63e22b1,google_play,2026-07-25T00:34:45,5,good,26.6.1,0,1
play_2d5d2103-3b83-4510-b3d8-e49bcbd65549,google_play,2026-07-25T00:32:00,5,very fast delivery and good app,26.6.5,0,6
play_60c54e07-27d7-434b-ae0a-2843bb936252,google_play,2026-07-25T00:25:11,1,"Absolutely the worst shopping app experience I've had. Every other order has some issue like missing items, incorrect products, poor quality, or unexplained cancellations. The app promises quick delivery, but what's the point if the order isn't even right? Customer support is beyond frustrating. Instead of resolving genuine problems, they rely on scripted responses and often refuse refunds or replacements even when the mistake is clearly theirs.",26.7.2,1,67
play_2a4389df-cac2-43c9-9228-dadeb81441b9,google_play,2026-07-25T00:12:03,5,nice,26.7.3,0,1
play_c7b54bdb-b4aa-4787-b3ce-6d5e06b146c1,google_play,2026-07-25T00:09:46,1,"worst customer service i have ever faced. First they accepted my order, then said that the order will arrive in 44 minutes, then after 1.30 hours they said to cancel the order, what kind of service is this?",26.7.3,0,38
play_d3e4780f-094a-46cf-9ae5-4de3f8313214,google_play,2026-07-25T00:03:46,1,very very bad app they can't deliver what they promised...so never ever place order from this platform,26.7.3,0,17
play_24492252-c83d-4c27-989d-1357c6e721ac,google_play,2026-07-25T00:03:17,1,Not delivering to locations that are needed.,26.7.3,0,7
play_148d54f0-d4f4-48d2-9e81-72a860c1a6db,google_play,2026-07-25T00:01:39,5,ridar behaviour good,26.6.1,0,3
play_4af54653-e810-425e-981e-b6fbfb6f8b8a,google_play,2026-07-25T00:01:13,3,"pathetic app, they don't accept request to change the time. we have wait for their delay and spoil our work/sleep every time. worst chatbot and support ever. I ordered groceries at 10pm, it mentioned to deliver by 11 pm . now it's 12 and still showing delayed by small time. it's pathetic to use this app in first place. now the support and tracking is bit more effortless. good experience so far after the previous bad experience. (edited)",26.7.3,0,78
play_ee1a6500-aa12-405a-b716-c8f144f3b760,google_play,2026-07-25T00:00:17,1,worst service,,0,2
play_b964a30a-14d7-43aa-9ffb-2058c68fbd26,google_play,2026-07-24T23:53:54,1,worst fraud platform fraud please understand this platform worst one time order delivered not response 😡 not return please exchange not refund 😡,26.7.3,0,23
play_dfbc86c2-c525-4f1e-9d46-4d860ef217fe,google_play,2026-07-24T23:49:27,1,worst service always deliver bad products don't care for customer,26.7.3,0,10
play_cb7df58f-c5ca-4cf0-9977-36fad18b8c78,google_play,2026-07-24T23:48:40,1,"Dear Zepto Team, I hope this message finds you well. I am writing to bring to your attention a concern regarding the order cancellation process on your app. Currently, there does not appear to be an option to cancel an order once it has been placed. This omission limits customers' ability to manage their orders effectively, even if they need to make changes or cancel their purchase. Given the importance of customer flexibility and satisfaction, I believe adding a cancellation button or feature",24.8.3,75,83
play_22774f93-9232-4c26-ba1f-04e1a84446e4,google_play,2026-07-24T23:44:39,5,price of product are nt so less then should be much more less than other.and couple also not providing. just like cash back... so I want be ur regular customer. thank you,26.7.3,0,32
play_60c11e3e-b996-4253-8604-00a8c2c4d1bd,google_play,2026-07-24T23:43:02,4,very nice 👍,26.7.3,1,3
play_8b98ee91-b3f0-4fcb-8961-f10dbc71f3c5,google_play,2026-07-24T23:41:53,1,my mother dairy milk 23 july delivered why chor company hi,26.7.3,0,11
play_f1fdfc2d-2179-4c5e-810d-dc6a2758fbce,google_play,2026-07-24T23:29:14,1,"This is such a terrible app; I’ve used it twice, and both times the delivery person’s behavior was awful. They speak so rudely to customers and delay orders, wasting the customer's time. It made me so angry—Blinkit is much better than this app. worst app I ever had",26.7.3,0,48
play_fb61c729-59f8-4f32-8124-1b55ea6c141d,google_play,2026-07-24T23:28:43,5,"mujhe ye app bahut bhaaya , jab baarish me dusre quick delivery app ne store temporary unavailable bata diya waha zepto ne meri sari problem solve kar di, or 20 min me order receive ho gaya ☺️☺️ isse me bahut prabhavit hua Thank You Zepto 😎😎",26.7.3,0,46
play_476d6f29-bbc5-4b41-b452-8d2205428676,google_play,2026-07-24T23:24:42,5,good,26.7.3,0,1
play_8a6be411-eb48-4e6b-b498-412ab60aab68,google_play,2026-07-24T23:24:27,5,fast delivery,26.7.3,0,2
play_4ce54b76-e96a-4aa7-b0d8-d9558576897f,google_play,2026-07-24T23:22:42,5,amazing variety and delivered in good shape without melting,26.7.3,0,9
play_454668d6-f581-45a5-a9e8-cb069b7652a7,google_play,2026-07-24T23:22:13,1,"very poor customer service. when items are incorrect/damaged, customer service just does not resolve the issue.",26.7.4,1,16
play_ab15b2b6-37f0-4c75-97b3-53317693b035,google_play,2026-07-24T23:21:54,5,good app,26.7.3,0,2
play_c57cc2d9-f0a5-4f1e-93b4-7cc216be98c5,google_play,2026-07-24T23:21:16,5,bhut badhiya,26.7.3,0,2
play_f60a6ca1-3411-43b9-9379-e0b3119f15e6,google_play,2026-07-24T23:17:26,5,superb experience 👌 the good part is sometimes get free cute small gifts...that's wonderful and surprising me lot...also life becomes easy instant delivery receiving as per mentioned time. 😊 really appreciated Zepto entire team 👏,26.7.3,0,35
play_1ac0b92a-78a4-47da-ba83-cbec71b4266d,google_play,2026-07-24T23:16:54,1,uninstall Karo sab bekar app hai,,0,6
play_5144593a-658b-4e56-b042-80c8f332ec8d,google_play,2026-07-24T23:06:18,5,good experience we are happy whit us 😊,26.7.3,0,8
play_e504a123-ea1c-408c-9ef6-c80deef23f74,google_play,2026-07-24T23:05:21,1,"I've worst experience with Zepto, I bought a mixer grinder of cadlec with capacity of 1.5L but they delivered only 1L capacity and when I asked for product change or replacement they just refused to offer any solution. after multiple escalation mails and wasting my time I deleted my account which was in used for more than 2 years and this is not happened just one time with me so I highly recommend don't buy anything from here becuz they have very cheap service",25.8.2,0,84
play_4cf23c9d-d573-4a5a-9430-277d0196c835,google_play,2026-07-24T23:01:28,5,good,26.6.2,0,1
play_83f96a1c-aed9-4215-a3a7-082556b32b0f,google_play,2026-07-24T22:59:04,5,❤️,26.7.3,0,1
play_a3a0778b-6db0-415f-bb1f-471f699620c3,google_play,2026-07-24T22:58:52,5,good,26.7.3,0,1
play_f57bd8d6-3643-4365-9d80-2aa70876bdef,google_play,2026-07-24T22:51:05,4,Give free cash every Summer,26.7.3,1,5
play_8b426a77-7986-4262-962a-ec3002a5a574,google_play,2026-07-24T22:50:58,1,useless when must needed.,,0,4
play_6d72e5d3-86fe-46bc-8c4f-c5c365975fd3,google_play,2026-07-24T22:38:48,5,best work and very good delivery boy,26.7.3,0,7
play_7ec66438-2c5a-46f9-806a-c9539de31238,google_play,2026-07-24T22:36:31,5,good collection 👍👍,26.7.2,0,3
play_ba38220b-7147-432e-820f-0a2cc1927997,google_play,2026-07-24T22:35:47,1,"I have placed very limited orders on Zepto, but even with those, I've faced problems. Sometimes I receive the wrong product, sometimes the order is incomplete, and customer care does not take responsibility for these issues. Very Bad Experience. Not Recommended to anyone.",26.7.3,0,43
play_8a4a9b56-0f69-4664-9cbe-97bb5d51b921,google_play,2026-07-24T22:33:34,5,nice customer support 💗,26.5.5,0,4
play_72facc59-5089-48c1-9e2a-bbe8da40262f,google_play,2026-07-24T22:31:35,5,cheaper faster and fresh,26.7.3,0,4
play_fa6d0a95-a48d-4660-b378-9fb7a5053bf3,google_play,2026-07-24T22:30:08,1,"Extremely disappointing experience with Zepto. I received a damaged product without the required tag and requested a return within minutes of delivery. The item was picked up, but the app later showed the pickup as failed, and my refund was not processed. Despite contacting customer support multiple times, I did not receive a proper resolution. This caused unnecessary stress, wasted my time, and affected my work. The handling of this issue has been highly unprofessional and unacceptable.",26.7.2,1,77
play_6072195d-cbe4-4c6f-9bc7-d051a153ea47,google_play,2026-07-24T22:29:45,1,They don't assign support person to chat with if you report delivery person behavior issue. You'll just get an automated message saying they have noted it.,26.7.3,0,26
play_e7be6f64-33b6-4bef-8226-83e95a7138ab,google_play,2026-07-24T22:28:42,5,best,26.7.3,0,1
play_ab6c4699-0400-471d-986f-dc1f8b8b0152,google_play,2026-07-24T22:19:40,1,"Beware !!! these people have taken my money after booking the order of 1221rupees b y paying online, we waited and didn't get the order, and when complained they told us to check the address and didn't return back our money as well as didn't send us the order they are not even giving the option to call them kindly report them",,0,62
play_6838d087-17af-4d40-b3f9-fa01aeb3532d,google_play,2026-07-24T22:17:11,5,Super fast,26.7.3,0,2
play_441543e6-621f-4e16-9122-4df2cc646d48,google_play,2026-07-24T22:14:27,5,ok,26.7.2,0,1
play_0edefac0-bd0e-408a-8bd1-a41f356cdda7,google_play,2026-07-24T22:08:44,5,very good fast and reliable service,26.7.3,0,6
play_9bc8d230-c9d1-4863-b3b4-4ef722f6e9d5,google_play,2026-07-24T22:04:03,5,super,26.7.3,0,1
play_a05863ad-d674-49f5-9999-3d8c55c6fd85,google_play,2026-07-24T21:53:20,1,poor customer service,,0,3
play_8fcbeb73-8fe0-4bd7-b44b-0d6d0613e2d6,google_play,2026-07-24T21:47:50,1,Wrong weight item bhej dete hain. 200gm ki jagah 170gm hi bheja hai,26.7.3,0,13
play_18c30c08-8ca2-4780-a5be-6c6e3b5f5783,google_play,2026-07-24T21:43:45,5,very good,26.7.1,0,2
play_cd4f9e08-692d-40fd-abe0-7ff966129694,google_play,2026-07-24T21:40:33,1,"Pathetic customer support. The automated chat is completely useless - it keeps repeating the same scripted responses over and over instead of actually helping. There's no proper way to get your issue resolved, making the whole experience incredibly frustrating and a complete waste of time. Customer support should solve problems, not trap users in an endless chatbot loop. Extremely disappointed. Uninstalled the app already and never using it again.",24.3.1,0,69
play_d6700e6a-3c5b-4515-805f-3225b84ab3a6,google_play,2026-07-24T21:37:00,2,best zepto delivery,,0,3
play_47330655-dde2-4570-b353-e5e780b087e9,google_play,2026-07-24T21:36:20,5,fresh,26.7.3,0,1
play_236d330d-8517-43a6-8b43-271a55d468b2,google_play,2026-07-24T21:35:59,1,(Milky mist Tofu )Expiring products are delivered .Expiring on 26th. But no replacement or cancellations accepted,26.7.3,0,16
play_4640a1f6-973b-471a-99b9-18b795958594,google_play,2026-07-24T21:33:47,5,👍🏻,26.7.3,0,1
play_6e11a1f8-5477-442c-a16e-4dfc77d80f92,google_play,2026-07-24T21:31:39,5,good,26.7.3,0,1
play_b4b8ec52-9ba1-4445-89d3-7fa56aac7a2e,google_play,2026-07-24T21:29:56,5,supar,26.7.3,0,1
play_428a346f-8e63-49f9-85bd-352695a01ed6,google_play,2026-07-24T21:22:58,1,worst appp with i ever seen,,0,6
play_da21ce60-83c0-4257-bbff-c8fbc01a46c4,google_play,2026-07-24T21:16:48,5,nice,26.7.3,0,1
play_2d9afbda-406c-40d2-86d7-486ddb59036a,google_play,2026-07-24T21:15:40,1,"extremely disappointing, whenever I order cold drinks or any chilled drinks..it comes completely warm. Will never order again. Enough. #Blinkit is what I will always use.",26.6.5,0,26
play_639349b4-d3aa-4c8f-b192-91f96d6979db,google_play,2026-07-24T21:13:31,5,thank youu,26.7.3,0,2
play_c8eabef6-38bb-4f0b-a455-f96c866d75a4,google_play,2026-07-24T21:12:17,5,Zepto In Unnao - Near Kanpur (Uttar Pradesh)please blinkit and flipkart minutes is there but zepto is not it should be for fair competition,26.7.3,0,24
play_7f099dec-86d8-45ba-bcdb-4472a234ad35,google_play,2026-07-24T21:09:35,1,I have an wrost experience I did not get the referral link . what is this zepto,,0,17
play_f1ff84da-212f-4ddc-9256-2b198d7cf32f,google_play,2026-07-24T21:03:55,1,app keeps shutting down closing automatically within 2 seconds after opening. no developer option on. it's off already. Android 11 oxygen 11.1.2.2,26.7.3,0,22
play_21e0646a-5384-4476-bef1-118c12520d43,google_play,2026-07-24T20:59:22,1,"""Extremely disappointed with today's order. I received my Zepto delivery and opened the bag immediately in front of the delivery executive. One item was missing. The executive also checked and said it must have been missed at the store and that he would come back with it. He never returned or called. I raised a complaint right away. First the agent promised a refund, but later I was told no refund, no replacement ' because the order shows 'delivered . If the item was missing",26.7.3,0,85
play_325f089c-366e-49a7-8cc8-b7e7aa26cdb7,google_play,2026-07-24T20:57:12,5,thank zepto,26.7.2,0,2
play_9b26455e-5611-46bc-8a0d-1823996a3957,google_play,2026-07-24T20:52:48,5,good,26.7.3,0,1
play_d97486dc-6556-4d49-8004-fbe40f06bf4f,google_play,2026-07-24T20:52:25,4,milk kharab ho jata h toh uska refund nhi dete hai,26.7.2,0,11
play_246bcc43-b8a7-4593-8bb5-dff5dec359de,google_play,2026-07-24T20:48:55,5,some time cashback scam by zepto and provide expired product,26.7.3,0,10
play_936a62b0-858e-4bbf-9fb7-040f631ec773,google_play,2026-07-24T20:39:24,5,Every one is downloading zepto because of ps5 😂😂😂😂😂😂😂,26.7.3,0,9
play_cf9584b3-3b77-43de-b54a-5dabd0fbaf90,google_play,2026-07-24T20:37:35,1,supar,26.7.3,0,1
play_0b0f8431-ef3d-43b9-a83d-72d004b9dfbc,google_play,2026-07-24T20:37:34,1,bekar 910 gm ka mangwaya aaya 750 gm fraud ka kaam hai yeah,26.7.3,0,13
play_d8a5bb32-54e0-4cfb-91f1-8f5c4eeef4d1,google_play,2026-07-24T20:37:16,5,awesome service 👌,26.7.3,0,3
play_8fd334d5-08fb-4f85-9458-5203a6317549,google_play,2026-07-24T20:35:00,5,Not serviceable ☹️,26.7.3,0,3
play_df3fa1f6-9880-4e76-bd7d-646996865767,google_play,2026-07-24T20:28:29,5,no use,26.7.2,0,2
play_c0c41dfc-c5f4-4273-9899-a1e09aea42f8,google_play,2026-07-24T20:23:47,1,"Ordering Products in Zepto is not good. Fresh products not delivered, spoiled and items are refrigerated. Damaged Items are delivered m I will not recommend to anyone. Today when I raised the complaint to one support. They are totally useless. Seller is sending bad quality product, quantity of the items are lesser and Zepto team is telling we can't provide refund or replace. Even escalated to grievance team, support team, onesupport team. no one cares about customer Totally waste & fraud.",26.7.3,0,81
play_3074b45b-0a39-4a51-875b-97b4b19cb690,google_play,2026-07-24T20:19:45,5,super 😍,26.7.2,0,2
play_8c917650-012b-462b-988a-5c7c2b1031f6,google_play,2026-07-24T20:16:39,3,good,26.7.3,0,1
play_374599b1-54fc-48c2-b02c-3dcfcf890ed6,google_play,2026-07-24T20:14:20,5,Nice service,26.7.3,0,2
play_ec7b8303-b1b5-4140-9dac-5a8959d03606,google_play,2026-07-24T20:13:57,5,☺️,26.7.3,0,1
play_0f3708e0-2603-423f-8e0a-c820a71cac45,google_play,2026-07-24T20:12:01,1,why not sending to jantar mantar,26.6.5,0,6
play_3a12b628-2d13-4fac-8295-8ad050d7860d,google_play,2026-07-24T20:11:45,5,quick delivery,26.4.4,0,2
play_5c18ac26-e312-45f7-b209-ee78034ae6c8,google_play,2026-07-24T20:10:33,1,"customer service doesn't validate the concerns, the refund was denied even after complaining that the product (milk)will be expired tomorrow, and they have an option as ""the product is about to expire"" in the help section, and this is not taken into consideration.",26.5.4,0,43
play_bfba4570-4d64-4fe7-a85a-158818db8a77,google_play,2026-07-24T20:09:26,5,very good I am happy,26.7.3,0,5
play_88dc66f3-9611-4c86-bada-de6f63af66a5,google_play,2026-07-24T20:07:11,5,super boss,26.7.2,0,2
play_f4cbb9f9-5e3e-4f43-ba56-534d1326bcad,google_play,2026-07-24T20:04:36,4,very fast delivery 🚚,26.7.2,0,4
play_b4ed1203-5624-46e9-b56d-8bdf71bd5978,google_play,2026-07-24T19:57:05,2,limited options..,26.7.1,0,2
play_d7c61029-f240-4deb-95cd-344cc0430bf5,google_play,2026-07-24T19:55:19,1,Pathetic service. They don't take any accountability for their mistakes. It has happened multiple times. They either send incorrect items or spoiled items but never initiate the refund even after sharing all the proofs. They have been running a scam. There's no proper Customer Care channel for customers to get their issues resolved. Will never recommend anyone to use Zepto.,,0,60
play_9a0dbb26-0ec9-4c62-b381-c766ab1b9e0a,google_play,2026-07-24T19:51:43,4,GOOD SERVICE AT OUR LOCATION,26.7.3,1,5
play_9ecc821f-df48-482e-897f-e5414873d053,google_play,2026-07-24T19:48:58,1,Since morning this app has not been working.,26.7.3,0,8
play_57e015d9-8327-469f-abd3-910ebc454d1a,google_play,2026-07-24T19:45:29,1,worst app,,0,2
play_cafca3bc-16be-4365-ae40-93e9c964c0fb,google_play,2026-07-24T19:44:08,1,offers & coupon not showing in my account. also extra 40rs handling fee. zepto grocery app west...... sarvice,26.7.3,0,18
play_e9a97bb4-5c29-47a8-a4fe-cee4d39c03c4,google_play,2026-07-24T19:41:41,5,zepto is a very good delivery app I like it so much 👌,26.7.3,0,13
play_1f30b703-bfe7-4d82-84a7-08906549a3ea,google_play,2026-07-24T19:31:25,1,waste of money,,0,3
play_0df8ba54-6f0a-4602-93f6-badb383ef4ac,google_play,2026-07-24T19:29:41,1,1 star for stopping delivery in jantar mantar,26.2.6,0,8
play_bba93c5f-c89f-44bd-9ae7-d92efec3fb78,google_play,2026-07-24T19:28:59,5,good,26.7.3,0,1
play_5b115ff1-62de-455c-8e0b-4331b3b551f4,google_play,2026-07-24T19:15:35,1,Zepto executives on delivery are taking our phone for some reasons and giving a 5 star rating by themselves. very wrong and unprofessional,26.7.3,0,23
play_49bd1585-2271-4eb8-ab09-9d4840e51a02,google_play,2026-07-24T19:14:08,5,very student friendly for us people on budgets who wanna enjoy pocket friendly snacks,26.7.3,0,14
play_38782bf7-6d50-4fbf-b660-ab69d44091ad,google_play,2026-07-24T19:11:37,5,very good,26.7.3,0,2
play_81db81c6-60d1-4bd4-895e-09bf3259e43c,google_play,2026-07-24T19:07:06,1,giving damage biscuits it's the 3rd time no refund also done,26.7.3,0,11
play_3cb512d5-475d-4a6a-9e67-6048b79bba64,google_play,2026-07-24T19:03:31,5,best app,26.7.1,0,2
play_0be7427a-55ef-41dc-aa82-7fe7d25477be,google_play,2026-07-24T18:56:07,1,i 'll rate zepto cafe 👎thumbs down ... the quality of food is disgusting i must say.,26.7.3,0,17
play_ffe87547-a61f-4905-b72f-35364876a707,google_play,2026-07-24T18:50:13,5,good,26.6.5,0,1
play_53c75ee8-3fab-400c-a4c1-ac31297a35fb,google_play,2026-07-24T18:49:46,5,good,26.7.3,0,1
play_f58c56f1-6e7d-485c-92ec-d07e89df2b65,google_play,2026-07-24T18:46:37,1,If you can not support students we do not need you,26.6.5,0,11
play_0a235f29-2380-4589-84e0-b43e8d4f55ba,google_play,2026-07-24T18:43:15,1,"This is the most useless app. It gives bad food items with worms on them and says that neither we will take it back nor we will refund the money. It means we are crazy to demand the goods after paying money. On top of that, these people give us the bad food items with worms on them. Totally bad app bad quilty money time west",26.7.3,0,66
play_d112ca83-3a8c-4029-abd1-14853c5b458a,google_play,2026-07-24T18:33:01,5,"vry helpful, useful n Fab app",26.7.3,0,6
play_663fb63e-3eed-4915-bed3-b47cdaf63022,google_play,2026-07-24T18:32:46,5,Best in my area,26.7.3,0,4
play_e85afe1e-0159-4274-967a-c812f68ccc3e,google_play,2026-07-24T18:31:07,1,"I had ordered a 60 gm pack of popcorn but received the 30 gm pack instead. And I placed the exchange request twice, but they didn't fulfill the request and I had to keep the 30 gm pack. Absolutely pathetic service, Zepto!",26.7.3,0,42
play_1a56cb48-d382-4b97-9b31-0fb3d6a45131,google_play,2026-07-24T18:27:06,5,first experience with Zepto cafe and am totally in love with it.. I love the food and beverages all were good quality and fast delivery with budget friendly price.,26.7.3,0,29
play_1ff52631-a662-4480-89ca-df8d389e4498,google_play,2026-07-24T18:27:04,5,👍🏻 nice,26.6.5,0,2
play_15ca94bf-dae7-4613-9a06-df6d6181e962,google_play,2026-07-24T18:26:01,5,"No delievery fee above 99, no handling fee and best quality products with fast delivery. Highly recommended. Good partner behaviour.",,0,20
play_7b0bd3e9-85bc-4c03-848c-c834d7dfc4a0,google_play,2026-07-24T18:25:29,5,always on time and good quality products,26.7.2,0,7
play_e2af5f20-0542-4852-a217-6115183b289f,google_play,2026-07-24T18:18:28,4,good,,0,1
play_802fefa7-c1b5-474f-9c36-20f6db771b61,google_play,2026-07-24T18:15:08,5,love this application,26.7.2,0,3
play_f325aca1-0a23-42a2-b096-d87555c75609,google_play,2026-07-24T18:11:39,1,Worst deliver and app,,0,4
play_7dc8d012-4e3b-4eca-b1bf-86e2a4d888fa,google_play,2026-07-24T17:56:40,1,Faltu app ..... not delivering food at jantar mantar,26.7.3,0,9
play_179aa4ba-c9b5-4a8e-8a75-7a7cc22aef9d,google_play,2026-07-24T17:44:42,5,it had a great experience with zepto,26.7.3,0,7
play_1c21597d-f952-4aa5-853f-4fe5eb3b4b7e,google_play,2026-07-24T17:43:42,1,sharam bachi hai thode bhi,26.7.3,0,5
play_b7dd4bec-8793-4e3f-8162-8c936573dc5d,google_play,2026-07-24T17:39:19,5,exilent,26.7.3,0,1
play_655c9e19-9caf-466c-b5c8-9509cdad261f,google_play,2026-07-24T17:34:53,1,I am not able to order in delhi Jantar Mantar worst indeed,26.7.3,0,12
play_4729ff8f-5e87-4e0b-882a-92e9dd3c3f2f,google_play,2026-07-24T17:32:17,5,good,26.7.3,0,1
play_44c63aff-fab5-41c9-8efc-e3a55ca54735,google_play,2026-07-24T17:22:08,1,"app not opening since 5 days, reinstalled but still not opening",,0,11
play_4f06a443-0c88-452f-a697-813b04eb796f,google_play,2026-07-24T17:20:41,1,useless zepto efforable any products,,0,5
play_f38abe03-ec4c-43f3-a534-65a27b068620,google_play,2026-07-24T17:16:14,5,supar,26.7.2,0,1
play_29ca9130-8572-4757-a83f-2644647f5706,google_play,2026-07-24T17:13:07,1,worst,26.6.2,0,1
play_185ab376-1e88-4f84-bd5c-3c55a77b0605,google_play,2026-07-24T16:57:39,5,good,26.7.3,0,1
play_1e23674f-4a44-4176-bc7f-1afe31e184b7,google_play,2026-07-24T16:52:13,4,It tooks too much delivery price,26.7.3,0,6
play_aace1e32-4fb4-4fe2-a74e-d681020442e6,google_play,2026-07-24T16:50:29,1,worst customer service even given exact cash in change also they're not accepting even talked with customer service also no use if you're not accepting the cash why there's a option called cash on delivery,26.7.3,0,35
play_a879c270-1855-495f-b62f-9804c910079a,google_play,2026-07-24T16:46:32,5,nice 👍,26.7.3,0,2
play_a6ad6e2b-06eb-4fca-b42c-289a766248d1,google_play,2026-07-24T16:44:19,1,very bad vegetables repeating the same again and again all insects,26.7.3,0,11
play_f4a2ca3e-97db-4c79-92a8-db082d6ec257,google_play,2026-07-24T16:40:11,1,"extremely bad neither the customer service chat properly responds by assigning an executive, they ask to send mail then thr mail also is not responding for raised concern....its extremely annoying where to report the issues with delivered products",26.7.3,0,38
play_344c7ae2-e7a5-4d8b-85b9-9eac8f4e64c1,google_play,2026-07-24T16:36:53,1,"Disappointed. Whenever you try to contact their customer service, the message never goes through showing no connection. When infact there is internet and its working fine.",26.7.3,0,26
play_0531347c-cfb8-4f08-8db4-06ff6367dc97,google_play,2026-07-24T16:30:07,1,I don't know why but zepto hold my id for no reason saying some activity but I have not done anything so annoying and bad and uninstalled it shame zepto your support team is useless,26.7.3,0,35
play_dfa8d1c3-61da-4a24-ba61-490044e1fd01,google_play,2026-07-24T16:26:50,1,expired date milk send,26.7.3,0,4
play_5d5c17b3-469b-4f22-8634-ac306eb028e1,google_play,2026-07-24T16:22:25,5,nice,26.7.3,0,1
play_54dc36fc-0a6c-4330-88d4-b40256153d96,google_play,2026-07-24T16:10:56,1,chatu app,26.7.3,0,2
play_023e0385-1bce-474d-8cc5-86629e7d5e45,google_play,2026-07-24T16:08:05,5,very good,26.7.3,0,2
play_32ae0dfe-ae27-4330-9f37-2f308466270d,google_play,2026-07-24T16:02:41,1,Check the product thoroughly before sending it to the customer. Defective piece sent across. Get it exchanged,26.7.3,0,17
play_47eedb57-c9e4-4226-ace0-d5da85de35c1,google_play,2026-07-24T15:47:16,1,worst app always when I order payment goes it says payment has not gone and always the issue of refund,26.5.1,0,20
play_85a1e9e1-aa3d-4cb0-92d7-3d6493971923,google_play,2026-07-24T15:31:19,5,very nice,26.7.3,0,2
play_c2a185f7-fe44-454f-ae76-90150488d50f,google_play,2026-07-24T15:27:16,2,pathetic customer support,26.5.5,0,3
play_095a74bf-0e56-4eb6-bb95-1500da6c8b22,google_play,2026-07-24T15:22:02,5,super,26.7.3,0,1
play_7a77849e-5189-456a-8aea-7fde82c6b560,google_play,2026-07-24T15:21:13,1,less quantity water,26.5.4,0,3
play_f48ee24f-1a28-4901-840f-954c191c7ee8,google_play,2026-07-24T15:21:01,5,very nice,26.7.3,0,2
play_a8872b84-9af7-4562-98c5-21e4b6cb4b8b,google_play,2026-07-24T15:15:55,5,good app very good delivery,26.7.3,0,5
play_31fb9a48-a616-49c4-a2de-091c667c0c82,google_play,2026-07-24T15:11:15,1,pathetic there's no proper customer support services it's all ai and can't get any help from it useless app,26.7.2,0,19
play_5bf18141-8821-45d5-b961-c5bd30e9b98e,google_play,2026-07-24T15:09:13,1,worst app delivery.. before days i order products are delivered in good condition.. but today i received expired items before order they sent worst items...and customer care also very irresponssible.. i sent proof of pics also they didnot giving proper reply...now a days zepto is worst service..and i was going to complaint in consumer.. i sent mail also they didnot give proper response...,26.7.3,0,63
play_f35d5dc9-6adb-449c-bac5-0f67ce94e7ff,google_play,2026-07-24T15:01:14,5,very nice online store,26.7.3,0,4
play_f6f50b69-5864-4a21-a6ca-728f33ee21ad,google_play,2026-07-24T14:47:28,5,very useful for daily needs,26.7.3,0,5
play_011ad245-2683-406e-95b1-3ddc31780ec3,google_play,2026-07-24T14:42:16,5,nice 👍,26.7.3,0,2
play_d08c9395-eab9-4cf0-9b78-f8d43e35b9ba,google_play,2026-07-24T14:22:38,1,Ordered item on 16th July and order is marked as delivered although it is not.Ibyave called customer care and it has refunded full amount.Today some representative came to my home and make allegation that I am telling lie.This is seriously not accepted and I am deleting zepto app now,26.7.3,0,49
play_f5e7e122-8399-4ac4-a28a-e7c23bdf04ad,google_play,2026-07-24T14:16:23,1,worst one please don't install and buy from zepto,26.7.3,0,9
play_5cc98ff0-1b4a-4229-bb19-7bc73b089ecd,google_play,2026-07-24T14:12:14,1,very bad service after rotten tomato and mashroom giving bad smell thy do not refund very bad app i sm going uninstall,,0,22
play_af181c0d-df4f-40c5-9cf1-6524c8841611,google_play,2026-07-24T14:11:26,1,recieved wrong and damage product. Zepto not return or exchange my product. now your support team told me that my product unable to return. My product recived defective and i unable to registered the warranty.,26.7.3,0,35
play_01755f31-427f-4a5b-a4d6-308c9ceaf4f1,google_play,2026-07-24T14:10:16,5,good,26.7.3,0,1
play_7feccf82-6c4c-4f31-bad3-7be57f9a7a8d,google_play,2026-07-24T14:09:37,2,"The app is not working properly, whenever I click the delivery person location it just goes off.",26.7.3,0,17
play_cd4970e7-fa7d-4256-b639-2605d3ec4bc3,google_play,2026-07-24T14:08:09,1,Not delivering where I need to the most! 🙂 (Delhi),,0,10
play_0a77521e-dd59-4e27-9461-01bb86c82bea,google_play,2026-07-24T14:01:39,5,add one feature in your application order placed after can we add items incase we forget,26.7.3,0,16
play_04ed241e-0e88-47c7-b2d3-cbac1dcee352,google_play,2026-07-24T14:00:15,1,stop using this app,,0,4
play_89cedccd-2031-4eb0-88a5-964223167531,google_play,2026-07-24T13:59:58,5,very nice 👍❤️❤️❤️,26.7.3,0,3
play_2c997ada-fe4c-4096-a0be-bbed7ccdb892,google_play,2026-07-24T13:50:35,5,good 😊,26.7.3,0,2
play_35c0130d-b96f-4e66-8124-0a0d0b2897eb,google_play,2026-07-24T13:44:35,1,zepto is fully fraud . Never use to purchase anything,26.7.3,0,10
play_558a01f7-3469-4dbc-a41a-89cd5236822a,google_play,2026-07-24T13:34:02,1,delivering leakage items ... they just handover order and leave fast and Tell us (u people return it through app),26.7.3,0,20
play_87615891-a1cc-400f-a52d-bbf32302ad11,google_play,2026-07-24T13:33:35,5,Good enough for quick deliveries for quick needs,26.7.3,0,8
play_2e581113-60fa-41aa-aa26-c0f758c939d2,google_play,2026-07-24T13:26:50,5,dram stick in the same fug so check product before delivery,26.7.3,0,11
play_ce9d1a77-a2f0-4878-9b77-4f85a39dda67,google_play,2026-07-24T13:22:00,5,good,26.7.2,0,1
play_57d542eb-6b08-4fdf-8394-1e80ef18beab,google_play,2026-07-24T13:18:26,5,good👍👍👍,26.7.2,0,1
play_33d7a761-998f-44c9-8434-f7e1eaff2a19,google_play,2026-07-24T13:10:52,1,"Zepto is not serviceable at every area, This is only serviceable in some areas 😒",26.7.3,0,15
play_1f912eef-8972-4f7c-9378-e2234071126d,google_play,2026-07-24T13:00:54,5,good service,26.7.3,0,2
play_dce26390-1b91-4f23-ae5e-d000861ae095,google_play,2026-07-24T12:57:52,1,"duplicate electronic items. they refused to give gst bill of HP pendrive or my entire order that day. i couldn't download from their application as well. i shared pics, videos to customer care, they refused to share bill. and the item code of pendrive was nowhere to be found on HP warranty webpage.",26.6.5,0,53
play_99cb2069-7bc4-4325-bfd7-a00078fa4d50,google_play,2026-07-24T12:46:01,5,v Good,26.7.3,0,2
play_b3449e56-8ecc-405d-81e0-8deb34cd1f87,google_play,2026-07-24T12:39:48,5,fast delivery,26.7.3,0,2
play_0a702761-d28e-41f8-8986-2d40fca862d5,google_play,2026-07-24T12:34:27,1,"worst experience,I'm very disappointed I always get delivered completely damaged products , if we order biscuits they're crushed inside , if we oder noodles they're smashed inside , same with any solid items , and even oil when I ordered it was leaking ,. . swiggy is better quality items and customer support is good, zepto is worst .",25.2.1,0,59
play_93eba787-81a0-49e9-8420-4adb0e7f6d7f,google_play,2026-07-24T12:32:17,5,super and fast service,26.7.3,0,4
play_97d45ce2-3efe-465b-bf1d-77aee9785dab,google_play,2026-07-24T12:29:38,5,nice,26.7.3,0,1
play_dca199c4-d97f-4df3-bf17-8cd059531bad,google_play,2026-07-24T12:24:32,5,very good 👍,26.7.3,0,3
play_ee6da544-5d1e-4ffd-a8fe-2ae9da6565bd,google_play,2026-07-24T12:15:48,4,thank you,26.7.2,0,2
play_eaa83b94-1a70-40a6-8909-3c902e3bd3c7,google_play,2026-07-24T12:14:18,5,🫶❤️,26.7.3,0,1
play_ae2f7fa2-2b42-415f-ad76-20e7b2feb347,google_play,2026-07-24T12:09:50,5,good service,26.7.2,0,2
play_dcdb6ee0-881a-4c23-87f2-494cf177b3d9,google_play,2026-07-24T12:07:20,1,when I add items he dilate just time west,26.7.3,0,9
play_34721c39-438b-402f-87c5-1424b02fa2b5,google_play,2026-07-24T11:57:29,1,your support is worst,26.7.3,0,4
play_80044ee3-d0b4-42d1-84a3-6c67720fe7e4,google_play,2026-07-24T11:53:35,4,good👍,26.7.3,1,1
play_6aa8db00-c44a-4719-93d1-715de3cb11c7,google_play,2026-07-24T11:50:04,5,super,26.7.3,0,1
play_1487ac7d-d17e-4cda-a29a-5111fbcae1be,google_play,2026-07-24T11:38:44,5,Good,26.7.2,0,1
play_7488da8c-8cac-4b9d-8e4c-f5ad699ac2a7,google_play,2026-07-24T11:38:12,5,fast delivery,26.7.3,0,2
play_feca0b60-18d0-416b-a9bf-af504923bc27,google_play,2026-07-24T11:37:15,5,okkk,26.7.3,0,1
play_43cb77f6-532d-42e7-9464-d293582aa88f,google_play,2026-07-24T11:33:49,1,delete your app becouse u r being biased and not delivering in jantarmantar... shame on you🤬,26.7.3,0,16
play_519ebcb0-529f-4592-8e9c-fee187e06423,google_play,2026-07-24T11:26:45,1,"Bro, start delivering from Delhi Jantar Mantar, or things are going to get a lot worse for you than they already are",,0,22
play_8f43732d-9ca8-4a4b-b4f0-506fa037fe38,google_play,2026-07-24T11:25:39,5,very nice,26.7.3,0,2
play_dfab0849-a7b5-43c8-8da3-5441df9d8e17,google_play,2026-07-24T11:15:30,5,Very good service,26.7.3,0,3
play_8f0ae438-9e63-45d3-8e10-6f4bc3c0cd10,google_play,2026-07-24T11:14:43,5,good delivary,26.7.3,0,2
play_6c3d596e-4646-4e7c-b0b8-255d94984d6b,google_play,2026-07-24T10:57:16,5,good,26.7.3,0,1
play_82cada7d-58eb-4486-ba37-64ebd26bca81,google_play,2026-07-24T10:57:10,5,ok deliver fast,26.7.3,0,3
play_d2cabe87-e9ad-4487-8afc-5fb3bc672034,google_play,2026-07-24T10:56:11,1,"ads are a useless app for buying at low prices and selling at high prices, products are of poor quality",,0,20
play_50584067-6ec9-4eab-b4a3-ad2cefc2a5a3,google_play,2026-07-24T10:49:37,4,nice 👍,26.7.3,1,2
play_3928a0a3-e9b1-4d55-bb58-27b5d22d6553,google_play,2026-07-24T10:44:43,5,Good,26.7.3,0,1
play_0f97e224-28a4-4c0d-bf16-343fc141aefe,google_play,2026-07-24T10:43:56,5,best 💗,,0,2
play_81eeb6f6-5055-449a-ae85-f8f5899e65dc,google_play,2026-07-24T10:43:27,5,it is good 😊,26.7.3,0,4
play_327c7e26-0531-46c8-a074-543fac2069d5,google_play,2026-07-24T10:27:05,1,"They show offers, different products and do not refund if the product is unavailable. the app showed offers and when the offer is used no cash back nor any reply from cc. I tried to reach out customer support through email, and instead of helping, I received the same message over and over again (10) messages inspite of sharing the requested details",26.7.1,2,62
play_80925f76-15c9-4268-887d-46f08e9cb7dd,google_play,2026-07-24T10:25:10,5,nice,26.7.1,0,1
play_2b20e2ba-d960-443e-8537-c1f5844f9c18,google_play,2026-07-24T10:13:31,5,good,26.7.3,0,1
play_b4a9953c-e803-4a06-b846-cc55b3b549f1,google_play,2026-07-24T10:07:20,5,so helpful help karne ke liye dhanyawaad,,0,7
play_e306a3a9-536d-464a-9281-2da813e60fbe,google_play,2026-07-24T09:49:37,5,i was too happy when the delivery was only 99 I ordered more more items at that time,26.7.1,0,18
play_3406b12e-aced-4edd-ab27-885c014cedb4,google_play,2026-07-24T09:47:54,1,"Worst experience with the support staff, thig big brand doesn't has a supervisor available. I ordered 2 liters full fat milk, after n hour I put it for boiling n it curdled, water separated. immediately I contacted the support on chat, the lady on chat was pathetic after viewing the image se said that the milk seems to fine, anyone else looking would find that the milk water is separated, over requesting to speak to a supervisor she said they don't have supervisors available. A complete disgust",,0,87
play_9d2580d5-916d-4549-940b-6be9d822543f,google_play,2026-07-24T09:46:03,1,"worse service among quick commerce. I always get the product warm and when I reach for support, they say it has become warm in transit.",26.5.2,0,25
play_e93acf3d-0868-4e58-94ce-8e73c8c68e6c,google_play,2026-07-24T09:45:16,1,cheating consumers delivered wrong product and not giving refund or exchange.,26.7.3,1,11
play_3d18c62b-4068-4845-9410-f4933a4cd640,google_play,2026-07-24T09:41:16,5,good product and delivery,26.7.3,0,4
play_e490e809-9204-4772-8f70-feb366ef0186,google_play,2026-07-24T09:38:23,1,"I have ordered three items. Zepto assigned two delivery partners. One for two items and one for one item. I only got two items but not the another one it's been more than two hours and still showing order is on the way, delivered in six minutes. There's no response from the side of delivery partner I called him. I have prepaid for this order and now I don't want this item I want a refund. Delivery partner name : MD Ashgar very poor customer service.",26.7.3,3,86
play_0022c07e-3a93-49c5-82f4-4fc482d481bf,google_play,2026-07-24T09:37:02,1,"Very disappointing experience. Zepto promised delivery in 10–13 minutes, kept me waiting for nearly 1 hour, and then cancelled my order without any reason. I was late for the office and had to buy the same items elsewhere at a higher price. There is no customer support call option, only English chat support. Please improve your delivery commitments, customer service, and language support.",26.7.3,0,63
play_5abe428c-54a5-4488-a15c-42c143b85492,google_play,2026-07-24T09:35:46,5,very fast delivery taste is good 😊,26.7.3,0,7
play_86dab90a-c809-4912-ac41-4d62ac8aff84,google_play,2026-07-24T09:31:42,5,mast bye app,26.7.3,0,3
play_6be40a42-ba11-4754-84e3-adac4777ab2d,google_play,2026-07-24T09:30:39,1,cheating the customers on showing the offers in app. I recently ordered patanajali honey which showed buy one get one offer. The same offer existed in the external market stores as well. while delivering they sent only 1 bottle with the delivery boy. customer support is also very bad. The team is claiming that after reviewing details with the sellar the product is delivered correctly.,26.7.3,1,65
play_4dd5311d-cff9-4f12-add3-08059d365f55,google_play,2026-07-24T09:30:26,5,bhot hi badhiya hai ye aap,26.7.2,0,6
play_658fbb1d-8966-48ab-ad57-0da9b9169a17,google_play,2026-07-24T09:29:17,1,free pedigree packet stolen by packer check camera cctv in store,26.7.3,0,11
play_dcce61a6-3e44-4d08-879c-9efcfb35d6b2,google_play,2026-07-24T09:23:36,5,good material,26.7.3,0,2
play_c1a49f26-2707-4b55-8599-988a8374e92c,google_play,2026-07-24T09:22:05,1,"what is this behaviour zepto .... 😠I ordered a few items last week, but one of them was missing. I requested a refund, but the money—which was around 400—hasn't arrived yet.",26.7.2,1,31
play_caf7d109-2a65-4f89-967d-6dd7babd30c5,google_play,2026-07-24T09:21:17,5,Excellent,26.7.3,0,1
play_debbb597-360b-49e0-944f-2a12628eb253,google_play,2026-07-24T09:15:53,2,very bad sarvice,26.6.4,0,3
play_bb3dbea8-636c-4d22-aabd-714544692424,google_play,2026-07-24T09:08:20,5,excellent and quick service,26.7.3,0,4
play_44d995a5-2642-4136-9c83-f7872966ec8c,google_play,2026-07-24T09:04:07,5,super,26.7.3,0,1
play_376324f5-3c3c-45da-9969-af1b15075532,google_play,2026-07-24T09:00:56,1,"fish sold here is rotten, milk is rotten, Support is pathetic, I think this is the issue, without checking your database you are commenting, already created tickets , check my last three tickets",26.7.3,0,33
play_4f50066a-ad9f-4e79-bf17-42617f28fe59,google_play,2026-07-24T08:55:05,1,"I have been waiting for the last 3 hours, but no one has called me back or provided any resolution. It feels like Zepto has no human values, as I am only getting automated replies from an AI chatbot machine instead of a real person. मैं पिछले 3 घंटे से इंतजार कर रहा हूँ, लेकिन किसी ने भी मुझे वापस कॉल नहीं किया और न ही कोई समाधान दिया। ऐसा लगता है कि ज़ेप्टो (Zepto) में मानवीय मूल्यों की कोई कमी है, क्योंकि मुझे किसी वास्तविक व्यक्ति के बजाय केवल एक एआई चैटबॉट मशीन से स्वचालित जवाब मिल रहे हैं।",26.7.3,0,100
play_11e04ecf-87a2-443a-b4af-e653367e7b06,google_play,2026-07-24T08:52:19,5,so good 👍,26.7.1,0,3
play_73655af1-8564-4ab1-8c08-1e26dc34e9d1,google_play,2026-07-24T08:31:01,5,Good,26.7.3,0,1
play_c9b1c746-2554-4f77-b7dc-808d45d56cbc,google_play,2026-07-24T08:28:08,5,v nice servis Thank you,26.7.3,0,5
play_851b55d4-6c06-4ea6-9022-1fb8a0596230,google_play,2026-07-24T08:22:32,5,nice,26.7.2,0,1
play_c5298ac8-7bcd-4423-a13d-37a62f7cb642,google_play,2026-07-24T08:20:27,5,life saver during morning peak time,26.7.3,0,6
play_c7ff5f67-51d8-4367-9b81-f324d55b0c3c,google_play,2026-07-24T08:17:16,1,can't see any Option in the app to Refer someone...even if we ask them to Download he's unable to understand What to type in the Referral Code...as a Person who I referred him myself don't have any Idea...searched Entire app but couldn't find it,26.7.3,0,44
play_bbed4d7d-1f37-435b-9d05-19d56e53bf08,google_play,2026-07-24T08:16:54,5,thank you so much,26.7.3,0,4
play_2c3864a4-186e-4480-a44b-ff3e8761bf77,google_play,2026-07-24T08:10:37,5,very nice,26.7.3,0,2
play_e419423d-8953-46a3-a123-b97271ce1ea1,google_play,2026-07-24T08:04:32,5,"superb i have urgency zepto delivered within 5 minutes , recommended for everyone , thanks zepto",26.7.3,0,16
play_47f97b0b-e4ae-4733-823d-e21127fbf033,google_play,2026-07-24T07:48:32,5,Good,26.7.3,0,1
play_76f19c22-3355-4640-93f0-e620ae3842b9,google_play,2026-07-24T07:37:26,1,"very bad experience, Worst Grocery App I've ever seen.",26.6.2,0,9
play_5963952e-b6e1-4995-ada3-b519db205f0b,google_play,2026-07-24T07:28:09,4,Map should be bigger and made flexible.,26.7.3,1,7
play_9268b008-1975-4ac2-93cd-744fa000bafb,google_play,2026-07-24T07:26:33,5,good,26.6.4,0,1
play_3f797559-4bb0-4ca8-ac28-e178477f2f70,google_play,2026-07-24T07:19:39,1,"zepto se shopping mat karo is app ko delete karo ye fraud app hai ye hamesha milk last date ka bhejta hai agar 24 ko expire hona hai aur 24 ki night mein order karo night mein 11 baje tab bhi ye 24 ki date ka hi milk bhejte hai , vegetable hamesha inki sadi huyi hoti hai , garlic chilla hua mangao fangus laga hua , bina chhila mangao to pura mara hota hai , colddrink order karo seal laga rehta hai bina seal break huye half bottle hota hai ek number ka fraud app hai",,0,97
play_af3fd677-f485-424d-bf8a-8c6a17951f4a,google_play,2026-07-24T07:07:21,1,Shameful decision! You failed your customers when it mattered most. I'm extremely frustrated and disappointed.,26.7.2,0,15
play_607ac3b8-537c-4ef2-8b83-84e4cda7ebb6,google_play,2026-07-24T06:38:32,5,thanks for fast delivery,26.7.2,0,4
play_92a76a91-de9d-467b-8556-1198c753385f,google_play,2026-07-24T06:17:53,4,bahota accha app hai,26.7.2,0,4
play_ae84e271-a310-44e8-8da9-63a044ff8411,google_play,2026-07-24T06:01:30,5,wonderful,26.7.3,0,1
play_b3324a05-83c7-45d7-969c-fb88058970d1,google_play,2026-07-24T05:27:47,1,Does not deliver to Jantar Mantar,26.7.3,0,6
play_6f7d2440-999d-4585-839c-30c00c4a52ba,google_play,2026-07-24T04:50:55,4,nice,26.7.3,1,1
play_78ece157-59c3-4483-99db-54d653fc8a67,google_play,2026-07-24T03:36:22,1,bhyyy itna dimg khrb krdia h kya btau order ka wait krte raho order ni aake deta like seriously kisi bi time raat me order krdu kabhi time se ni aaya abhi bi maine 40 min pehle order Kia abh tak mera order ni deke jaare mtlb hadh h or support system itna worst h inka h 🫡 agr aap order nhi deliver kar rahe toh refund toh instantly dedo refund 5 din baad kyu bhyyy agr kisi ke pass or paise hi na ho toh order kya agle 5 din baad kare woh ? worst app seriously,26.7.2,0,98
play_9379469b-0c47-414d-8be6-1c376bf44176,google_play,2026-07-24T03:21:57,1,Poor customer support.. I have raised one concern regarding missing item for 31rs and they were not able to resolve it Order Number - RGLOJDKPB91775 written many emails not trust worthy service.,,0,32
play_f955dbc9-a9e8-4ba5-8a84-3ca1269e3643,google_play,2026-07-24T02:34:38,1,fraud app don't buy anything from this app,26.7.3,0,8
play_cbfcd83a-8afd-4849-aabc-be24d15698c5,google_play,2026-07-24T02:30:30,5,Very easy to find required products in Zepto and get it Minutes. Great app. Thank you.,26.7.3,0,16
play_30265939-5403-41f0-beff-ecde3d46da4e,google_play,2026-07-24T02:01:00,4,amazing,26.7.3,0,1
play_50215b5c-65dd-4541-b5ad-80bea02c1c59,google_play,2026-07-24T01:55:41,5,thank you very much,26.7.3,0,4
play_49c3eea7-9fa0-4cc2-9674-2565658df1e2,google_play,2026-07-24T01:35:15,1,wrong products delevery,26.7.3,0,3
play_5a439c40-ea80-4015-83b8-fdf1d8bdeaf7,google_play,2026-07-24T01:32:35,1,"For a single order zepto has wasted more than 2 hours of my time and it was the nearest location possible to have come and walk to the door in 5 mins. And the delivery guys and management are so irresponsible that after 2 hrs of waiting they missed some items to deliver to me. It is beyond irresponsible, it must be actionable.",26.7.3,1,63
play_0008e01e-5ba9-4125-a75f-354d61da143c,google_play,2026-07-24T01:30:07,1,Worst customer care ever,26.5.2,0,4
play_46017746-372e-4766-b514-5fc14302c136,google_play,2026-07-24T01:24:57,1,not givien offers,25.5.4,0,3
play_d4bba8f2-822e-4230-b90c-6a0c56fbe4a6,google_play,2026-07-24T01:23:26,1,not good,26.7.3,0,2
play_8f9a2bab-a391-4ba4-934d-b4b8e1d51972,google_play,2026-07-24T01:22:58,4,100 rs is best of Free delivery pls,26.7.3,1,8
play_993815a9-7aab-4965-9233-f4d1fc051c16,google_play,2026-07-24T01:19:21,5,nice,26.7.3,0,1
play_dd66281d-7c3e-4011-b53b-2574484fb93c,google_play,2026-07-24T01:15:03,1,"This was one of the worst delivery experiences I've had. Customer support was slow and unhelpful(chat plus senior agents). I waited for 2hours and the customer service agent was suggesting to cancel the order which is frustrating. For a service that promises quick and reliable delivery, the experience was disappointing. I expected much better and won't be relying on Zepto again unless they significantly improve their service and customer support. zero rating from my side. not recommended.",26.7.3,0,77
play_6af5282f-d27c-4c32-bfe8-1f785114e93b,google_play,2026-07-24T01:11:31,1,pathetic,26.7.3,0,1
play_ab529607-fb69-42d1-8600-10402f8672a7,google_play,2026-07-24T01:09:20,1,don't use this application for orders I have ordered earphones at 11.15pm and the estimated delivery time was 30 minutes. I waited until 12:40 am and the app just shows 15 minutes more. At the end the order was cancelled and i did not even got the notification. Now the refund takes 3 more days and I need to wait for 3 days to place the order again. If you're in any kind of emergency this application is not at all useful worst experience ever,,0,85
play_90cb6d14-0963-4458-b036-0085c81a22b2,google_play,2026-07-24T01:01:47,1,bakvas,26.7.3,0,1
play_8433f0ca-2bc4-460f-9cf9-7a8f17d64068,google_play,2026-07-24T00:56:25,1,use less product worst service experience from zepto totally frustrated with the product,,0,13
play_54aa3208-4aed-42c1-8942-eefb8eda5130,google_play,2026-07-24T00:50:54,5,thank you,26.7.3,0,2
play_a96910e3-6cac-4049-b727-e6b0d33052f6,google_play,2026-07-24T00:47:47,5,I m loving it,26.7.3,0,4
play_8beeab26-e1dc-48a4-aaa1-f6a0f4910413,google_play,2026-07-24T00:44:16,5,Excellent,26.6.2,0,1
play_afab005e-daae-4e9c-ba44-b1101f83a03a,google_play,2026-07-24T00:32:03,5,very nice 👍,,0,3
play_46326731-b7d6-4e93-b95c-5d61ec08c964,google_play,2026-07-24T00:00:21,5,very comfortable for us.kindly support them,26.7.3,0,6
play_71a717fb-dabb-42b5-9475-b96d4375473f,google_play,2026-07-23T23:59:19,5,good service 👍,26.7.3,0,3
play_730a2ebd-f35c-405a-8624-79e2cbacecaa,google_play,2026-07-23T23:44:25,1,"Zepto keeps getting worse. My order was promised in 15 mins, then delayed to 25 mins, and finally 45 mins because they didn't have a packer. When I asked to cancel due to their delay, they refused a refund saying I was cancelling. Customers shouldn't be penalized for Zepto's operational issues. Better to use Swiggy Instamart or Amazon instead.",,0,59
play_503feddc-ab3f-4b68-97fb-32f20fd2c16d,google_play,2026-07-23T23:40:54,5,good work,26.7.3,0,2
play_2e1314eb-f43f-4fd3-ac52-3b27b6aefbe3,google_play,2026-07-23T23:40:27,5,v good,26.7.3,0,2
play_2305201b-0610-493e-a232-763d544ca517,google_play,2026-07-23T23:39:15,5,good app,26.7.3,0,2
play_7df0dc82-d76a-4624-a35d-2dd6b497a910,google_play,2026-07-23T23:36:03,5,good service,26.7.3,0,2
play_90327a11-ead1-47f6-9053-619719e155d5,google_play,2026-07-23T23:32:34,5,good,26.7.3,0,1
play_78aced70-b8c9-42de-b041-15c5e8badcc8,google_play,2026-07-23T23:32:21,5,cool,26.7.3,0,1
play_7a390361-7d74-4b09-b3f2-17abdceb6a86,google_play,2026-07-23T23:27:47,1,"this company service is very very very bad, i purchase some groceries 1st time , after multiple reschedule they have cancelled my order this type happened second time after a long time multiple reschedule they have cancelled my order at midnight wastes service and no value of time..",26.6.5,0,48
play_ab0dc6fa-2229-4d84-b9ef-fa1f1c4f0c2f,google_play,2026-07-23T23:26:03,1,very disappoint regards the payment issue the dilivery partner are good but really disappointed form the staff all the time each and every time payments issues after paying also issues,26.7.2,0,30
play_bc13ee74-7b5e-408a-a1bb-42f73e47bb87,google_play,2026-07-23T23:25:46,5,super,26.7.2,0,1
play_bd004050-7a1c-480a-a934-00292110dbcb,google_play,2026-07-23T23:23:02,4,Pathetic support in case of missing orders.,26.7.3,1,7
play_1912c00e-7c5d-4990-a034-22ca4732f282,google_play,2026-07-23T23:13:29,5,okay 👌🏿👌🏿👍🏿,26.7.1,0,2
play_bbeea5e1-c72a-4ccc-bb31-b9e7bdda9e08,google_play,2026-07-23T23:03:48,5,zepto is one of the best grocery shopping app because it has a best delivery way and if a product is missing or damaged the zepto refund the product's amount this manner wins my heart and thankyou zepto,26.7.3,0,38
play_f0a8f32c-88cf-443d-acac-d3aa0a9b6239,google_play,2026-07-23T23:01:48,5,In zepto we get groceries in low price that is the reason I like zepto,,0,15
play_2d70dc4c-f1dc-41c8-b2ef-90d91b17ceae,google_play,2026-07-23T23:01:40,5,fast delivery 💯,26.7.3,0,3
play_49db5bef-316d-4640-84cb-c316cff0c0ea,google_play,2026-07-23T22:55:26,5,good 👍🏻,26.7.3,0,2
play_05ecc83c-8504-45b6-97cb-aaf01f09f226,google_play,2026-07-23T22:55:20,5,good,26.7.2,0,1
play_ef799e93-b0c3-4dc5-b1fb-04e374c2e8f0,google_play,2026-07-23T22:53:48,1,so bad,26.7.2,0,2
play_7c07d057-c2bd-4a81-87e8-d83c6e28dd08,google_play,2026-07-23T22:44:05,5,good,26.7.3,0,1
play_651ebae8-564f-4353-9822-79ed861299f1,google_play,2026-07-23T22:37:08,1,worst app,,0,2
play_caf1bfea-874e-4389-9683-e2bb35534b1e,google_play,2026-07-23T22:33:10,5,good,26.7.2,0,1
play_95e5e36b-a752-406f-95e6-6e0886c30e34,google_play,2026-07-23T22:30:59,5,good👍,26.7.3,0,1
play_d739b9e8-804b-4ebb-9e8d-09640a91bb07,google_play,2026-07-23T22:29:15,4,nice and reasonable prices,26.7.3,1,4
play_d3691e4b-76ec-4358-8fea-b44c330d515a,google_play,2026-07-23T22:26:33,1,Worst app ever,26.7.3,0,3
play_e7f5a655-58cf-48cb-bba9-f5f86426b85d,google_play,2026-07-23T22:23:11,5,nice work,26.7.3,0,2
play_acf93325-30fa-4551-bef5-9b6ae64f8ca3,google_play,2026-07-23T22:15:09,1,cheating fellows... don't waste your money here....all products are rotten or old,,0,12
play_6abd4cc4-4ff1-47bc-b62c-928c86b59eaa,google_play,2026-07-23T22:11:48,5,good,26.7.2,0,1
play_778f2ee8-0a45-41f4-927b-1272a48394b0,google_play,2026-07-23T22:09:45,5,thankyou so much zepto,26.7.3,0,4
play_cbcbdb08-58d4-4927-bb91-679c62a82873,google_play,2026-07-23T22:02:31,5,super boss 💪💪💪💪,26.7.2,0,3
play_75f6426a-8e8d-48d3-aa28-49d201f258a2,google_play,2026-07-23T21:56:03,5,super online app very good 😊😊😊😊😊,,0,6
play_d40a7a3b-bc76-4897-80bd-3549301893ba,google_play,2026-07-23T21:52:58,5,👍👍😁,26.7.3,0,1
play_35fa0c07-3a0c-4274-af4b-b39240a60b3a,google_play,2026-07-23T21:52:42,5,good,26.7.2,0,1
play_b0f9c5e2-fe82-4119-be01-530d1474d4cf,google_play,2026-07-23T21:52:40,4,good,26.7.3,1,1
play_3e6c91ae-b507-4d98-92e6-7e762f52f9c1,google_play,2026-07-23T21:51:14,1,"zepto is big fraud brand. there is no return policy of rotten and gatiya quality product delivered. better to buy from local vendors. you app support people have standard respons always...keep frustrated online seller. by the way, i have deleted your app and make space on my mobile.",24.12.5,1,48
play_dcb309e8-e7cf-4e16-aef0-2e8adce75f0e,google_play,2026-07-23T21:40:12,1,slow service,26.7.2,0,2
play_8f19f734-a837-48bb-baaa-b5bfa047c379,google_play,2026-07-23T21:37:16,5,good 👍,26.6.2,0,2
play_ee8c9fb1-727c-4728-8349-bbbf6a0307fd,google_play,2026-07-23T21:35:35,5,super app very useful for fast delivery in low price happy with zepto,26.3.2,0,13
play_4660c1bc-31cb-4b9b-9f3d-e06465977a12,google_play,2026-07-23T21:35:18,1,"I ordered milk but they delivered product which is about to expired. the app is third class, it was not accepting photo through help option. then I submitted through rating of order. but no resolution given.",26.7.3,0,36
play_3c9ac74a-e8cd-4331-9c46-6f9a6c390ee7,google_play,2026-07-23T21:33:53,5,excellent service and best delivery partner behaviour. in a very heavy rain in got my order on time.,26.7.3,0,18
play_42f4af86-b9e6-41b2-a88d-dd844318eb4e,google_play,2026-07-23T21:31:39,5,very good,26.7.2,0,2
play_c1c88582-ab00-4d81-a83e-9f1a6630e480,google_play,2026-07-23T21:29:24,5,good,26.7.3,0,1
play_43d69177-5e3c-44e8-861f-87cec52e22c1,google_play,2026-07-23T21:19:44,5,good,26.7.3,0,1
play_1c78407a-5ab7-4c79-9b23-01136755fb33,google_play,2026-07-23T21:17:08,5,good parsun,26.7.3,0,2
play_73d5e184-18c3-4603-9391-cb9f1f4bfedb,google_play,2026-07-23T21:13:18,1,"3 pieces were ordered and got 2 pieces of oranges secondly they are not admitting i have sent the pic as well potatoes were green tomatoes were rotten like maine green color kr diya its not about some 50-100 rs its about the faith ... so 1 star poor customer problem solving service not recommended it ,not at all and really big basket and blinkit is far better than this ...atleast wrong product is placed / returned",26.7.3,0,77
play_27251e8e-2570-4df2-8ba9-7ac4798cc80a,google_play,2026-07-23T21:12:48,5,amazing app,26.7.3,0,2
play_1f54dd74-4b68-46ee-8de0-02cf2bdcb27f,google_play,2026-07-23T21:11:50,5,superrrrrrrrrrrrrrr!!!!!!!!!!,26.7.3,0,1
play_137c91a0-f8ad-4b4d-93d9-cc7bbea1343d,google_play,2026-07-23T21:08:40,5,WOW,26.7.3,0,1
play_d6983e98-d69b-4fe4-af8d-ad8422fb318d,google_play,2026-07-23T21:04:10,1,they have not delivered one of my product and neither i have received my product nor refund,26.6.5,0,17
play_8b2a7179-d912-40bc-b576-d5704d50e139,google_play,2026-07-23T20:57:55,5,wow nice 👍,26.6.5,0,3
play_07ca43bc-9111-44a6-8c8c-f9b768105ff1,google_play,2026-07-23T20:53:40,1,"Items are often missing or differnet and lower MRP than ordered item. Support does not help, they accuse me of being wrong Zero delivery fees is a pro but trusted apps like Blinkit are better",26.3.2,0,35
play_941d1132-f48c-4859-a08d-cd1d78bfc164,google_play,2026-07-23T20:52:17,5,very good 👍,26.7.3,0,3
play_9978d09b-306d-4d8e-862d-7143648674ee,google_play,2026-07-23T20:42:54,2,egg broken tha,26.7.2,0,3
play_7431fc4f-b6a1-4182-87a9-1b42b9ac0503,google_play,2026-07-23T20:40:35,5,Good,26.5.3,0,1
play_2786f29b-eeb5-4a4e-b0b9-127f4ecdf36f,google_play,2026-07-23T20:38:42,1,they were never available when people needed them most.,25.2.2,0,9
play_4d0aa0ac-7401-434f-bf70-5dcdef1d012c,google_play,2026-07-23T20:35:57,5,very gud,26.7.3,0,2
play_f9b2f23b-1b32-4cf6-83d6-2e5db537043b,google_play,2026-07-23T20:35:21,1,very bad customer service support I ordered earbuds but one earbuds not working properly product 3 days return policy but zepto not return. waste of my money & waste my product,26.7.3,0,31
play_c5e70fd2-b12a-4363-a253-f712ee8939cc,google_play,2026-07-23T20:26:30,1,patshala was not properly taken,26.7.2,0,5
play_7dea813f-1607-4fa8-abba-be121732e65b,google_play,2026-07-23T20:26:17,5,good,26.7.2,0,1
play_10e4d07b-7d8a-4a7b-be74-13d189a3c0bd,google_play,2026-07-23T20:22:20,1,"I had a very bad incident today. I ordered 4 items and only 3 got delivered. When I asked the delivery guy, he told he missed it at the warehouse and he asked me to reach out to help desk for refund. When I reached out to them, they are telling they can't do anything. I even had CCTV footage. Still they said the same",26.7.3,0,65
play_55b9666d-1de5-4122-9aaf-9e6e1dcffc05,google_play,2026-07-23T20:18:39,1,not delivering at jantar mantar protest site.,26.7.3,0,7
play_f3477fe1-ad1d-4dd9-95d4-0e4106968d4e,google_play,2026-07-23T20:18:26,5,fast delivery,26.7.2,0,2
play_a2e93229-cfa6-47ee-89fb-3af1463d2aef,google_play,2026-07-23T20:17:29,1,"Very disappointing experience. My refund of ₹1,149 was credited to my Zepto Wallet, but immediately after that the store started showing ""Under Maintenance."" I am unable to use my wallet balance. There is no call or chat support available in the app, and I am only receiving repetitive email responses without any resolution. Please resolve this issue or refund the amount to my original payment method.",26.7.3,0,66
play_7ccb1b3a-a28f-4a5e-bfc2-9bd6d7ec0c71,google_play,2026-07-23T20:15:39,5,good seivice,26.7.3,0,2
play_62ddde84-8128-4e43-985f-b882eb05f1e9,google_play,2026-07-23T20:12:57,5,good,26.7.3,0,1
play_8f9b5ff5-7d3f-4fc6-8ef0-14a7b3cd68e0,google_play,2026-07-23T20:09:55,3,Package things are good. But perishables such as fruits and veggies are really bad. They delivered rotten pear the other day. Pls purchase only packed non food items,26.5.4,0,28
play_31a3ddf8-9dec-4d1b-a6b9-12838128f7b9,google_play,2026-07-23T20:02:26,1,It is Zepto 100 minutes. Even after one hour they are unable to deliver the order,26.7.3,0,16
play_532bd648-61e8-4ad4-a079-d5b7047baa5e,google_play,2026-07-23T19:59:01,1,I ordered cycle lock but I don't like it's quality so I place return order then delivery partner take that and I don't get refund back.😭😭😭,26.7.3,0,26
play_d7e8df7c-890c-4d8c-bf05-b424fb498264,google_play,2026-07-23T19:58:43,5,right now I'm good with zepto service nd offer but let see the prize or discounts continue with this nd zepto company,26.7.1,0,22
play_d711089f-fd26-4cbb-97cd-5b3cb9f0bd69,google_play,2026-07-23T19:50:53,4,nice job,26.7.3,1,2
play_6d6b72c6-d407-4e51-a74a-73be5717f153,google_play,2026-07-23T19:41:06,5,amazing 😍,26.7.3,0,2
play_efd1b0d3-3f5e-42cf-bbff-f0eddc9a0cf8,google_play,2026-07-23T19:29:46,5,Best performance,26.6.4,0,2
play_c97d56dd-80b6-4a68-81b2-da9448c98b3a,google_play,2026-07-23T19:29:40,1,I ordered a controller from this app and the controller vibration and the usb extender is also missing from package so I complaint zepto about it and the said talk to the company we can't solve and when I was ordering they said 3 days return and now not returning it my 1450 Rs are wasted now not recommended to you to ordered from this app,,0,66
play_e6bf2769-64ef-42b8-912e-0f010e6b36b5,google_play,2026-07-23T19:27:02,5,I am happy,26.7.3,0,3
play_4e78fc91-cec3-45a9-8cbb-85dcf945855e,google_play,2026-07-23T19:24:01,1,"Shame on you, blocking deliveries on protest site.",26.7.3,0,8
play_d0ddae5c-07fe-4c04-875f-c021b7e835aa,google_play,2026-07-23T19:12:25,1,"Very disappointing experience with Zepto. I ordered ice cream for guests, but it was delivered in a damaged condition. Since we were having lunch, we opened it about 20 minutes after delivery. Even though I shared photos and explained the situation, my complaint was rejected without a fair resolution. I don’t expect customers to open and inspect every item at the doorstep. I expected better customer service and accountability. Based on this experience, I won’t be ordering from Zepto again.",26.7.3,0,80
play_ce574c42-7138-45cc-bd26-ba0702dff79d,google_play,2026-07-23T19:10:08,5,Good platform,26.7.3,0,2
play_3589b4ba-dd70-4834-8a6d-cd98e21ec5c0,google_play,2026-07-23T19:08:35,5,fast delivery,26.7.3,0,2
play_c737a224-00f1-42dc-92aa-776b2ff28547,google_play,2026-07-23T19:07:42,5,good,26.7.3,0,1
play_0a9f5cee-97d9-4bab-863e-646152ebdb64,google_play,2026-07-23T19:05:50,5,great 😃👍🏻,26.6.5,0,2
play_0ddc097c-82b9-4aea-9b8b-729e57ffcbc4,google_play,2026-07-23T18:58:45,3,i need to explore more,26.5.5,0,5
play_fc9fe88f-3396-46b1-9b95-a45102df7a9f,google_play,2026-07-23T18:55:56,5,good👍,26.7.3,0,1
play_8a43b102-96b6-47ed-891f-c2d25074ca85,google_play,2026-07-23T18:42:41,5,perfect timeing🎀,26.7.2,0,2
play_3739895e-af73-4cc4-904d-4bef0ea8d3d1,google_play,2026-07-23T18:41:26,5,useful app fast delivery,26.7.3,0,4
play_8fd6b681-9cfa-4eb4-866d-46b037319b74,google_play,2026-07-23T18:40:29,5,👍,26.6.5,0,1
play_ede1090c-f647-43c6-a8b6-07645f278211,google_play,2026-07-23T18:39:08,1,bad app,,0,2
play_fef7d250-7ee1-400e-9f33-d385c17bb8e9,google_play,2026-07-23T18:36:05,5,💯💯,26.7.3,0,1
play_08203d75-a75f-4f17-a90e-9742ae086158,google_play,2026-07-23T18:32:45,5,good 👍,26.7.3,0,2
play_d83444ac-b50d-462f-861e-fad067ba2a82,google_play,2026-07-23T18:31:57,1,zero accountability no one response to the complaint fraud app delivery person didn't pick up the call and help desk don't listen they just listen to their delivery partner no evidence no proof that order successfully delivered or not please don't use this app or if you use don't pay online or upi.,26.7.2,0,53
play_cacadca0-7c0f-4766-8093-926d86d9d88e,google_play,2026-07-23T18:16:56,5,So good,26.7.3,0,2
play_b6770460-b16f-4245-8f36-ca08ed5881a0,google_play,2026-07-23T18:14:19,1,"This 1-star rating is purely for Zepto’s terrible customer service. I had already paid around ₹450 online, yet the delivery person asked my father to pay another ₹629, which he did, unaware that the order was prepaid. We have transaction proof and CCTV footage of the entire incident. The worst part? There’s no proper way to connect with a customer support agent to resolve this. Extremely disappointing experience!",26.7.3,0,68
play_93435889-f74b-4b0f-94ba-0c2c6321225b,google_play,2026-07-23T18:09:33,5,very nice product,26.7.3,0,3
play_5779917c-628f-4d53-b4c3-1bddc25c24ba,google_play,2026-07-23T18:02:40,5,My order has been delivered fast!,26.7.3,0,6
play_f80d64a7-2f5e-45a4-9a6a-c6b9cdf1efc1,google_play,2026-07-23T17:57:37,5,very useful app for everyone,26.7.3,0,5
play_16e133e6-9c96-4d1e-8a2c-a2f5f6d9757a,google_play,2026-07-23T17:54:59,5,👏,26.7.1,0,1
play_6cd092f6-55b8-4fd8-9606-12e771451905,google_play,2026-07-23T17:49:10,1,bakwas hai,26.7.3,0,2
play_1f71ab14-8899-423f-ab39-9642431a4bef,google_play,2026-07-23T17:47:54,5,good,26.7.2,0,1
play_e1f485f2-b7e3-4eea-9a3e-04122f076871,google_play,2026-07-23T17:46:51,5,excellent 👍,26.7.2,0,2
play_10c6a480-24d6-4d20-af31-c550661bf63b,google_play,2026-07-23T17:45:09,5,bahot accha,26.7.2,0,2
play_0308052a-c845-4e5d-9993-7ac5cc88e3bb,google_play,2026-07-23T17:43:59,5,good,26.7.3,0,1
play_5ad6431b-e532-4d77-b7ce-03a4b3f06f32,google_play,2026-07-23T17:42:52,5,good service thank u,26.7.3,0,4
play_5c4b6373-f05e-4c5f-aa4c-346c50f40bb5,google_play,2026-07-23T17:40:00,5,good 😊,26.7.3,0,2
play_fb29b759-03a4-46c3-bc70-2b040a618663,google_play,2026-07-23T17:39:03,5,super,26.6.5,0,1
play_fa80235b-8d19-48ec-93a7-96385a8cfccb,google_play,2026-07-23T17:33:57,5,very good👍,26.7.3,0,2
play_d05feeab-90ef-4e0f-8b23-8ed0007da449,google_play,2026-07-23T17:31:14,1,"Bad experience customer service bahut kharab hai. Koi response nahi karta wollet ka paisa kaha jata hai pata hi nahi chalta customer ko koi support nahi milta hai nahi call karne ka option hai bahut kharab service hai. Massege aayega ki 99 me free dilevry hai uske baad bhi charge karte hai isliye is app ko band karna chahte hai , bahut hi ghatha hai zepto",26.7.3,0,66
play_04f39cfa-0747-4e3f-a6ac-e7d195e6151c,google_play,2026-07-23T17:23:23,5,good,26.7.3,0,1
play_0fc12317-7f65-466a-b2b9-2e1a186f9c78,google_play,2026-07-23T17:22:29,5,good,26.7.3,0,1
play_794f61c0-1e8a-466b-9f17-b5faf25b4a1f,google_play,2026-07-23T17:15:19,5,good,26.7.3,0,1
play_3f02dfd1-9a54-4983-9e0f-53f0bf49422f,google_play,2026-07-23T17:14:41,5,Issue fixed 👍,26.7.2,0,3
play_0137c308-30ea-4267-b312-84118edf718f,google_play,2026-07-23T17:14:31,5,Just love this app - never let me done ever!,26.7.3,0,10
play_c3f568c2-977b-411d-85dc-359d1de117a0,google_play,2026-07-23T17:14:10,5,after using this app it's honestly very advanced app,26.7.1,0,9
play_90935008-6c90-4c1d-bd29-9ebe4adb6e5c,google_play,2026-07-23T17:13:22,5,Fair prices and quick delivery,26.7.3,0,5
play_f6d0f220-ac44-4d4c-b813-8bce205bdaf9,google_play,2026-07-23T17:13:07,1,Scam app. Items were missing in the order. No support from the customer care. They told me to mail. I just got reply that they won't help. No support for customers and complete scam.,26.7.3,0,34
play_e245201b-3202-4f5c-b3e1-dd73b8ccfc11,google_play,2026-07-23T17:12:00,1,"Ek dum bakwaas and bekar, delivery time 5 -11 min show hone k baad bhi delivery time 1 hr se jada kabhi kabhi to 2 hr bhi leta hai. Aur customer ko foolish krenge ki itne ka save hua hai. isse achha shop se le le.",26.7.3,0,46
play_be6c89b3-0aa4-41dc-b6ae-25830aedaf5e,google_play,2026-07-23T17:10:49,5,very good very quick service very prompt delivery,26.7.3,0,8
play_45a3a7d0-88ff-4642-affc-c9065593490c,google_play,2026-07-23T17:08:13,5,"fast delivery, nice offer and availability of items",26.7.3,0,8
play_c0fa05d4-c109-42c9-bcad-656be31d91aa,google_play,2026-07-23T16:56:06,5,👌g,26.7.2,0,1
play_5bea14a9-0361-40ee-bcaa-f6b3ac1ba86c,google_play,2026-07-23T16:52:17,5,Good,26.7.3,0,1
play_9e0c8d09-1052-4106-8374-8e6bdf29e323,google_play,2026-07-23T16:35:01,1,no replacement policy don't buy. seller can reject any time company have no responsibility. **-1star,26.7.3,0,15
play_77ed7abc-060c-441f-9bd3-26b614538bec,google_play,2026-07-23T16:31:16,5,good,26.5.4,0,1
play_1fb8666f-c74b-4ba3-8da7-949381249f4f,google_play,2026-07-23T16:29:10,1,this is fraud app.. they sell items as easy returns bur then dont process tge returnbeven the sjze is wrong. i bought sandals they deivered used sandals which are soiled but they are not even doing a excgange forget abt return,26.7.3,1,41
play_f4bdc6a7-aa7b-4b73-8787-0edd9d36a756,google_play,2026-07-23T16:25:17,5,wow,26.7.3,0,1
play_1d75a7a0-ea84-42db-8419-463836aa0d82,google_play,2026-07-23T16:07:05,5,Zepto is a really good service,26.7.3,0,6
play_a05d917d-4f0e-4432-b824-3f2a9083c573,google_play,2026-07-23T16:04:55,1,delivery time is usually twice and some times thrice the expected delivery time shown in app.,26.7.3,0,16
play_bfc205f3-d9bc-4fc5-a06a-44beedfc162b,google_play,2026-07-23T16:04:45,5,good,26.7.3,0,1
play_a72a7f4d-70af-4623-89d4-4c9491b0158b,google_play,2026-07-23T16:04:04,4,good 👍,26.7.2,0,2
play_8ec1e062-8a66-43d6-8fb9-6b8d1cde08b8,google_play,2026-07-23T16:01:08,5,Good 🤝,26.7.3,0,2
play_7886bb1f-667f-42f5-83e7-c02656e5c316,google_play,2026-07-23T15:46:12,1,pathetic service they are giving now they sell expired product when complaint they said seller send it in appropriate condition,26.7.3,0,20
play_2aa2befa-84c2-481b-9913-e48261df3fd5,google_play,2026-07-23T15:43:21,2,it's user interface sucks. i mean you guys running a million dollars business atleast make sure that your UI is clean and elegant.,26.7.3,0,23
play_502ccebe-7755-4851-9f52-91b90a5fd125,google_play,2026-07-23T15:37:25,5,mast hai,26.7.3,0,2
play_dcfc4016-d4e7-4402-9753-36849677a7dc,google_play,2026-07-23T15:18:53,1,very bad experience can't provide service on time very bad zepto zero stars,26.7.3,0,13
play_9db38101-f9ef-482c-8a98-8c6a04da0e00,google_play,2026-07-23T15:16:30,1,bad quality,26.7.3,0,2
play_9f027424-c3e4-42df-beb1-5e5b1bb7144e,google_play,2026-07-23T15:14:10,5,best,26.7.3,0,1
play_96349529-5fea-4c11-a48b-66f9fdb0865a,google_play,2026-07-23T15:08:08,5,bahut hi Achcha app hai aur aur app bahut acche hain aur iski Takkar Koi happy Nahin Hai Tak bahut saste rate dikhata hai Main To jyadatar delivery karvata hun zepto is a very easy and fast delivery bahut hi Achcha app hai,26.7.3,0,43
play_be5960a9-596b-4773-ab91-4d23670effdb,google_play,2026-07-23T14:55:45,4,very good product,26.7.3,0,3
play_2b169cab-7ed5-4b92-9c5f-88441506a750,google_play,2026-07-23T14:35:41,5,it's good.,26.7.3,0,2
play_f16e2046-7a18-4b47-a685-0c1717f59f46,google_play,2026-07-23T14:35:03,1,"in my recent order,oil bottle is leaking.on complaining they say that product was sent fine.I ordered icecreams twice.Both time,they were totally melted into water.Delivery boy had no cold bag.I complained in zepto but chatbot denied,no resolution provided.My ques is why zepto is selling icecream if they are to be sent in water form.I ordered sheetmask which was sent of different brand.I complained multiple time,they refused to accept that product is different.They didn't even address my concern",,0,76
play_42ad9929-942c-4c99-9ca7-8fd66cdba14c,google_play,2026-07-23T14:29:46,1,"Very disappointing experience with Zepto. I ordered one product, but a completely different product was delivered. I tried contacting customer support multiple times to report the issue, but I didn't receive any response. This is unacceptable, especially when customers expect quick support for delivery mistakes. Poor customer service and lack of accountability have made this a frustrating experience. I hope Zepto improves its quality checks and responds to customer complaints more prompt",26.7.3,0,72
play_8bb6cac0-aac8-4446-88fe-ead2310349b3,google_play,2026-07-23T14:28:02,1,Have you also given in to the pressure? Why has delivery become unavailable at the Jantar Mantar protest site in Delhi?,26.7.3,0,21
play_4dd083bd-4c20-48f8-963e-d9d1daf31895,google_play,2026-07-23T14:27:01,1,Just now uninstalled this pathetic app. No resolution for the problems.,,0,11
play_10046dc4-4583-4c44-b44b-1bcd985b3de3,google_play,2026-07-23T14:26:49,1,"Very smart design much appreciated. Objective:loot; outcome: customer harassment. get help keeps crashing whenever I try to raise a complaint. Happened multiple times, had to let go on many occasions.",26.7.3,0,30
play_210f3a4a-8279-46ed-8737-035c3cefd3f9,google_play,2026-07-23T14:25:38,5,good service be on time,26.7.3,0,5
play_3a17d660-868b-452d-9e1a-77100544488e,google_play,2026-07-23T14:19:57,1,"Very disappointing experience. I ordered Paneer Makhani, but the quality and taste were extremely poor. I couldn't eat it and had to throw the entire meal away. I contacted customer support, but the resolution offered was not satisfactory. I expected much better service and quality.",26.7.3,0,45
play_1282d31f-9cb8-4a58-9ca0-e9faa836373f,google_play,2026-07-23T14:18:25,5,same rate like original,26.2.8,0,4
play_4eb5c6bd-3223-4981-a536-109ec8cbdb5f,google_play,2026-07-23T14:17:00,5,good service,26.6.4,0,2
play_8080c428-cdcf-4d5a-9328-0a5fdb4a0283,google_play,2026-07-23T13:48:29,1,Always received less quantity of items and when raised for complaints they don't respond not life the calls of customer care service and ask to mail the issue with images andthe mails would be not answered. very bad. very disappointing.,26.7.3,0,40
play_41eb799a-f7b6-4224-8af8-5484202c4c25,google_play,2026-07-23T13:45:52,5,reasonable product n first' s delivery n the whole delivery boys behaviour so kind n helpfull🤍🤍,26.7.1,0,16
play_9c5a92d6-0785-4245-a801-47fa81109fe6,google_play,2026-07-23T13:34:10,1,Expired Product And Low quality Items Delivered,26.7.3,0,7
play_21b1b8f1-821c-4a7c-9b1d-bee8a0493a29,google_play,2026-07-23T13:33:17,5,I have purchased a 80w usb cable it's good quality product and original cable with 1year guaranty,26.7.3,0,17
play_7b0f8e91-3efb-4425-84aa-29e995a214da,google_play,2026-07-23T13:26:46,5,fast delivery and no extra charge,26.7.3,0,6
play_9adfe9fe-271c-44ca-a185-0eed3d9c1ef8,google_play,2026-07-23T13:19:05,5,"very good ,cheap ,fast",26.7.3,0,4
play_dc0d659b-2d9d-4400-9927-047f45af98ac,google_play,2026-07-23T13:18:50,1,ye app ab 100 ka cash back ni details hai pehle ye app accha tha ab ni,,0,17
play_5731a8be-07de-4a38-ac13-2e849e3b0133,google_play,2026-07-23T13:17:18,1,"send me spoiled vegetables or curdled milk when I am raising the issue with prove then they told "" that all products undergo strict quality checks before dispatch by the seller to ensure they meet our freshness standards"" . no refund or no return . very bad service.....,same with me",26.6.1,0,50
play_7e54437a-3dfc-4396-a33a-9787762d150e,google_play,2026-07-23T13:15:20,1,"not satisfied worst customer service, does not refund the bad quality products",26.7.3,0,12
play_2264d9ac-1be2-4c3b-864d-37130500764d,google_play,2026-07-23T13:11:15,5,instant customer support 👍,26.7.1,0,4
play_700f79e7-d241-46f7-ad67-982a06b6e8c6,google_play,2026-07-23T12:51:38,5,superb for ladies,26.7.3,0,3
play_e76c4ca4-6ff5-4d0c-bd87-789047378b78,google_play,2026-07-23T12:49:25,5,Very good 👍😊,26.7.3,0,3
play_9bd6f183-7a45-4441-ada8-9ce1ea3d9a69,google_play,2026-07-23T12:48:03,1,i ordered the product through your portal but they delivered damaged item and they are refusing my refund and replacement both consider this as my last order i am not ready to waste my hard earned single penny on company like you who is not ready to accept my legitimate request never ever I will order it again and request other known ones to do the same after repeating negotiation to prove that I am wrong support refused! so finally uninstalled your app and thanks for ur unprofessional behavior,26.7.2,0,89
play_b54ce0ef-17cf-4c9f-9cbb-98f6a140bca5,google_play,2026-07-23T12:44:58,5,Awesomeness 👌,26.7.3,0,2
play_ace27497-a73b-49f8-ade5-0ba0219f3aac,google_play,2026-07-23T12:43:18,5,nice,26.7.3,0,1
play_442f9848-2f66-4426-bc97-e5285fa2cabf,google_play,2026-07-23T12:41:57,1,Delivery Experience is pathetic.,26.7.3,0,4
play_434318ed-7e16-43d1-88e1-02869ea09b8b,google_play,2026-07-23T12:35:41,5,everything fresh n as expected from zepto,26.7.3,0,7
play_5d7ae6f2-05ca-4bd9-a064-2d4e283d8909,google_play,2026-07-23T12:24:41,5,good,26.6.2,0,1
play_bc9de740-dc13-40d8-ad3b-7dff60655151,google_play,2026-07-23T12:20:34,5,good,26.7.3,0,1
play_4ed71537-3ac7-4ccc-a5ee-de981c1d3766,google_play,2026-07-23T12:13:10,1,Worst Delivery app shows the product will deliver in 9 min and delivers in more that a hour😡 Very Disappointed,26.7.3,0,20
play_3606da93-3b39-4630-8edb-4f10dc9ff960,google_play,2026-07-23T12:12:31,5,very good job 👍,26.7.3,0,4
play_3f84bd08-f8b9-436f-bd56-e4872292bdda,google_play,2026-07-23T12:10:32,5,good 💯,26.7.3,0,2
play_6f3bc664-54f8-47a2-9301-6e22bbd1c45c,google_play,2026-07-23T12:09:05,5,good service,26.7.3,0,2
play_6b2916e7-4713-451a-82cb-dd7ab81d6cb5,google_play,2026-07-23T11:40:29,5,wowo nice,26.7.3,0,2
play_fa9721ad-e5fa-43ae-b500-c2e7a8e3e2b8,google_play,2026-07-23T11:37:59,1,worst app 🙏 don't install this app you can order another app 🙏,26.7.3,0,13
play_ed221f02-d091-439e-a66d-435700e90a4d,google_play,2026-07-23T11:33:36,5,OMG,26.7.3,0,1
play_5007e263-f601-4f30-9ff5-bbdecfad74d0,google_play,2026-07-23T11:30:36,5,👍,26.7.1,0,1
play_ee1ef9e2-c3b9-43ac-84c9-d79d218ceb42,google_play,2026-07-23T11:30:04,1,"Worst app , few days back i had ordered few things but there was some payment issue so the order was cancelled but refund never came i talk to automated Customer care , emailed them on 2 diff account still half months has passed refund is not done which was to be done in 2 -3 days",26.7.3,0,57
play_b5a5cf3f-cb6f-4166-8859-ef44048cd5e7,google_play,2026-07-23T11:29:55,5,indian origin company ... good buying experience always,26.7.2,0,8
play_a46bfc06-dd47-48b7-8f4c-aed8a25a8964,google_play,2026-07-23T11:23:31,5,good 👍,26.7.3,0,2
play_8d4c2fa3-8eac-4510-b147-10db6f562496,google_play,2026-07-23T11:17:37,4,nice app,26.7.3,0,2
play_69b13a7e-3710-4252-ae4b-0208ca29f1ea,google_play,2026-07-23T11:07:21,1,worst service... they don't know what they are sending what they are selling...,26.7.3,0,13
play_68b65f0d-b4d9-4f72-aaf6-f4ee295ff28a,google_play,2026-07-23T11:01:11,1,"Why is Zepto cafe not available for many sectors in Dwarka, Delhi. Like there is no zepto cafe delivery for sector 2 & 5, Dwarka.",26.7.3,0,25
play_9f309375-155a-48c0-aac4-fc61b6077dbb,google_play,2026-07-23T10:52:54,5,good,26.7.3,0,1
play_19431a46-23e9-439e-9dfd-181070210b92,google_play,2026-07-23T10:46:48,1,I'm not able to see my reference code in my app nor I'm able to refer to others the app is very slow,26.7.3,0,23
play_3dfcd030-8a11-48cf-bb47-c38800c6187a,google_play,2026-07-23T10:35:18,1,Bad quality product delivered,26.7.2,1,4
play_c33cc47e-7e5c-4337-be51-88bb0e8b134f,google_play,2026-07-23T10:31:38,1,Zepto package does scam by packing unsold products to customers,26.7.3,1,10
play_c3fc958e-0ed9-43df-ac48-0ad05ce08325,google_play,2026-07-23T10:29:09,1,zapdo Se Maine Amul milk mangaya tha use packet per Jo print hota hai vah Yun Hi chhut Raha Hai matlab nakali dudh bhej raha hai aur uske bad bhi complaint accept Nahin Karte na inke pass ko ek customer care number hai aur jo laptop delivery dena hai to usse Baat Kari Thi vah uska baat karne ka tarika alag hai bekar log Hain,,0,65
play_a662367c-edc0-4b49-ae9b-b72f6dbb69f4,google_play,2026-07-23T10:23:29,1,"SCAMMERS, poor service regarding packing, items missing so have been using this app for a few months and the one problem I have faced is that most of the time I place an order one or more items is missing, i thought maybe they will improve but now the customer service even refuse to acknowledge their service shortcomings, that is disappointing because they do offer good prices on grocery, but now I think I will have to stick to other service because atleast I will get the product I pay for.",,1,91
play_f71be17a-34c2-48e1-bd8f-de35e73a3e38,google_play,2026-07-23T10:21:19,5,good this parson very nice,26.7.3,0,5
play_dca8f82f-0c8a-4fc7-92ef-5c5f688e988c,google_play,2026-07-23T10:18:30,5,osm bro,26.7.3,0,2
play_c2169b1b-1570-4cf9-bb5d-7a311a9ff767,google_play,2026-07-23T10:10:42,1,Rude Delivery Behavior,26.7.3,1,3
play_a3c3a2bd-5f49-4b9f-91b2-27c238862085,google_play,2026-07-23T10:05:17,1,"ordered and was delivered with missing quantity, contacted customer support but the refund was still denied. it's unacceptable to pay the full amount and not get the entire order. customer service gets -2/5.",26.7.3,1,33
play_bd9b05f8-019f-4f2f-930a-dcc61ad517e8,google_play,2026-07-23T10:02:16,1,Useless support service. They don't care for customer's money and time.,,1,11
play_13545315-6bfc-45a6-a435-3fa9eaaacbc8,google_play,2026-07-23T10:00:24,1,wrost company,26.7.2,1,2
play_0c9396a9-f167-45e8-84f1-2168372d4d4f,google_play,2026-07-23T09:50:43,5,good,26.7.3,0,1
play_31ff3153-e157-4d5a-ab22-b72eb4ff68d2,google_play,2026-07-23T09:39:59,1,makhana from MOM so less quantity not right,26.7.3,0,8
play_5e5a8f9b-7068-43bd-9d79-f94f840e26dc,google_play,2026-07-23T09:30:50,1,3rd class service,26.7.3,0,3
play_17ebe617-39b4-4177-a6a9-03ab4e1cf0b8,google_play,2026-07-23T09:19:27,5,good,26.7.3,0,1
play_81527796-f656-46e2-9e8e-764b8e97335b,google_play,2026-07-23T09:03:36,5,gud work,26.7.3,0,2
play_000e3acf-ce3f-4739-89e9-0d144d44de9a,google_play,2026-07-23T08:52:14,1,"These guys talk about a 3 day refund policy and the people in the help section do not even talk about it, like first u deliver damaged products and then u refuse to do anything about it, such thieves",26.7.2,1,39
play_deb65956-fdbc-4541-991d-520fdb05ec77,google_play,2026-07-23T08:31:38,5,fast delivery,26.6.5,0,2
play_c80f9321-cf81-4c74-8fd1-1d702f2dd88f,google_play,2026-07-23T08:25:20,1,"please don't buy any electronic product from hereI had a worst experience the product is got complaint within 24 hrs , and there is no proper support from customer service also. I have approached by mail also but they are not ready to support. if there is negative rating I will give negative rating.",26.7.3,0,54
play_e11261ee-923e-41c3-b609-1a6568129207,google_play,2026-07-23T08:16:10,5,very fast delivery no extra charges,26.7.3,0,6
play_763c86ae-370b-4e13-a13e-d3e2e5dfcb94,google_play,2026-07-23T08:11:39,1,i have not got any surprise price on my first order then why mentioned like that..it's like cheating and fraud and by the way i don't like interface off this app bcz so small writing can't read proper about item even brand name...,26.7.3,0,43
play_4becbaf0-5cbd-46f9-be30-9ed362d57035,google_play,2026-07-23T08:09:14,1,worst coustomer support and fake,26.7.3,0,5
play_9debbabc-e285-47ac-812f-167260ef5e36,google_play,2026-07-23T08:00:52,5,nice,26.7.3,0,1
play_16999401-1560-450a-ac9f-6e657961e19d,google_play,2026-07-23T07:04:11,5,good delivery,26.7.3,0,2
play_2744ef65-9957-434a-bcdc-0a21bc96c0a3,google_play,2026-07-23T06:51:10,1,quantity is very low,26.5.2,0,4
play_722c368e-91ba-4406-ba6a-f9c27e406044,google_play,2026-07-23T06:31:01,3,"I ordered a 5-pack Ferrari Hot Wheels shown in the listing but received a random fantasy car pack instead. This is the 3rd time in my last 10 orders. Please ensure product images match actual stock. It'll reduce returns, refunds, and improve customer trust.",26.7.3,0,44
play_6f3ca16f-5a10-4bb3-a0bb-21331818ddd1,google_play,2026-07-23T04:16:35,1,bekar,26.7.3,0,1
play_26bf5c83-f025-44f9-b392-1cb3c708d6ab,google_play,2026-07-23T03:06:40,5,excellent service,26.7.3,0,2
play_123915d1-bc87-4892-bace-feaf368d2170,google_play,2026-07-23T02:34:24,5,good 😊,26.7.3,0,2
play_dd04b6f9-661a-40ce-95cd-4387ddebdc37,google_play,2026-07-23T01:57:26,1,worst app. i got the the waterbottle which something white substance inside it. despite me telling them again and again with pictures as proof these people are not doing any thing and are just telling me that it was in good shape and picture during dispatch were fine . i order for 24 *200ml bisleri bottle package . how is it possible to click a picture of packed cartons individual picture. guys please be aware of this fraud app and trust me products are not authentic.,26.7.2,1,86
play_64730ed1-dccd-4d26-b2df-da23269c2d83,google_play,2026-07-23T01:46:05,5,good,26.7.3,0,1
play_5896f30a-61b4-4997-8414-bf5e268614b1,google_play,2026-07-23T01:23:00,5,👍,26.7.1,0,1
play_bf2d591f-f0fd-480e-9b94-98e6914f1945,google_play,2026-07-23T01:12:11,1,most pathetic application.,26.7.3,0,3
play_f261602d-9183-4f45-bcfa-bedb668b3fe7,google_play,2026-07-23T01:01:45,5,good,26.7.1,0,1
play_7d9a6cda-d172-49a6-9147-3dd90e1f93e8,google_play,2026-07-23T00:55:05,5,all over good,26.7.3,0,3
play_54bed909-68c2-4168-a973-6b08920a6635,google_play,2026-07-23T00:49:27,1,"Worst experience, no customer support, worst quick commerce",26.7.3,0,8
play_435d796f-e7fa-4a00-a4cb-066c9a3f119a,google_play,2026-07-23T00:44:41,1,"Not availiable in my area in Delhi 🤨 Edit :- After 5 years, Still not available in my location but now we got amazon now, flipkart minutes, blinkit and Jiomart available so we don't need this trash 🚮 🗑️",26.7.3,0,39
play_c8bd5f61-d1a1-474e-b5c8-7a214682869e,google_play,2026-07-23T00:30:02,1,delivery time extends,26.7.3,0,3
play_5dca91f4-a1a6-4370-bd83-f6c06b9ff913,google_play,2026-07-23T00:27:27,1,ok service,26.7.1,0,2
play_ba404d9a-4dbe-41f9-a031-23117f299cd4,google_play,2026-07-23T00:20:10,1,very bad experience,26.7.1,0,3
play_5dba754c-a0cb-4740-9df7-78772cc64e39,google_play,2026-07-23T00:16:02,1,wow now after replying you on the mail for the concern you gave me the same reply you think customer are fool they have money falling from trees i will go to the store and report it,,0,37
play_dbc2f42c-1c42-4210-b2a5-1b9e95381dfd,google_play,2026-07-23T00:11:42,5,nais👍👍👍,,0,1
play_00dfc03f-852b-4747-bc51-98aa2ae0cd72,google_play,2026-07-23T00:10:35,1,"Third Grade App, i ordered a couple of things, got a different order. The customer executive sends the replacement and then the delivery guy Keshav started arguing with me and cancelled the replacement. will never order from zepto again! worst experience. blinkit is far better than this.",26.7.2,0,47
play_5d1751e2-fefb-44f4-93fe-e8d8b7ed2af4,google_play,2026-07-22T23:57:33,1,no customer care,26.7.2,0,3
play_5c304ad9-b203-4e05-8e1f-4fd6c5eaa988,google_play,2026-07-22T23:51:53,5,some products out side low price zepto high,26.7.3,0,8
play_9be02d8f-cd31-422d-b0d1-3e0bf8426951,google_play,2026-07-22T23:46:29,1,"letters very small,I can't reading.",26.7.3,0,5
play_db2d0f51-68a3-4986-9c36-bf6750547f1f,google_play,2026-07-22T23:32:32,5,this is good,26.6.5,0,3
play_6a3c6ee7-a691-4f81-b2b0-a545be58977b,google_play,2026-07-22T23:31:42,1,worst app worst delivery partners and worst service I ordered my grocery and then after time it doesn't show any update so I cancelled my order after that the delivery partner came and started force to collect the order and he was drunked so we collected the order but now I'm switching to blinkit,,0,54
play_babdb891-78fa-4755-b4fa-9ac97580dfa4,google_play,2026-07-22T23:15:01,5,nice 🙂,26.7.3,0,2
play_faa13bbd-71e3-4aff-b887-dacd2d3d6137,google_play,2026-07-22T23:08:51,1,worst app worst customer service worst quality,26.7.3,0,7
play_af77ed83-ba02-4211-9c25-65520a277486,google_play,2026-07-22T23:05:56,5,very quick delivery and tasty and hot,26.7.1,0,7
play_430bedbc-9eda-4556-b336-881175700803,google_play,2026-07-22T23:04:06,1,fake zepto,26.7.1,0,2
play_f45021aa-e486-4a0e-ba9d-3036fae9a409,google_play,2026-07-22T23:03:48,5,ok,26.7.2,0,1
play_a5ff11ee-8223-4e29-884e-d4e06843ff23,google_play,2026-07-22T23:03:10,5,Fast delivery not charging any extra amount best offers,26.7.3,0,9
play_a3933601-1633-4836-b473-dbcf3573777e,google_play,2026-07-22T23:01:38,5,"""Very prompt and reliable service. The delivery was quick, and the entire experience was seamless. Thank you, Zepto!",26.7.2,0,18
play_0ee8a7e8-b387-42f4-9fe1-594df740e22c,google_play,2026-07-22T22:51:40,5,one of the best app experience as compared to other apps especially specaially blinkit variety of new products ✅ prices ✅ charge-free✅ fast & easy delivery ✅ various payment options ✅,26.7.3,0,31
play_0fd972af-255f-45a4-b24b-1ebfb725b0ff,google_play,2026-07-22T22:48:46,5,good,26.7.3,0,1
play_3ea70ba2-f9c9-47f6-ab45-c157876de888,google_play,2026-07-22T22:39:13,5,Good service by Zepto. All the Best 👍🏻,26.7.3,0,8
play_b1978e46-2d65-4169-9678-2b2b3a146f9f,google_play,2026-07-22T22:36:39,5,good 👍,26.7.3,0,2
play_fed332d9-943f-49e7-9ea1-0dcb074db166,google_play,2026-07-22T22:23:25,4,this is very good 👍👍👍👍👍👍👍👍👍👍🫰,26.6.1,0,5
play_24b3e6b0-e47a-4dcc-8152-a4e412f3843a,google_play,2026-07-22T22:20:01,1,"Most of the time order got delayed... FYI they never ever deliver in 10 minutes as they claim. Editing my review again in 2026 ,time has changed but zepto still maintaining its status... Not delivering on time...",26.7.3,0,37
play_252a0e41-0369-4e54-9a0e-e1391c7c740a,google_play,2026-07-22T22:12:34,5,exilant 🙌,26.7.3,0,2
play_3b80a02d-f33b-4432-9b26-9d506088d773,google_play,2026-07-22T22:11:29,1,"I did not receive my order #UHISJUNNN45997. The order is marked as delivered, but I never received any call from the delivery partner, nor was the order handed over to me. Please verify the delivery partner's GPS location and proof of delivery. I request an immediate refund or redelivery. If this issue is not resolved promptly, I will escalate it to the National Consumer Helpline",26.7.3,0,65
play_23a01f35-b4df-48ac-a792-c32af14de008,google_play,2026-07-22T22:07:12,1,not delivered at jantar mantar,,0,5
play_f567d309-c2c9-433f-9aa3-acabbc9d4229,google_play,2026-07-22T22:03:50,5,Best app,26.7.2,0,2
play_6de15182-a4dd-43dc-a839-3a5e7faa658b,google_play,2026-07-22T22:00:30,5,best,26.7.3,0,1
play_29f81992-8e1b-4ee3-af05-622a111ed4bf,google_play,2026-07-22T21:55:19,5,nice,26.7.3,0,1
play_09a49dee-bd2c-487e-97d2-4fa659585435,google_play,2026-07-22T21:54:22,5,nais,26.7.3,0,1
play_55377b3e-b5c1-43bb-bda9-c9cfac083085,google_play,2026-07-22T21:51:43,1,"Delivery partners tampering products, refrigerated products delivered in melted state, packaging damaged and half eaten products, warppers chewed by rodents these are some of the issues the list is non exhaustive.",26.7.2,0,31
play_63cd79d8-2d1c-41a9-93b8-6185e13a243f,google_play,2026-07-22T21:48:16,1,worst delivery servers,26.7.3,0,3
play_848b3a31-6d57-4980-9d27-7c3ec54910e7,google_play,2026-07-22T21:45:34,5,good app for the walde top1 app,26.7.3,0,7
play_700af916-b6e3-458b-98f6-9c1d3f8ad8f7,google_play,2026-07-22T21:42:56,5,bohut ache prize hai thanku so much zepto I am impressed with your all of work,26.7.2,0,16
play_674d7061-c6cf-4fa2-ba2b-8499caa9c061,google_play,2026-07-22T21:41:09,5,NYC delivery,26.7.3,0,2
play_16b765cd-1082-47bd-92d6-a997fccd8aea,google_play,2026-07-22T21:36:33,1,I have order garlic so received rotten then I have raise report so they didn't accept my problem,,0,18
play_1ac2eda2-e117-48e8-be7a-aebe356614d2,google_play,2026-07-22T21:33:31,1,sell near Expire product,26.5.3,0,4
play_07c007a9-b140-4559-838f-598abac697ff,google_play,2026-07-22T21:17:35,5,good service 👍🏻,26.6.5,0,3
play_1d20b7c2-41d1-407a-9492-48099fe0d764,google_play,2026-07-22T21:15:55,1,"i will never be ordering from zepto again , first you delivered me a damaged product and then your delivery guy refused me to give the new product and was very rude . this is not fair you have wasted my money and time.",26.7.3,0,44
play_49c5852f-9b06-468f-a65d-65ed5fd6d112,google_play,2026-07-22T21:08:24,4,फास्ट सर्विस मॅन गुड सर्विस,26.7.3,0,5
play_46bb8492-5dc8-44db-86ed-85f3ad0fd649,google_play,2026-07-22T21:07:17,3,good only,26.7.3,0,2
play_25171f8d-e003-4190-a845-ec6f084956b1,google_play,2026-07-22T21:00:43,1,"BUNCH OF EMBEZZLERS. They send half empty bottles of shampoo, empty packets of chocolates and then the customer service refuses to accept. TERRIBLE APP. TERRIBLE SERVICE.",,0,26
play_09eb2918-28d8-4b71-b118-c396a934fdcf,google_play,2026-07-22T21:00:16,5,best,26.7.3,0,1
play_6701fc51-1629-4bbe-b96e-6c539bf92842,google_play,2026-07-22T20:58:33,1,why cod payment is blocked and who have done the mistake already posted,,0,13
play_79d1783f-91e6-489c-bde2-f9f4e9b162fe,google_play,2026-07-22T20:58:14,5,good 👍,26.7.2,0,2
play_aeee314e-4e58-40b1-bd90-ebf00e999c2d,google_play,2026-07-22T20:56:03,4,good 😊 work 💯,26.7.2,0,4
play_89cf8dab-40b8-4c35-8bf6-9168c0a73a90,google_play,2026-07-22T20:55:57,1,Very poor service and goods 😕 and alshow agent behavior is very poor 🙁😢,26.7.3,0,14
play_6858e72e-25c9-4701-9541-a8a7382f20a6,google_play,2026-07-22T20:54:42,1,"disgusting customer care service zepto no any help customer care service.shame The concern has been thoroughly reviewed by the seller and it has been verified that the product delivered matches the details mentioned on the platform and order placed. Unfortunately, the request for a refund or exchange cannot be processed for this order. The seller aims to ensure that all products align with their descriptions and meet expectations. If the product is felt to differ in any way, the feedback seller",26.7.3,0,81
play_5fc9899b-a3d7-46a7-85b0-8da6f583f557,google_play,2026-07-22T20:31:39,5,very soon delivery and less prise for all,26.7.3,0,8
play_44351d20-d1a4-482c-846a-88b5a25fb230,google_play,2026-07-22T20:30:51,5,very nice good 👍,26.7.3,0,4
play_9d04eaaf-0d6b-40d9-8ba8-b8d1a9d4ce91,google_play,2026-07-22T20:28:45,5,okay,26.7.2,0,1
play_061134cc-e9ec-44ef-80ad-70f413b109f6,google_play,2026-07-22T20:21:42,5,it good,26.7.3,0,2
play_77ad1bed-0b76-4280-a8f6-33f64d1ecaf6,google_play,2026-07-22T20:15:36,4,nice 👍,26.4.4,0,2
play_687b8542-a7a9-4cf5-8798-a95c3028c8e8,google_play,2026-07-22T20:10:38,5,best del,26.7.3,0,2
play_4ea7433b-2d64-437c-b1b5-cf305cdcd114,google_play,2026-07-22T20:09:42,5,all products super and low price thanks 😊,26.7.3,0,8
play_81268f59-f704-4881-a9bd-2e4666aa8e1e,google_play,2026-07-22T20:05:22,1,support Krna sikho country mei,26.7.3,0,5
play_e7b67d72-2d09-453d-b829-07b60f70457f,google_play,2026-07-22T19:56:02,5,good,26.7.3,0,1
play_60eb5f3c-4be6-432e-91c6-deb403bbdac6,google_play,2026-07-22T19:55:31,1,"Very disappointed with my experience. I received items with poor quality and wanted to report the issue, but the app wouldn't let me. Whenever I tap Capture or Capture Image to upload photos, the app crashes, closes automatically, and restarts. Because of this, I can't submit my complaint or get help. Please fix this bug. Customers should be able to report issues without the app crashing.",26.7.3,0,66
play_42934790-865b-4d51-9982-995cadeaa416,google_play,2026-07-22T19:46:51,5,super rider,26.7.3,0,2
play_bfda839e-cb48-4396-bafc-28ea3e641790,google_play,2026-07-22T19:41:40,5,super,25.7.4,0,1
play_e48c71f7-a3cb-4b5b-9344-301271803afb,google_play,2026-07-22T19:30:31,5,good 👍,26.7.2,0,2
play_4e1bf745-1b49-44af-8abe-9c42180185e3,google_play,2026-07-22T19:24:24,1,please improve your dusting,26.7.3,0,4
play_6a84c5fa-e4a9-432f-af26-9608513d748b,google_play,2026-07-22T19:21:11,4,good prices and best service ❤️❤️,26.7.3,1,6
play_b4890426-8f2c-4d3c-8fa7-30fd447c2979,google_play,2026-07-22T19:21:08,5,delever was very fast,26.7.3,0,4
play_1f960ab0-d1c6-4ad0-a489-60e09972b729,google_play,2026-07-22T19:20:55,5,it's good,26.7.3,0,2
play_22f24d32-a9b0-43cf-917e-cd3a76590e99,google_play,2026-07-22T19:20:24,1,"unnecessary Zepto remove lazy pay option from my account very pathetic service this happens everytime, thi is worst",26.7.3,0,18
play_6bcd40e3-e9aa-4cdc-8dfc-642f80f222a7,google_play,2026-07-22T19:20:16,5,very good 👍😊,26.7.3,0,3
play_e6fc90e2-de0c-48b2-82e5-fe7249748bb3,google_play,2026-07-22T19:14:59,3,good 👍,26.7.3,0,2
play_65b0a92e-1307-448a-91c4-94a1cc43cd73,google_play,2026-07-22T19:06:52,5,my aap is not login,26.7.2,0,5
play_a28b5a41-ba7b-4dc5-85b9-cc0acf131e0d,google_play,2026-07-22T19:03:51,1,always cancel the order after accepting,26.7.3,0,6
play_fb3fa832-0dd4-4443-8c16-cd4d2f5e41f3,google_play,2026-07-22T19:01:23,1,"CC people are not experience, they dont no how to talk they just cut the call on your face.",26.7.3,0,19
play_5ac88eb7-b174-4c99-af8e-4075e36789ac,google_play,2026-07-22T18:58:52,4,very nice App it's really helpful,26.7.3,1,6
play_754ca021-096e-4445-bbca-6a869c9a4152,google_play,2026-07-22T18:58:29,1,Zepto denied my refund despite a missing item. Extremely disappointing service and a complete lack of accountability when customers report missing items. Lost a regular customer.,26.7.3,2,26
play_b86d1512-189a-41f3-87e8-e308f92b0c84,google_play,2026-07-22T18:56:06,5,bahut badiya,26.7.3,0,2
play_4300373a-63da-4af9-a24b-ff8a475051f1,google_play,2026-07-22T18:51:49,5,nice,26.7.3,0,1
play_5e1a4f6c-68d2-4568-a89d-58f9d62c9f33,google_play,2026-07-22T18:46:17,1,The customer grievance redressing service is very poor.,26.7.3,0,8
play_2f000fbf-8f12-497f-af09-64c662a6f51c,google_play,2026-07-22T18:41:45,3,no proper support and solution for complaints in app,26.6.4,0,9
play_3721797b-dcf2-4615-bdec-f50e5e5a391c,google_play,2026-07-22T18:39:45,5,good,26.7.3,0,1
play_0e7016d8-faf0-45de-9b6e-7f881840b4f7,google_play,2026-07-22T18:38:56,5,excellent,26.7.3,0,1
play_8113d5ca-269e-4ae8-9aa8-d913dd668829,google_play,2026-07-22T18:37:09,1,please don't buy any items in zepto they are sending expiry date items last month expiry date and I was order today they send it last month expiry item they are doing fraud to the customers,26.7.1,0,36
play_6a5ed48a-1c40-47e4-933e-0cb786bcd362,google_play,2026-07-22T18:36:11,1,I am giving 1 start just to mention the scam done by zepto I have ordered 3 tetra pack milk and only 1 delivered and calling customer said they cannot do anything they didn't replace or refunded incident 2 ordered coconut water for 84 rs when opened no water only 42 rupees was refunded I wrote 52 emails only automated reply very disappointed with the service please dnt use zepto I shared on your support email they told they cannot help,26.5.1,0,81
play_96643c4d-72f9-44ce-aed0-f2ae8fc4cee8,google_play,2026-07-22T18:33:11,1,"they are providing leaked products and no refund, almost complete order is wet by chemical, other plastic products I wash but paper products are not possible, zepto is denied the refund also I complain in mail they also denied, zepto is providing some time dirty product",,0,46
play_8be825cb-2496-481a-96f7-a43ec1d20e7c,google_play,2026-07-22T18:19:30,1,3rd Class Zepto Company always Send Rotten or Stale Product and Not Return the many Times I have Do Complaint but No Solution Not Recommended This application for purchase products Frod Company hai y Sada gala Saman bhejke na hi return krte hai or Na refund,26.7.3,0,46
play_dbb2b276-6b46-4f4f-a8c2-0164ef2322ac,google_play,2026-07-22T18:12:58,1,fake zepto fake,26.7.3,0,3
play_d384ade0-8cc0-4e03-8aec-a1afcdaf5355,google_play,2026-07-22T18:12:51,5,good 👍,26.7.3,0,2
play_b8daeac9-3476-473f-a96f-f0052e6cfe5c,google_play,2026-07-22T18:04:19,1,"They reveal what I ordered in front of everyone. They have no regard for customer privacy. They should be delivering the parcel in a bag, which they don't.",26.7.3,0,28
play_7a6ceee2-a3f5-4a39-8b90-fae7abfdd4cb,google_play,2026-07-22T18:03:29,1,"This is the second time Zepto has done this! They show nice images on the app but deliver cheap quality and different designs. Their in-app chat is the most frustrating part. They refuse to help and constantly repeat the exact same excuse: ""Product matches the order description, we can't do anything."" Zero accountability for misleading photos and poor quality. Stop fooling customers!",,0,62
play_8e8be1eb-db34-4421-9c81-f95826181c6d,google_play,2026-07-22T18:02:46,5,very good 👍 product,26.5.5,0,4
play_d8d78ba3-b60f-4da4-a4a9-14afc9505cbe,google_play,2026-07-22T17:57:37,5,good,26.7.3,0,1
play_b544ace0-80aa-42b2-ab6f-61e60e39e937,google_play,2026-07-22T17:56:18,1,"""Very disappointing service. The delivery partner handed over all the items without any carry bag, which was very inconvenient. Is Zepto really unable to provide a basic carry bag for customers? Please improve this service.""😤😤😠 I'm uninstalling Zepto",,0,38
play_c4b747bb-b2a6-45a8-8a30-7d58bbabbc23,google_play,2026-07-22T17:54:10,5,good,26.7.2,0,1
play_935d8ce9-eca4-44b0-afe3-57dad8a384b5,google_play,2026-07-22T17:53:57,1,frod sight. I never recommend to order on this sight again.,26.5.1,1,11
play_dc8e0f6b-8803-472c-8a49-6c7387813c56,google_play,2026-07-22T17:51:46,1,"> I am disappointed with the quality of vegetables I have been receiving from Zepto. In the last few days, I received potatoes with less quantity than expected, spoiled coriander, poor-quality radish, and now one of the tomatoes is rotten with holes. I order from Zepto because I expect fresh and good-quality groceries, but these repeated issues are disappointin",26.7.3,0,59
play_b9d6aa15-cc59-4bbb-b622-19c95268de1e,google_play,2026-07-22T17:49:45,5,it is very good app and delivers everything on time.,25.8.3,0,10
play_39c1085b-554e-4b90-9924-19423458ef80,google_play,2026-07-22T17:47:22,4,on time 🤗,26.7.2,0,3
play_02320b99-19cc-43cd-a18c-68a39f703115,google_play,2026-07-22T17:44:13,1,"Spoiled Wheat paratha, Panneer tastes like Artificial",26.7.2,0,7
play_a2763345-c9c3-48a8-b9f2-a527e1e74142,google_play,2026-07-22T17:40:51,5,good 😊👍,26.7.3,0,2
play_6758b819-c303-4363-b641-ff238e50c2c5,google_play,2026-07-22T17:33:52,1,very bad service and quality still not refunded my amount allready I ware rise the cyber complaint also should ban the zepto,26.7.3,0,22
play_c1d7d0e8-ba5e-4987-9ae5-4b353f8f824b,google_play,2026-07-22T17:31:28,5,Good,26.7.1,0,1
play_ba5d9d42-bcb3-4b70-893f-da5fcd460b6e,google_play,2026-07-22T17:30:37,2,"update: the premium membership is useless. delivery takes 30 mins even when they promise 10 mins. no human agent for chat support even when they promise the same on priority membership, only AI chatbot. Extremely misleading app. delivery times are highly inaccurate. they show the order is packed way before the order is actually packed - and the app shows delivery guy has reached even before the person has entered the society gate. Making fools out of customers.",26.7.3,1,78
play_b610ebf1-16ec-430c-8644-7791ebaa5f32,google_play,2026-07-22T17:27:57,1,"in today's delivery please note ,coconut dices spoilt,expiry today.please pick up the product and refund",26.7.3,0,15
play_4fdf146d-71f3-4aa7-b811-179f68cf3244,google_play,2026-07-22T17:20:42,5,Very Good,26.7.2,0,2
play_3143f009-175d-4398-adb2-f0aaadd0947c,google_play,2026-07-22T17:17:21,5,very good service 👏,26.6.4,0,4
play_2b90ddef-3925-4b4b-9fec-030a86a522c6,google_play,2026-07-22T17:09:36,5,Nice,26.7.2,0,1
play_7025c605-9781-4c72-8628-39c2d293b7cf,google_play,2026-07-22T17:06:45,1,"I request you pls do not use zepto. He is a scammer he doesn't deliver an order, but payment charged you and not refunded the amount process and support so poor. I have already write to mail zapto support team but no possitive response, They are siding with the scammer; they say there is nothing they can do.",26.7.3,0,58
play_a78a729f-86aa-4ecc-91c5-227ae2b0ea85,google_play,2026-07-22T17:02:28,5,mast hai,26.7.3,0,2
play_f49e3bb6-a8ec-4281-b1f1-79551a2a77d6,google_play,2026-07-22T16:48:39,5,super,26.6.5,0,1
play_9c2cdbb4-84b1-4ebe-9b90-d03ed3a9507c,google_play,2026-07-22T16:48:32,4,good,26.5.5,0,1
play_f7782f63-6cea-4cde-85db-ee3e14d676e0,google_play,2026-07-22T16:45:34,1,I ordered from this app...i paid the whole order amount to the delivery guy.. but the three major items of my order were missing.. I complained about it but they said they can't do anything and it's showing them that everything is delivered. I didn't get my money back. ... Highly disappointed. I was their regular customer.,26.7.3,0,57
play_3442b1a1-ae7c-4923-857c-ca1d5ad1e213,google_play,2026-07-22T16:41:42,1,"worst customer service , my money is stuck with them from a month and they do not care to refund it or no executive is contacting regarding refund... if you are buying from zepto please be carefull they are super fraud .",26.7.3,0,42
play_b0728939-a271-4b18-b8b9-f0ad0b03378d,google_play,2026-07-22T16:34:54,5,Easy-to-use app with frequent offers and facilities,26.7.3,0,7
play_03c69195-57e7-4b22-afe0-eb06444ac10f,google_play,2026-07-22T16:31:13,1,worst experience not returning t shirts got of small size never would order any thing at zepto from know,26.7.3,0,19
play_fb73b0f6-ed57-4d45-9b94-a8981507ba84,google_play,2026-07-22T16:30:03,5,great app,26.7.3,0,2
play_cc16191a-77b9-44d9-8061-140516e48a0e,google_play,2026-07-22T16:23:35,5,"I have been using Zepto for almost a year, and I am extremely happy with their service. Since I live in Mumbai, the 10-minute delivery service is really convenient and helpful, especially when I need something urgently. The app is easy to use, the delivery is very fast, and the overall service has been excellent. I am really satisfied with Zepto and would definitely recommend it to others!",26.7.2,0,68
play_cc2fbe4d-2cf3-44aa-9707-008993b664a9,google_play,2026-07-22T16:23:09,1,I am totally disappointed with zepto. my refund not reflect in my account 13july to till today and says complete but how and zepto cust care service very bad,26.7.3,0,29
play_4b248e83-2fbf-4649-a41f-0323f8895dee,google_play,2026-07-22T16:19:24,5,super app,26.7.1,0,2
play_7656394e-ff75-4c74-b73f-1435679b0516,google_play,2026-07-22T16:14:46,1,This app is very annoying..and plz dont use this app...,26.7.2,0,10
play_49bcc0ba-2ca2-4f48-bc76-d653fe20c5c9,google_play,2026-07-22T16:12:54,5,awesome,,0,1
play_b3d3b4ba-53e6-4ac5-8480-e952edcbac63,google_play,2026-07-22T16:09:14,5,very use full app,26.7.3,0,4
play_f3b37554-b2fd-477d-9c28-40938cd5cc84,google_play,2026-07-22T15:58:00,1,this is very bad app this is missing my order 😔,26.7.3,0,11
play_3eb5cb1e-81bb-43c0-af89-051a1b29a41e,google_play,2026-07-22T15:54:42,5,very fast delivery,26.6.1,0,3
play_7785f03c-417e-4596-80eb-a6e9f69921be,google_play,2026-07-22T15:54:04,1,Very disappointed with Zepto. They do not accept returns even when milk products are spoiled. Customer support did not provide any proper response or refund despite raising the issue. Please check your groceries carefully before accepting the delivery. Buy at your own risk and beware of their poor after-sales service.,26.7.3,0,50
play_04441dd9-9234-4e48-ba26-99b7b3e017a1,google_play,2026-07-22T15:46:11,5,full nicely,26.7.3,0,2
play_b61f238d-f010-486a-b7c3-ded6311edbe0,google_play,2026-07-22T15:41:50,5,nice 🙂👍,26.7.3,0,2
play_266542cb-775b-4de7-a8f0-255ec9b35280,google_play,2026-07-22T15:40:14,1,everything I order there will be some missing item or quality issue back then I ordered 4 banana and 2 were missing when I asked them they denied refund today I received 2 expired product and they say seller verified before sending it even when I gave them photo of product and again I order mini shampoo sample and it clearly said it was shampoo so I ordered it when I received it had some paper and sticker about product and when I asked them they Denied refund I paid for that useless sticker,26.7.3,0,94
play_26b8be7b-e81e-4037-bb68-be0f7610f9e3,google_play,2026-07-22T15:39:45,5,good 👍,26.7.3,0,2
play_f5373884-0eb7-4881-922c-990a1f079d5e,google_play,2026-07-22T15:33:51,1,very bad service 😔,26.7.3,0,4
play_0dc20612-4b8b-49ee-a81c-f8f7d1daeddd,google_play,2026-07-22T15:22:40,4,give discount for regular customer,26.7.3,1,5
play_f107db25-0b0e-4453-9a6a-789cf1f3bf67,google_play,2026-07-22T15:20:31,1,worst app your order will get cancelled without informing your cash on delivery will be stopped due to stock unavailable on dark store I don't recommend to buy anything from zepto,25.4.7,0,31
play_9d5ce2cd-2eac-4c20-b46d-5fe9964ab051,google_play,2026-07-22T14:50:11,5,very good service in a heavy rainfall,26.5.5,0,7
play_c5ffc8f5-ee90-4e5e-8f65-f0cba285ecdf,google_play,2026-07-22T14:45:53,5,quick service,26.7.3,0,2
play_8c24a687-ea3b-4008-9843-1ff90f8c387f,google_play,2026-07-22T14:44:23,1,no customer support agent and no way to either connect to it.....just a bot who talks silly with auto inputs,26.7.3,1,20
play_ad3ad4a0-25b6-4450-bb9d-ce76b91f5d7d,google_play,2026-07-22T14:38:49,5,Super fast and affordable prices,26.7.2,0,5
play_a65a53cc-a1b4-4122-b2f9-1daadf5fe15a,google_play,2026-07-22T14:36:13,3,this app was very useful for staying away,,0,8
play_2e89b324-8911-4f15-8407-c828211ca1dd,google_play,2026-07-22T14:35:27,3,They OFTEN send items like BUN which expires in a FEW days This should be avoided,26.7.3,0,16
play_ee9bbc5a-599e-4ebb-b1b2-aac0cb5b9c21,google_play,2026-07-22T14:27:40,2,as I am ordering day by day from zepto the items are getting expensive I don't know why but I am not ordering from today because of this fraud and I will order from more apps,26.7.3,0,36
play_ab3fd6e7-9017-4d90-87a8-e298cf23432e,google_play,2026-07-22T14:21:21,5,good,26.7.3,0,1
play_d4243c3f-e99a-4691-914f-88c32ecbd169,google_play,2026-07-22T14:21:17,5,super,26.7.3,0,1
play_b0636665-b76b-4c83-abdb-8bae5e6bfa03,google_play,2026-07-22T14:16:21,5,good and trustful,26.7.3,0,3
play_41385f39-c068-477d-bc77-f3c9467b63d3,google_play,2026-07-22T13:53:37,1,good,26.7.3,0,1
play_b10b3cc2-e38e-4fc3-8339-9ed5407caeee,google_play,2026-07-22T13:51:49,1,expired aur kharab products bhejte h ye and phir koi response ni dete sabse bekar worst company,,0,17
play_b9bba823-64a1-4bae-8c64-23b1886b628d,google_play,2026-07-22T13:50:29,5,best app,26.7.3,0,2
play_6aa343ae-2a0f-446a-903c-adf187f06f8c,google_play,2026-07-22T13:39:04,5,nice product,26.7.3,0,2
play_a33f384b-373f-4da3-aa63-a0e618827c01,google_play,2026-07-22T13:35:57,5,best app,26.7.3,0,2
play_eb387968-23f9-4cbc-b7be-d170cab08cb5,google_play,2026-07-22T13:25:58,5,good,,0,1
play_73b26fea-d7c7-40db-86c6-daa2f7e29d26,google_play,2026-07-22T13:22:29,5,good service,26.7.3,0,2
play_747aa427-c3b3-465f-8fad-679ed11393aa,google_play,2026-07-22T13:22:07,1,give refund for milk,26.5.4,0,4
play_a7718fdb-be85-403e-b576-c3cfae0fb41e,google_play,2026-07-22T13:19:58,1,worst fraud app i placed my order and I didn't got my refund worst service and also the support team do not resolved the refund issue they are just trained puppets just saying again again maafi chahta hu maafi chahata hu,,0,41
play_c38c1d69-799d-478c-9066-912066eb17f1,google_play,2026-07-22T13:09:36,5,nice app nd fast delivery,26.7.3,0,5
play_d9eb8b75-673b-4ef2-8df1-73aaf80dbda9,google_play,2026-07-22T13:08:58,5,very good,26.7.2,0,2
play_2a424ea1-015d-49b0-ab2c-725719c6464e,google_play,2026-07-22T13:03:52,5,Fast Delivery & Good Package,26.7.3,0,5
play_9a225829-0ba2-4c0f-9680-debd6fcc661e,google_play,2026-07-22T13:01:49,5,I like your delivery man's patience like their work is wonderful 💯,26.7.2,0,12
play_18603040-c5dd-4f93-84bd-9ca978cf33eb,google_play,2026-07-22T12:51:40,5,best sirvis in the world 🌎,,0,6
play_8d8cde24-3b74-4e59-9541-309126d7dd50,google_play,2026-07-22T12:41:42,5,my favourite drink,26.5.5,0,3
play_baf2233e-1978-430a-8ccf-2ca279566597,google_play,2026-07-22T12:41:29,5,good delivery,26.6.4,0,2
play_b987e2ef-a325-4953-b9ea-0002eb902ad7,google_play,2026-07-22T12:41:05,1,"FRAUD! They do fraud on electronic items, I bought a trimmer considering their return policy that of the product is damaged or defective will get the refund and can reach out to zepto within 3 days, trimmer worked for some time then stopped working, kept on charging as well but did not work. when I asked for return they denied saying product was working fine before delivery so not eligible for return, they do not mention that if the product is defective after receiving there will be no refund,",26.7.2,0,89
play_a5ca85ae-5968-4125-9ae2-f0410b444da7,google_play,2026-07-22T12:38:15,5,good 👍🏻😊,26.7.3,0,2
play_c1fd2e7e-2593-4351-81c5-c742fbfed4b9,google_play,2026-07-22T12:16:33,5,good 👍 app,26.7.3,0,3
play_8f67e18d-14ec-4c7a-82e1-6d1562de8c1b,google_play,2026-07-22T12:15:10,1,zepto is charging rs 40 handling fee but free delivery🤣. so I have stopped ordering.,26.7.3,0,15
play_93f015aa-9e7f-4378-be66-60383869b477,google_play,2026-07-22T11:51:34,1,"city me to vase bhi life easy hai jarurat to villages me hai but sub september ,blink it ,zometo ,swiggi sub city me hai",26.7.3,0,24
play_75b49685-77be-434b-b56a-97430b7da093,google_play,2026-07-22T11:44:13,5,good,26.7.2,0,1
play_7254e82c-737f-4ad7-8416-e7706ddeef73,google_play,2026-07-22T11:34:30,1,"The store manager shares a ₹40 chocolate milkshake, despite the order being for a ₹80 coconut milk!! When confronted, the customer care said they can't do anything & we are making up the story. It was 7:30pm, We were supposed to make Prawn Malai curry with coconut milk, we wasted 1.5 hours of our time on the Zepto customer care just to make them realise their store manager made a mistake, , but to no avail. Zepto, We can't put chocolate milkshake in prawn malai curry Recipe Boycott Zepto !!!!",24.2.4,0,90
play_32f77538-0382-40cf-a2ee-bf0813a976c0,google_play,2026-07-22T11:32:32,5,loveeeereereeee,26.7.3,0,1
play_883aa029-7dc7-423b-8341-9cb126eac14a,google_play,2026-07-22T11:21:36,1,ek dam s ghtiya platform h froud hain maine abhi 17 ko foldable stool mngaya tha toota hua bhej diya or baps kiya to na to uske paise return kiye n a dusra stool stool bhi lekr gya or paise bhi bolkr gya a jaye ge paise aye nhi aj 4 din ho gye hain,26.7.2,0,55
play_388fe5a0-fe72-4655-8593-174d20a090a0,google_play,2026-07-22T10:56:04,5,Nice,26.7.3,0,1
play_3731bfd8-4e82-49e5-9956-805460ddc5f4,google_play,2026-07-22T10:55:41,1,damage products,,0,2
play_cfd64dc8-2aa8-4b0a-b000-c44dacb26b57,google_play,2026-07-22T10:55:28,5,good,26.7.3,0,1
play_0d12478a-ee5d-455b-9ff2-4fee16832946,google_play,2026-07-22T10:54:44,1,I don't understand why this app don't have cash on delivery this is only for me or for others too cuz this app so disappointed me a lot time like what suppose you make customers have to able this app on cash on delivery,,0,44
play_13a2937a-929a-45f3-91d0-348c2471a359,google_play,2026-07-22T10:46:53,1,delivery expired spray,26.6.2,0,3
play_0206109d-e4d9-42ae-a1f5-d42732d164af,google_play,2026-07-22T10:34:28,5,Fast delivery and chip prices,26.7.3,0,5
play_b8e8b5ac-1ca9-4d73-a0ee-7fad515b59ec,google_play,2026-07-22T10:29:31,5,Good quality great performance I love it,26.7.3,0,7
play_356b54ac-b01a-4511-ba5b-c6fe66ac1ab4,google_play,2026-07-22T10:16:41,1,My Zepto Referral link not showing me in the App fix this problem...,26.7.3,0,13
play_7100e80f-5359-4bcc-b600-ec6d206d4f9a,google_play,2026-07-22T10:09:15,1,no referral cod are there,26.7.3,0,5
play_0f29ccd6-e774-49a5-b15d-c96011f7f3f0,google_play,2026-07-22T10:01:27,4,good experience 😃,26.7.3,1,3
play_54e61e68-e815-48da-839e-5b2972c1beac,google_play,2026-07-22T10:01:13,5,good 😊,26.7.3,0,2
play_433b7ce8-e80d-460a-af70-06e7adc5ebcf,google_play,2026-07-22T09:58:21,5,"best app, very quick delivery with good products.",26.7.2,0,8
play_a132f904-7af1-428e-9f7b-91f2571fd14d,google_play,2026-07-22T09:52:43,5,super,26.7.3,0,1
play_6ede0e19-61c0-4a48-8f20-56e0d8ff741e,google_play,2026-07-22T09:49:33,5,good discount,26.7.3,0,2
play_b02721da-8eae-4b1b-8ec8-b9e58de8b5e1,google_play,2026-07-22T09:45:04,1,his product is very bad and he not delivered the fresh product.guys Pls don't buy because he delivered the bad product but not accepting,26.7.2,0,24
play_9e8ba0df-87ad-4a8e-846d-a39c861b8423,google_play,2026-07-22T09:44:20,3,Nice 👍,26.7.2,0,2
play_2e96862a-a57a-4d10-a60c-143f9553d209,google_play,2026-07-22T09:40:25,5,this app is best,26.7.2,0,4
play_1c7f106b-5887-41c0-8175-bd1aebad6f04,google_play,2026-07-22T09:36:36,5,nice app,26.7.3,0,2
play_c8e18700-86db-4cf4-b485-1c9f417d639d,google_play,2026-07-22T09:25:31,5,good service,26.7.1,0,2
play_5c8fa0ba-b16a-43a9-8f68-23a3edab001b,google_play,2026-07-22T09:14:07,5,nice 🙂,26.7.2,0,2
play_e9ef1756-7649-468c-a278-a0fe3781ee50,google_play,2026-07-22T09:10:40,5,good,26.7.3,0,1
play_23aac749-532d-43d0-a825-45db1c6a7d9c,google_play,2026-07-22T09:05:18,4,good,,0,1
play_0766096f-27f5-4498-893c-014420fba438,google_play,2026-07-22T09:03:20,5,satisfied,26.6.1,0,1
play_34aa866e-8c80-400c-8bae-c833322dfe76,google_play,2026-07-22T08:51:23,1,Poor Customer Care Service,26.7.3,1,4
play_d5d989e3-a8ba-4041-bd51-da87f6c1a287,google_play,2026-07-22T08:49:54,5,rider Good job fast serivce,26.7.2,0,5
play_7f212771-e41c-4457-993d-858118e99327,google_play,2026-07-22T08:44:34,5,good,26.7.3,0,1
play_a06486bb-54a1-4f6d-ba68-7397e3f3c604,google_play,2026-07-22T08:40:00,1,"Uninstalling App- Quality & Wrongful Denial of Refund – Order #UHISJLDLC18881 Dear Zepto Support, I am extremely disappointed with the response I received regarding my complaint. You have denied my refund/replacement stating that your quality checks were done and the seller confirmed the bananas were of good quality. I fail to understand how such a conclusion was reached when the attached photographs clearly show that the bananas delivered to me are damaged and rotten. Worst support ever!",26.7.2,1,77
play_d2a053a5-f2ce-434f-a5c0-bbfaa5643f3d,google_play,2026-07-22T08:39:27,5,nice and no problem 😊,26.7.3,0,5
play_4fcddce7-9091-4685-8409-75f334eb200a,google_play,2026-07-22T08:39:10,5,all the best services provided for company,26.7.2,0,7
play_30edd8e5-86c1-4cb7-948b-7c6d0fdbd08f,google_play,2026-07-22T08:34:49,5,best,26.7.3,0,1
play_87becaa8-5822-40f2-87c6-7bfe32e9f3ec,google_play,2026-07-22T08:32:30,5,in heavy rain dilevery at time best service,26.7.2,0,8
play_13d6d0c3-b6d1-445e-994d-e5bd9c3a12f1,google_play,2026-07-22T08:26:36,5,very nice and very fast delivery 👍❤️,26.7.3,0,7
play_b5b62fce-9edb-4b21-a642-89ed702df76d,google_play,2026-07-22T08:21:54,5,🥰😍😍😍😍😍,26.7.3,0,1
play_ab1c80e1-d1cc-4d05-86c6-a0d70e12c728,google_play,2026-07-22T08:08:52,1,Maine bevzilla coffee ka set order Kiya tha jisme coffee sachet km the ...Maine chat pr bat ki to koi bhi refund nhi diya .,26.7.3,1,25
play_b9c82f0e-bb21-45b3-93e7-d8932e050183,google_play,2026-07-22T07:53:08,1,"This app is running a total fraud business and cheating customers openly! Their customer service is pathetic, arrogant, and completely useless—they don't care about buyers at all once they take your money. Trusting this app was the worst decision ever. I am deleting this fraud app right now, and I strongly warn everyone: Do not use Zepto! Save your money and peace of mind by staying away from these scamsters. Zero stars if I could!",26.5.4,1,75
play_b1bdab00-48da-41c0-b79d-e94aea3d4af9,google_play,2026-07-22T07:42:10,5,nice,26.7.2,0,1
play_66754fc4-ab4e-4eb8-b20e-d6431f9e1250,google_play,2026-07-22T07:35:57,5,best Delivery Partner,26.7.3,0,3
play_1f1fba95-cece-49a9-87b6-8bb25b2b91a5,google_play,2026-07-22T07:31:59,5,thank you 😊 for those who making this aap and workers also,26.7.3,0,12
play_aefcae70-1cf5-4206-b6f9-9e6ec1406849,google_play,2026-07-22T07:29:19,5,very good service,26.6.1,0,3
play_2435a21c-30c2-441e-a4f5-b68eaece474d,google_play,2026-07-22T07:19:27,5,good,26.7.3,0,1
play_af2da010-77bb-484e-bf31-5377d92b813a,google_play,2026-07-22T07:00:41,1,"Zepto is on top when delivering borderline expiring or expired products, Delivered me expired milk and said it's according to their standards.",26.7.3,1,22
play_e491c294-c234-4203-b1b0-5c72d528bc7e,google_play,2026-07-22T06:53:27,5,thank,26.7.1,0,1
play_516bca6d-2f51-4346-824c-f661326cb9a5,google_play,2026-07-22T06:40:29,5,nice app,26.7.3,0,2
play_7198288f-25e1-499f-96ab-ca0c8f44eb05,google_play,2026-07-22T05:49:13,5,good,,0,1
play_8deed6b6-42fa-43b1-9121-010da90c095e,google_play,2026-07-22T04:44:51,5,Good Online app.. instant refund.. Free cash facilities,26.7.1,1,8
play_6d20595f-f729-46d6-a404-12ec6b92544b,google_play,2026-07-22T03:26:24,5,👍,26.7.3,0,1
play_d66f1510-eb8c-45c3-94bf-99b2fe22e4a7,google_play,2026-07-22T03:15:53,5,good good service,26.7.3,0,3
play_d8680bd1-7fef-4792-8a55-52407ace6b14,google_play,2026-07-22T02:03:37,1,very bad food delivery,26.7.3,1,4
play_55543d7f-0ac4-4176-957d-4ba7b5ccb2db,google_play,2026-07-22T02:02:30,5,"Hi Zepto team, All the very best and great success🏆💪 I appreciate your services. 👏👏💐 Keep rocking🎸🎶🎶",26.7.2,0,17
play_31b8716b-bb5e-4f6e-9b00-d5d14c4dd17c,google_play,2026-07-22T01:34:59,5,good,26.7.1,0,1
play_0eed95ea-a91b-4c6d-854f-5571423700cd,google_play,2026-07-22T01:16:42,5,good 👍,26.6.5,0,2
play_11b89541-d772-451c-aa0a-68631ca1f2c5,google_play,2026-07-22T01:10:24,3,service is good but jab v delivery partner call karta h call spam k name se aata h Truecaller p agr call miss ho jaye or hum call karna chahe to wo number m kabhi call nahi lagta jo bahut badi presani h customer or rider dono k liye plz is problem ko jroor fix kare m zepto ka monthly 30k ka customer hu ye problem bahut baar jhel chuka hu,26.7.3,0,71
play_c8a8a951-2fe4-4332-a43f-09925c2feb23,google_play,2026-07-22T01:09:48,1,Very poor experience. Not delivered after accepting prepaid order and keep on waiting till I cancelled it at midnight. Pathetic,26.7.3,1,20
play_7e637241-8cf0-48b2-abbb-88af94e9dfac,google_play,2026-07-22T01:07:44,5,amazing,26.5.4,0,1
play_47f6ef55-26b9-4dea-836c-bf468b9b05a3,google_play,2026-07-22T01:02:14,1,"I have received product on 20/07/2026 which was manufactured on 21/09/2025, and expired on 22/06/2026. But the Zepto team states that it is within the expiry date and refund can't be processed. I think the Zepto has its own date calculation/chart, than what is originally written on the product by the concern company.",26.4.6,1,53
play_bda580f5-1e1f-446c-bced-5faa320d3b32,google_play,2026-07-22T00:43:45,5,Good 👍,26.7.2,0,2
play_0b7cfb89-2317-46e0-a9c9-08123ceaf520,google_play,2026-07-22T00:37:39,5,good,26.7.2,0,1
play_e34aa486-a965-4f0f-adca-72ddf40c8b6b,google_play,2026-07-22T00:35:17,3,good 👍,26.7.2,0,2
play_6959b7cc-19dd-4424-a2c0-a80592111933,google_play,2026-07-22T00:31:29,5,nice,26.7.2,0,1
play_48496ee7-bc08-42d4-a6e7-19bcbb67c9fc,google_play,2026-07-22T00:26:22,5,good👍💯,26.7.2,0,1
play_6517d2cb-f6fe-4855-a593-1cef4d66c363,google_play,2026-07-22T00:23:37,5,nice 👍,26.7.2,0,2
play_c20695d5-39d6-4ba8-92a2-12e068a09cb8,google_play,2026-07-22T00:23:25,5,good 👍,26.7.3,0,2
play_87a1b330-73bd-4154-a63e-67ac26b4f5c2,google_play,2026-07-22T00:12:15,1,it said arriving in 6 minutes when I booked it's been 25 minutes it's still saying getting packed in 6 minutes for 25 minutes,26.7.3,0,24
play_35895bf3-e9f5-4ad2-a79a-4bbbdd9bf740,google_play,2026-07-22T00:11:28,5,nice,26.7.3,0,1
play_90feb3dd-2d44-468a-ba92-50b857ec000d,google_play,2026-07-21T23:54:55,1,so very bad aap,26.7.3,1,4
play_d57c4077-2a32-43a5-8884-18129c66b194,google_play,2026-07-21T23:44:45,1,Please provide in rohtak ....today 21 jule 2026 still not in rohtak please provide it,25.1.3,0,15
play_e8441010-8f8c-497e-99bf-21ed4637a6c6,google_play,2026-07-21T23:44:24,5,super,26.7.3,0,1
play_572a9d73-c16b-494e-b55c-5d8393bb3a2c,google_play,2026-07-21T23:43:09,5,is a good delivery partner,26.6.5,0,5
play_156e6ea6-d396-4d00-b450-1e96b2d75c16,google_play,2026-07-21T23:42:23,5,"Happy to shop from ""Z"" the last alphabet but Prompt/ fast delivery with Zero complaint.",26.7.3,0,15
play_5d33995c-e739-4e53-acd7-478ea14b0508,google_play,2026-07-21T23:41:06,5,👍,26.7.2,0,1
play_b2faa0f4-5a33-4e04-a15b-e25f3f5f5701,google_play,2026-07-21T23:31:58,1,0 koi sunvyi ni bilkul jma faddu system kuta amjty h Coustmer ko inky sath oder krk cod bad m mna kro din m esa 20 bar cro,,0,28
play_05c5b7ce-d97b-4fca-b709-5754dede3a38,google_play,2026-07-21T23:30:13,1,I ordered 10 milk pouches from zepto and they delivered expire pouches when I complaining they 're not exchange or return the product,26.7.2,0,23
play_828ae82e-7df6-4ea4-ad22-11e82358aa1f,google_play,2026-07-21T23:28:05,5,"Zepto, please waive the delivery fee and open the store. I'm hungry! 😭🍔",26.7.2,0,13
play_5a1be31e-2008-4b97-af64-19d3a2b44579,google_play,2026-07-21T23:23:50,3,its good,26.7.3,0,2
play_793124ea-ac9f-45b6-9335-dd8d2536cecc,google_play,2026-07-21T23:23:46,5,good experience 😄,26.6.4,0,3
play_a4593bc0-06ba-44d3-9b80-6903d559c7ac,google_play,2026-07-21T23:22:03,2,dirty and crushed chips pack was delivered,26.7.2,0,7
play_f8a0ea9e-17e2-4fe6-8dac-fb2c93825f0e,google_play,2026-07-21T23:20:42,5,very nice,26.7.2,0,2
play_734794e3-f0e2-4e78-803b-a049843cfcb4,google_play,2026-07-21T23:14:00,5,best service,26.7.2,0,2
play_b1a5fbd8-cbd2-41e1-9e25-4cad8534b2c5,google_play,2026-07-21T23:11:32,1,packing not available,26.7.3,0,3
play_1fcd674a-3477-4f9f-84f3-774e93e4c1d0,google_play,2026-07-21T23:03:51,5,thanks for ur loving words ❤️❤️❤️,26.7.2,0,6
play_8156ab99-621e-44d3-9c54-c1cebe90b0af,google_play,2026-07-21T22:55:40,5,good 👍,26.7.2,0,2
play_734a1710-2556-4a2a-9837-a0d79bb81dd5,google_play,2026-07-21T22:54:20,5,like they really come and pick up any orders at any time without any delay.,,0,15
play_7e86c01e-e71e-4cd1-a658-dc3122e48ec9,google_play,2026-07-21T22:43:25,1,"You should really stop calling it Customer Support because there’s very little supporting going on. A more honest name would be “Complaint Closing Department.” Every issue is brushed aside with the same scripted response, no matter how much evidence you provide. I’ve had multiple bad experiences with this app, and it’s become obvious that taking responsibility isn’t part of your business model. The only thing you seem to care about is closing complaints as quickly as possible,not resolving them.",,0,79
play_5de9532e-437c-48fd-9b17-fd84955078d2,google_play,2026-07-21T22:42:43,1,"Worst customer service experience with Zepto. I purchased a TWS earbud which was faulty right from the start. I immediately reported the issue to their support team, but instead of resolving it, they closed my case without any proper investigation or response. This shows complete negligence and lack of responsibility.On top of that, the product supplied was duplicate and defective, which clearly indicate poor quality checks. Such behavior is unacceptable.will never use Zepto",26.7.3,0,73
play_007248c2-5269-422f-a476-b599a0b54ce1,google_play,2026-07-21T22:29:53,1,Worst app. Don't know why payment discount coupon is not showing for me. Seems like zepto saver mode is activated for me and there is no option to change that. Also there is no option to connect to customer care in app.,26.7.3,1,42
play_2294af03-99f6-42fe-9e65-da315b418731,google_play,2026-07-21T22:24:49,5,good 👍,26.7.3,0,2
play_610e5e05-0cda-43ae-9c52-1dc3e76cd910,google_play,2026-07-21T22:18:59,1,west products and low q quality,26.7.2,0,6
play_f2b22c9b-78cc-4f6d-bac8-9d6f93461463,google_play,2026-07-21T22:15:29,1,"unreliable app, ridiculous customer service. Us blinkit, big basket, instamart they are far better in everything",25.6.5,0,16
play_472c798e-4037-4c40-bf92-5c5e91e26764,google_play,2026-07-21T22:15:25,5,good,26.7.2,0,1
play_d464e811-92be-4929-9a1b-09be25ec6086,google_play,2026-07-21T22:14:23,5,nice,26.7.3,0,1
play_04850498-4650-44c6-afdc-b86c40f36cce,google_play,2026-07-21T22:07:57,1,no accountability for the missing items.,26.7.3,0,6
play_a6c2bd0a-71cc-440b-bafc-6638b671dde4,google_play,2026-07-21T21:56:45,1,"They sell the rotten and Stale Product, and When complaint they dont provide valid solutions, I had 3 issues with them but gave them the benefit of doubt but they are getting pathetic day by day. worst App They dont Value customer's time, money and provide zero solution to the issue, But the Best feature of this app was The Deactivation of Account is Easy.",25.7.1,0,65
play_96c24789-7c7e-4710-9933-b9cd5056bb47,google_play,2026-07-21T21:54:48,1,receiving the wrong order or m complent bhi nhi ho rhi h,26.7.2,0,12
play_16c53ec2-dc12-4f6b-b82d-8b3f096f85c6,google_play,2026-07-21T21:50:33,5,Honest in all respect service,26.7.2,0,5
play_c62979aa-537a-44f4-b58b-0a9e8686846f,google_play,2026-07-21T21:48:28,1,This service is getting worse...,26.7.3,0,5
play_aaf19800-855c-453a-a472-845a26594d2c,google_play,2026-07-21T21:47:51,5,very nice 👌,26.7.3,0,3
play_b83b05de-12b0-456b-b710-ef0cdaa6f683,google_play,2026-07-21T21:45:00,1,not option cancel order,,0,4
play_4e151b6c-d46f-4ccc-b45e-f8388b18e037,google_play,2026-07-21T21:35:04,5,nice,26.7.2,0,1
play_79aa68db-31b1-4d6e-8649-4aa40febd32a,google_play,2026-07-21T21:34:40,1,"Very bad exp. on this app. First delivery not delivered on my address, ruder said that it came to my location.",26.7.3,0,21
play_513c693e-6cd3-48a3-8ae3-c28c57253833,google_play,2026-07-21T21:33:29,5,good,26.7.2,0,1
play_43a08c0e-ec28-4354-8224-3ac2a1840002,google_play,2026-07-21T21:30:11,5,👍,26.7.3,0,1
play_b9374544-a2e3-435e-9d43-f059b27f91a2,google_play,2026-07-21T21:26:13,5,good,26.7.2,0,1
play_19a10980-674c-463c-8d91-53ef989d8e68,google_play,2026-07-21T21:24:15,4,best,26.7.2,0,1
play_56a62ef9-137a-459f-9a62-9255f97e16d6,google_play,2026-07-21T21:24:09,5,Good 👍,26.6.5,0,2
play_61044cad-680f-45f6-9675-876dcab042d8,google_play,2026-07-21T21:23:42,5,Supplied products are good. Zepto service is very good. One issue Hatsun Yogurt Buy 2 get 1 free offer was not provided.,26.7.3,0,22
play_a3bd8cf0-c491-4c00-9be5-7522bd2b2c9b,google_play,2026-07-21T21:21:32,1,"I just ordered a suitcase.My delivery was cancelled and also , they didn't give me any kind of answer why my order was cancelled at least give me some response even didn't get any refund. It was my first order.I'm very disappointed I'm never gonna try this app again",,0,49
play_58b793a5-ef41-47c4-9c40-eeb08f759c23,google_play,2026-07-21T21:20:10,1,Third class app. third class service.,,0,6
play_f8da50d4-3de3-4c9d-95eb-d52e13a24c24,google_play,2026-07-21T21:17:57,5,best service,,0,2
play_e4336631-6c02-450b-9f8e-55f44f90a1dc,google_play,2026-07-21T21:14:39,1,I hate how they have become money grubbers. They claim to charge you 0 delivery fee but then always show a high demand sur charge. Pathetic strategy,26.7.1,0,27
play_1d31426d-b8ad-4556-8f5b-2ac3ec5d73f0,google_play,2026-07-21T21:09:09,5,Good Experience,26.7.3,0,2
play_010f1b41-14f8-40ba-9f7b-edbe72445409,google_play,2026-07-21T21:08:21,5,good 😊,26.7.1,0,2
play_7b0cdfe7-29b1-4a6b-9645-66bcbe9e7c17,google_play,2026-07-21T21:07:53,5,Nice 👍🏻,26.7.3,0,2
play_c1808682-3326-44dc-af97-3b4e6bda77a5,google_play,2026-07-21T21:07:50,5,nice,26.7.3,0,1
play_72517de1-4ffc-4e7d-bb02-4192cb145c8c,google_play,2026-07-21T21:07:43,5,Quick delivery,26.7.3,0,2
play_76d411bc-f83f-4e87-a82f-c5a71fc1a6f6,google_play,2026-07-21T21:02:44,5,very 👍 👍 👍 thanks 🙏,26.6.2,0,6
play_c1cdd882-a795-4f3a-954f-caf52d595d09,google_play,2026-07-21T20:58:39,1,"very bad exp. of first oder. delivery rodue talk and not delivered on add, said that come on my location.",,0,20
play_56c76867-5f3f-4ecd-884c-c5198fdbb7d9,google_play,2026-07-21T20:58:35,5,fast dilevary,26.4.6,0,2
play_9ee0cfbd-5df3-4813-844f-49926d634407,google_play,2026-07-21T20:57:58,5,Maja app,26.7.2,0,2
play_4341ed8e-4998-4ee3-86b6-c85b4f9d30a8,google_play,2026-07-21T20:53:31,5,good experience,26.7.3,0,2
play_94bb2157-e6b8-4ef8-bfbe-e5b59afc2f08,google_play,2026-07-21T20:53:28,5,Nice,26.5.2,0,1
play_0efb9256-ba9c-40f2-ab07-b7cf6399b168,google_play,2026-07-21T20:44:13,1,"When I started using Zepto, free delivery was available above ₹99. After 2 months of continuous ordering, the free delivery threshold was silently increased to ₹299. To make it worse, when I used Zepto on my wife's phone (a new user), free delivery was still at ₹49, and prices on almost every product were 5-10% cheaper than what I was being charged as a loyal customer. This is unfair to loyal customers — you're penalizing us for staying loyal while rewarding new users with better price",26.7.2,0,86
play_267ce714-f8df-4f83-bf87-86adcd2c8009,google_play,2026-07-21T20:42:50,1,"worst app of all times. displays false delivery time to attract customers. orders delayed for half half hours or even more,not once not twice but multiple times. the automated chat box is useless. no proper help with responses and real time updates. it won't easily connect you to a human agent how many times you ask. no matter what time you order they'll always have shortage of delivery partners and hence your order will be delayed without any updates on proper reasoning.",26.7.3,0,82
play_d4acde7c-3f82-45b4-baee-11365197d001,google_play,2026-07-21T20:41:53,3,let's improve more,26.7.1,0,3
play_df3236e9-1184-4f67-9fac-4dbc4dbb7630,google_play,2026-07-21T20:33:21,5,best wishes,26.7.3,0,2
play_9e96aa37-804f-4ced-9b32-27dd7cf1f127,google_play,2026-07-21T20:31:30,1,"Rotten tomato received,very worst packing and missing item money loss",26.6.2,0,10
play_43d04752-82cd-4643-887f-1e36f3e45c90,google_play,2026-07-21T20:24:42,5,bahut hi Achcha app hai 50 mein free delivery and fast delivery,26.7.1,0,12
play_3f74e08f-29e3-4496-9cfa-7bad3aa42796,google_play,2026-07-21T20:21:23,5,nice service,26.7.3,0,2
play_20ea9e51-3e6d-4c71-8181-4bb6bc6a1787,google_play,2026-07-21T20:14:32,4,plz cash on delivery,26.7.3,1,4
play_7ab23aea-7e33-4e35-9afb-9c4cce1d968c,google_play,2026-07-21T20:14:07,5,nice 👍🏻,26.7.3,0,2
play_bb30e490-68f0-4931-ba1c-b4481dcfc6c1,google_play,2026-07-21T20:12:03,1,"Rating: ⭐☆☆☆☆ Terrible Customer Support & Delayed Refunds Extremely disappointed with Zepto's service. Their support team is completely unhelpful and just responds with automated, useless replies. It has been days, and my refund has still not been issued. They act quick when taking your money, but when there’s an issue, they leave you completely stranded. Save your money and time! Zero Accountability & Poor service",,0,65
play_0734fc5e-bad5-413c-9112-9e702699a763,google_play,2026-07-21T20:03:17,5,best platform,26.7.3,0,2
play_0ac15386-c49b-4ead-b005-00e9deaf1e2a,google_play,2026-07-21T20:00:48,5,very nice service,26.7.3,0,3
play_1eb8cb05-1570-4128-8407-ed97da88ef36,google_play,2026-07-21T19:58:21,1,Worst App... even after reaching my Home my location not updated from office location and by mistakenly ordered to my office address there is no option to cancel or modify... No customer support to request anything.... I brought zepto priority more over .... a very worst app never recommend it... Never gonna use it for life,26.7.3,0,56
play_7763240a-01c1-4e3b-81ba-6c7f48b67ef5,google_play,2026-07-21T19:56:12,5,super 👌,26.7.1,0,2
play_9085ee2b-05ed-4aea-93cc-4970b7720693,google_play,2026-07-21T19:54:26,5,Zepto is the nice app,,0,5
play_3e87b014-f8b0-41bc-8dda-b3dfb032031b,google_play,2026-07-21T19:52:13,5,ok,26.6.2,0,1
play_77c381f1-9c83-48f8-ab59-20ee3fc1b9dc,google_play,2026-07-21T19:45:44,1,no privacy of wellness products,26.7.3,0,5
play_f9cb6824-b590-4701-aa8e-1e7d492a791c,google_play,2026-07-21T19:43:41,1,Very worst customer service,26.7.2,0,4
play_8f0c11e7-85cf-47cf-8974-38da69fcd45d,google_play,2026-07-21T19:40:55,5,super delivery,26.7.3,0,2
play_ceccc8dc-dadc-42e5-a483-6cd78d3b4da5,google_play,2026-07-21T19:39:19,5,vry gud,26.7.3,0,2
play_3ffa5e9e-d3d2-4e6b-b5fe-3ec338556948,google_play,2026-07-21T19:37:23,5,I love this app ❤️❤️❤️❤️❤️,26.7.3,0,5
play_38763a73-7e0e-4a75-ab30-42e8b902a39c,google_play,2026-07-21T19:36:34,5,very good service,,0,3
play_312f8006-bd73-47fa-9e1a-1a51a6fe3a55,google_play,2026-07-21T19:31:56,1,"half of the it just shows you delivering in 5min but they never do, point is be honest with your customer, if its taking 10min fair enough, but showing something and not delivering it not fair, also half of the time cart is unservicible these days, additional you guys have been giving us rotten products and not refunding it",26.7.3,0,59
play_47f96223-60e1-4746-b02d-5f3cf6fee2b7,google_play,2026-07-21T19:26:02,5,thank you zepto,26.7.3,0,3
play_da42b844-2508-4e6f-833b-eb079bab257b,google_play,2026-07-21T19:21:17,5,thank,,0,1
play_2d833421-cd60-428b-b5d0-b8320a6c0425,google_play,2026-07-21T19:18:26,5,Nice,26.7.2,0,1
play_40b023e6-0084-4b76-b77c-65c8eb216470,google_play,2026-07-21T19:11:06,5,good delivery,26.7.3,0,2
play_252dccde-0ba1-492e-8777-24830de2dd9a,google_play,2026-07-21T19:07:00,5,zepto shoping in best quality items and minimum rate thankyou,26.7.3,0,10
play_4edee999-bf34-43e1-ab16-67dba006aa70,google_play,2026-07-21T19:02:08,4,please make free delivery at 99,26.7.2,0,6
play_af81aed5-1e3c-47f3-be7a-f04147d97b9c,google_play,2026-07-21T19:00:50,5,im very impressive,26.7.1,0,3
play_e666c186-c640-4df8-a5d0-09d57902e954,google_play,2026-07-21T18:56:45,1,They have delivered 1 day before the expiry.Very worst product quality.Very pathetic experience from zepto.Dont buy any item from zepto.,,1,20
play_ca106333-3e16-4a22-af46-7ff765dbc1d8,google_play,2026-07-21T18:55:07,5,good App,26.7.2,0,2
play_16799996-b56e-4516-bcc5-9f50d5a476f6,google_play,2026-07-21T18:53:55,1,bad,26.7.1,0,1
play_cec0713e-fd32-461f-9787-58bcc0b3420e,google_play,2026-07-21T18:46:55,1,highly disappointed. delivered oil filled diapers and didn't even help in return . besharm people,26.7.3,0,15
play_d5a06554-4a0b-4ba4-9e5c-f9e5cdd51bb1,google_play,2026-07-21T18:45:00,4,Best,26.6.5,0,1
play_4a9a88f6-5452-45a9-b3ea-bd2ad30e8a78,google_play,2026-07-21T18:43:29,4,very good,26.7.3,1,2
play_fbcbc489-9ece-4716-aac7-650de28e0fce,google_play,2026-07-21T18:41:55,5,good,26.7.3,0,1
play_38998a45-120d-4d40-bce7-3858f444e5f8,google_play,2026-07-21T18:34:40,1,worest service,26.7.2,0,2
play_f8c3537c-9a48-4aca-8b28-967f7d4a9f10,google_play,2026-07-21T18:33:14,5,superb services.. thanks 👍,26.7.2,0,4
play_0bdda3ab-f151-46bf-9cfe-b3437c7678a6,google_play,2026-07-21T18:29:08,4,it's very good to use,26.7.3,2,5
play_fe2cd593-4a51-46d6-a8ae-87ad3297cda6,google_play,2026-07-21T18:24:06,1,I put my full address but the app was unable to process it after having my live location also The delivery was thus cancelled forcefully not good at all,26.7.2,0,29
play_8f793a1d-3c3f-4fa9-b4fa-1bba6115c13f,google_play,2026-07-21T18:22:34,5,nice,26.7.3,0,1
play_82ec3aa6-4ff9-4eca-a9b7-1f1aadb6ddbd,google_play,2026-07-21T18:11:20,1,I think this app is of no use,26.7.3,0,8
play_c64e8798-6455-4b14-875a-accb533759c8,google_play,2026-07-21T18:03:11,5,quality good 😊,26.7.2,0,3
play_dbe9e73e-7302-4db8-bb41-5d1fd789e22c,google_play,2026-07-21T18:03:07,1,worst experience ever...dont show total amount payable till end..and order also non-cancellable,26.3.5,0,12
play_dfa7428f-c5f1-4338-b68e-68a599e67936,google_play,2026-07-21T17:59:32,5,Good 😊,26.7.3,0,2
play_ae9e5cad-edd8-4b56-874b-3cda309cba1a,google_play,2026-07-21T17:41:08,5,very nice,26.7.3,0,2
play_67c61f42-10ab-40b4-82f1-3e99ba0178a5,google_play,2026-07-21T17:40:37,5,i love fast delivery,26.6.2,0,4
play_f3af6995-cb30-499c-ae5a-41a8a0d8de7d,google_play,2026-07-21T17:39:06,5,nice🤩,26.7.2,0,1
play_8c334565-92ad-4a19-b2a3-5858943b75c0,google_play,2026-07-21T17:35:38,5,best app for online 10 min delivery,26.7.2,0,7
play_07e724b7-9970-4f05-b7bc-c25a0caa2f9d,google_play,2026-07-21T17:32:27,5,very good,26.7.3,0,2
play_bd17f267-1193-431e-a786-54ce76a32779,google_play,2026-07-21T17:32:13,5,Best App best service within minutes.,26.7.1,0,6
play_520e4f26-7629-4fe0-b568-73d0905c48c5,google_play,2026-07-21T17:23:28,1,"I had more than 120rs in my free cash and was valid for a while, suddenly next day everything vanished. Terrible customer service experience",,0,24
play_4bfe880f-4242-4037-81dc-54d3ef91c10c,google_play,2026-07-21T17:22:13,1,ekdum bakwaas 3rd class app. no customer support team.. hamesha zap bhokta rehta hai... saalon agar tum bot se hi conversation karwaate ho toh delivery bhi unse hi karwalo...,26.7.3,0,29
play_f50a1992-d4ed-49c9-8f3e-bfb2de36dbc1,google_play,2026-07-21T17:20:30,5,super 😘,26.7.2,0,2
play_4556d04c-4f19-4f24-8052-f0d23a1d3917,google_play,2026-07-21T17:18:01,1,"There is no Paytm, gpay option in Zepto only showing amazon and phone pay in recommended Payment 🤬😡",,0,18
play_d3e7d8e6-f7c9-4cf1-9027-5c1666a314cf,google_play,2026-07-21T17:16:21,4,i want cash on delivery,26.7.3,2,5
play_6987309b-eeda-41ba-93e1-aec1dc22bd9e,google_play,2026-07-21T17:14:42,5,Good 👍,26.7.3,0,2
play_a609f636-1eca-4404-8caf-80d1da61e862,google_play,2026-07-21T17:07:40,5,nice,26.7.1,0,1
play_c6ac7c4d-3276-4ed5-b697-3fcb0d1d307a,google_play,2026-07-21T17:02:09,5,good,26.7.1,0,1
play_9857ba32-0b40-4c0d-ba47-eee6cb5f0840,google_play,2026-07-21T16:43:48,5,good 👍,26.7.3,0,2
play_727abe8d-c018-423e-8b0c-5fe7759b0a5d,google_play,2026-07-21T16:40:44,5,superb,26.7.1,0,1
play_49922a7f-bc48-4f19-bd26-a97fb177bbb5,google_play,2026-07-21T16:38:21,5,nice 👍,26.7.2,0,2
play_64b85425-2600-42ff-b8d1-4fe85d55017c,google_play,2026-07-21T16:37:16,1,"this is a trash app, don't order they won't even give refunds properly for expired products. I paid online for a delivery and the delivery boy asked for money again because the trash app showed I didn't pay, because of that I had an disturbance for 2 hours .",,0,49
play_3cc35d24-597c-4637-8ac7-f7c6324af568,google_play,2026-07-21T16:09:54,5,good 👍,26.7.2,0,2
play_6ceff1d5-3a0c-4fa4-a029-4b814f5fc6a3,google_play,2026-07-21T16:08:09,5,such a wonderful app ...last minute app💗,26.7.3,0,7
play_4f064722-f37a-4ddb-b106-bb990fd39428,google_play,2026-07-21T16:05:09,5,super,26.5.5,0,1
play_e5d53540-62a5-4b31-9e4b-b17229d49a71,google_play,2026-07-21T16:04:38,5,I like this app. delivery parters are punctual on time. keep rocking.. thank you zepto.. and I am new to this app really good 💯😊,26.7.3,0,25
play_a58a6fdd-e82a-44cf-bc15-cc7b125f6451,google_play,2026-07-21T16:03:30,5,👌👌👌👌👌🆗🆗🆗,26.7.3,0,1
play_20311871-be89-4e8e-8111-ec09beb0c569,google_play,2026-07-21T15:45:42,2,less quantity. bad quality nowadays zepto zepto staff could not pack with hygiene and quantity less quantity we can't expect that much less quantity we have received but ok no problem next time more quantity we need.,26.7.2,0,37
play_91c52cc5-13c5-4446-b21a-5171ee158a27,google_play,2026-07-21T15:39:47,5,very good fast delivery☑️,26.7.3,0,4
play_3dd59535-5e39-4e57-b70e-16bdb4e2c5c4,google_play,2026-07-21T15:38:31,1,zepto is worst service provider they send expired products and wrong products all the time blinkitbis far better than zepto,26.7.3,0,20
play_6a4e492b-85fb-4fbe-a2cb-a60394406ad2,google_play,2026-07-21T15:36:16,1,"Very disappointing experience with Zepto. I raised a complaint because the Haldiram chips inside the sealed packet were mostly broken into tiny pieces and excessively oily. My complaint was about product quality, not about a damaged delivery package. However, Zepto rejected my request by saying that the delivery images showed the packet was intact, which completely misses the actual issue. An intact packet does not guarantee the quality of the product inside.",26.7.3,0,72
play_e44f2a9e-f7f6-49e5-a387-f47430012d16,google_play,2026-07-21T15:33:46,5,👌👌👌👌,26.7.1,0,1
play_214528c6-caa1-4595-852d-5d4c33a3a438,google_play,2026-07-21T15:20:53,1,worst app. I have ordered a product but what I have got is an inferior quality product with a broken seal. I have tried to contact the support servies but no satisfactory reply from them. I have even send emails but they are neither willing to accept their mistake nor are they removing the advertisement showing a wrong product. i advise you to purchase product after double check. A product shown as a lower priced product doesn't mean that you have got a great deal. It is a fraud being committed,26.7.3,4,91
play_9f07d9b4-ed24-45e4-84db-a2a445a1bb7b,google_play,2026-07-21T15:20:19,5,super,26.7.3,0,1
play_bc9c6e77-ea01-48bb-a5b4-d7f13e09d0c0,google_play,2026-07-21T14:59:17,5,best,26.5.4,0,1
play_f6e80d36-4bba-4f27-9173-f4e1af26efab,google_play,2026-07-21T14:59:11,1,"I placed an order on Zepto. Some of the products were charged at MRP, and the order was not delivered within the committed delivery time. This was disappointing, as the promised delivery timeline was not met.",26.7.3,0,36
play_3db31b35-2228-4a13-9ed9-3776f683bf18,google_play,2026-07-21T14:51:54,5,very good quality,26.7.3,0,3
play_194a2f6e-ab04-4e2b-bca6-5b029a5e3cb4,google_play,2026-07-21T14:50:57,5,nice app,26.7.3,0,2
play_ce30ff55-836a-4f9d-860d-7b80287149e5,google_play,2026-07-21T14:44:56,5,👍 good,26.7.2,0,2
play_35092b64-513b-4152-ad94-a121dface4b9,google_play,2026-07-21T14:44:22,5,good 👍,26.7.2,0,2
play_df0a3583-0f83-415d-9680-a76e3e22cdbe,google_play,2026-07-21T14:40:35,5,good delivery. fast service,26.7.3,0,4
play_3f358a08-7c03-4073-af90-2538563b7215,google_play,2026-07-21T14:35:38,5,good,26.6.5,0,1
play_6cbcbbd5-8290-4111-837b-e401e2bce556,google_play,2026-07-21T14:32:23,5,quick delivery Good quality,26.7.3,0,4
play_4b3af637-68f4-4b25-965b-58f24808bfad,google_play,2026-07-21T14:29:15,5,good,26.7.3,0,1
play_0adbda5e-bc5e-4512-a12b-ab9853ca8a86,google_play,2026-07-21T14:17:42,5,tex zepto,26.6.1,0,2
play_6222cda6-c75f-4914-9680-734ed550bb2c,google_play,2026-07-21T14:13:31,5,nice,26.7.2,0,1
play_f995849e-f9de-4978-89de-927c362ce891,google_play,2026-07-21T14:12:54,1,very bad with delivery timings. The company exploits their drivers,26.7.2,0,10
play_3a8a050b-31d4-49fd-b356-9dcbbbc877ee,google_play,2026-07-21T14:10:38,5,Fast delivery Good services 💯%,,0,5
play_df71313f-115a-4c9b-804a-5d804ab7d526,google_play,2026-07-21T14:10:20,5,gud app,26.7.3,1,2
play_a3ef50d6-49b6-4ae0-a0b0-7a6f4e712276,google_play,2026-07-21T14:06:57,1,"I received a product expecting it to be brand new and unused, but I noticed several issues immediately after unboxing: 1. The package did not have a factory seal. 2. There are visible marks on the product and packaging, as shown in the attached pictures. 3. The transparent body of the product has minor scratches. 4. There is a small leaf or some foreign particle attached to the product. 5. Dust particles are visible inside/on the mouse. Based on these observations, the product does not appe",26.7.3,4,86
play_ba80059c-2676-4db7-b6c1-b5db42d7af4b,google_play,2026-07-21T14:06:45,1,सबसे बेकार सर्विस है एक्सपायर प्रोडक्ट बेचते है रिटर्न और नहीं करते है,,0,13
play_5d5bdd9e-11ce-4aeb-89a1-c54e7a01797d,google_play,2026-07-21T13:55:37,1,pathetic customer service! they have shown two options in case of return in the app but desperately the app is being pushed to stick on that ' zepto cash return' only! that's how you people do fraud? delivering wrong products and not returning the amount to the original source !! correct that! some delivery agents don't bother to call twice if not picked up! uninstalling now!,26.6.5,0,66
play_fd26c008-803d-433a-9d87-4646c5a4766a,google_play,2026-07-21T13:51:59,5,mujhe mera order bapish karna hai,26.7.2,0,6
play_21d91e28-5e25-4ac5-a92b-c0658e0ef978,google_play,2026-07-21T13:49:47,1,not delevery available at 3.4 km,,0,6
play_f9a55052-fb57-47de-bc63-32666ac5abd6,google_play,2026-07-21T13:46:10,5,best service and product quality 👍🏻,26.7.3,0,6
play_5f1a197a-af5a-41c6-8bde-6028877aaa06,google_play,2026-07-21T13:39:59,5,good service,26.7.3,0,2
play_61a708e2-92f8-470d-82d7-10293fbed400,google_play,2026-07-21T13:31:25,4,fast delivery,26.7.2,0,2
play_30837049-fc05-4d14-9db9-3c4d739a812d,google_play,2026-07-21T13:19:54,5,Great exprience,26.7.3,0,2
play_3fdce2b7-60a5-406f-874c-e86fe01dfa16,google_play,2026-07-21T13:08:22,5,very good service,26.7.2,0,3
play_51208de2-2ec9-4e20-9b63-8b0d01ecaeef,google_play,2026-07-21T12:54:48,5,good 👍,26.7.2,0,2
play_a3b13876-ef1b-45bf-91c9-eb7fd5c1fa5e,google_play,2026-07-21T12:53:00,4,it's good,26.7.3,0,2
play_d737cde9-8550-42c9-88e9-1109983101bf,google_play,2026-07-21T12:39:44,1,customer se baat hoti nahin Hai chat ka jo option rakha hai na kuchh fayda nahin Hai rakhe,26.7.3,0,18
play_7bb97f8f-b16e-4ee8-b0dd-8b895fc09f0c,google_play,2026-07-21T12:39:41,5,best zepto packing and price,26.7.3,0,5
play_22be8e88-e11c-463c-b7b6-fbd929d6903f,google_play,2026-07-21T12:31:17,5,good 👍,26.7.3,0,2
play_54289015-1f6d-4a79-a0f2-0fee0143f284,google_play,2026-07-21T12:27:42,4,good service,26.7.1,0,2
play_c58119e8-a083-4dab-941f-5e15efa84d93,google_play,2026-07-21T12:24:18,5,gud,26.7.3,0,1
play_ac32c1f1-cd1e-4bcd-b668-efe0448ad0dc,google_play,2026-07-21T12:23:00,5,nice,26.7.3,0,1
play_66e8ab5c-04b2-491f-9560-11c6b5f64f12,google_play,2026-07-21T12:16:57,5,good,26.7.2,0,1
play_8409bc7f-8f88-429a-ad4f-854ac818aaaa,google_play,2026-07-21T12:07:40,2,third class service,,0,3
play_bbc4fc37-9c69-41ca-bd1c-ce3639568bbe,google_play,2026-07-21T12:07:33,1,Zepto provide the worst customer service as it doesnt listen to any number of complaints. Never use this app they dont care about the issue.,26.7.3,0,25
play_ea23e1f5-25f3-4f37-afad-c8b1097aa4eb,google_play,2026-07-21T12:05:31,5,👍,26.7.2,0,1
play_47796274-d1fe-4be9-8cec-d0273ca70f79,google_play,2026-07-21T12:01:36,4,fast delivery,26.7.2,0,2
play_7e24b4a9-bb6e-40ce-9766-0488ce4511f8,google_play,2026-07-21T11:56:20,5,very good service,26.7.2,0,3
play_88e25a10-62de-40ff-9bc5-c8768b0a332d,google_play,2026-07-21T11:48:52,4,👍,26.7.3,0,1
play_50b930a7-f6fe-4f1c-887f-2d0c6a0a63c2,google_play,2026-07-21T11:46:24,4,good👍,26.7.2,0,1
play_3c26415e-8540-4f84-bcf3-9aa77311e464,google_play,2026-07-21T11:30:37,4,vegetable offer for 5/- are very bad quality,26.7.2,0,8
play_69f73187-8ee3-487f-8a2d-4ba6d017cef3,google_play,2026-07-21T11:29:16,1,my refer code option is unavailable in app,26.7.3,0,8
play_8e62cbc9-bfb9-4b99-8bac-649c024df043,google_play,2026-07-21T11:22:17,1,no customer support,26.7.2,0,3
play_94c364dd-e7ce-4734-923b-684a3d243744,google_play,2026-07-21T11:19:56,1,this app delay no timesens delivery patner delay,26.7.3,0,8
play_a9c58ac0-d4e8-4a0a-b678-602e3cfc09f2,google_play,2026-07-21T11:19:54,5,okay,26.7.2,0,1
play_57aee929-a311-4b6f-83b3-94db634cae2e,google_play,2026-07-21T11:17:30,5,good,26.7.3,0,1
play_0a1a949e-09d7-4af8-9c2b-70a9afb74f0b,google_play,2026-07-21T11:05:56,1,"I had ordered one product on Zepto. I had called the delivery partner to pack the product properly as it was raining outside. He told me that the store owner said he does not have a bigger polythene. They delivered the product soaked in rain water. When I asked the customer care , the customer care agent replies were totally robotic. They delivered the product again in the same condition. Not worth it. Go for blinkit. They have proper customer care and proper resolution.",26.7.2,0,84
play_d96dae7d-9502-4141-ab9b-5f35806a16e0,google_play,2026-07-21T10:52:37,5,good service,26.7.3,0,2
play_73d4bdec-2c80-4ae4-8cc0-755a0b10907f,google_play,2026-07-21T10:50:38,1,nicceeee,26.7.1,0,1
play_16140fe0-4a0f-4d0a-8355-46cfb5f2dcb5,google_play,2026-07-21T10:42:28,5,very good.,26.6.1,0,2
play_a76f0656-4ef4-458f-8b04-9d32e391c875,google_play,2026-07-21T10:41:45,5,good 😊,26.7.3,0,2
play_0f97ce8b-ed93-4d18-bc8a-8e0d6f35e4b6,google_play,2026-07-21T10:22:33,5,good,26.7.3,0,1
play_835e857c-ab0d-4de2-a3c2-14cfe13a47d2,google_play,2026-07-21T10:19:06,1,Poor customer support. no live customer service and I has to email. It was my mistake to order thermometer through Zepto. They delivered the item which I found to be faulty. There response is that they had verified the item and was in working condition. Video I sent was ignored. Very bad!!,26.7.2,0,52
play_6912fd18-3c79-4097-b6d7-40398c440bf1,google_play,2026-07-21T10:17:15,5,product is not good,26.7.3,0,4
play_c8687b9b-d3c3-43bb-a61c-0657642c8627,google_play,2026-07-21T10:15:08,1,very poor experience. I recently order 6 items. Only 5 was delivered. One expensive item was missing. The delivery person had left it at the store. Zepto refused the refund. Very poor service..,,0,33
play_6814bb24-dde8-41f8-b28f-e500158bace8,google_play,2026-07-21T10:03:35,5,good delivery person,26.7.2,0,3
play_30c01572-ad95-4258-b54e-715a2010fb64,google_play,2026-07-21T10:03:11,1,It is not available in all rural areas.,,0,8
play_cb9bc40e-81a9-4fac-b352-92a7a279ca0a,google_play,2026-07-21T09:55:07,5,Nice,26.7.3,0,1
play_02a2b8ce-1f3e-4c39-811d-6a7ed7c3d91b,google_play,2026-07-21T09:53:16,1,very bad service delivery men shortage my not come 3-4 hours,26.5.5,0,11
play_5045493d-cf34-4b3d-b82b-6fb91cbd0820,google_play,2026-07-21T09:52:03,1,"this is my third order in last 15 days which I received tempered and less in quantity, for which I marked complaint to delivery person and customer care both doesn't care at all. so switch to better options",26.7.3,0,38
play_ac4097fc-8214-40cf-8f76-815938fc6eeb,google_play,2026-07-21T09:48:03,5,Best,26.7.3,0,1
play_2df51f0c-eecc-499b-919e-0b24109337b5,google_play,2026-07-21T09:43:39,5,Ajon er paket kata Ajon pore gache,26.7.3,0,7
play_4dba44c0-f11a-4134-9b78-18a387843500,google_play,2026-07-21T09:34:46,1,There is no referral option in my profile I updated the app and uninstalled and reinstalled it but still and you guys any customer care number,26.7.3,0,26
play_1fe121a3-3b0c-41f7-8cd7-a91bdbda588e,google_play,2026-07-21T09:21:51,5,good 👍,26.7.3,0,2
play_2abcdd70-872b-4e82-96fe-0a8c75ce3408,google_play,2026-07-21T09:13:04,5,super,26.7.2,0,1
play_64d383c6-40e8-40e7-bdd5-ec765eea0172,google_play,2026-07-21T09:11:31,1,ordered bombay sandwich from zepto cafe... that bread was very dry and flaky. And there are no variety in food items.,,0,21
play_18cfb144-0dce-4b2a-a30c-9d1189216651,google_play,2026-07-21T09:03:02,1,"Delivery agents never have change. And even after showing that the product is leaking, the delivery agent was trying to persuade that it's completely fine. Totally unprofessional.",,0,27
play_fbc46bc0-2b3a-40ca-94ed-fe504ef56c56,google_play,2026-07-21T09:01:01,5,good,26.7.2,0,1
play_97805f95-350c-4f2a-94c6-e7d0416b536d,google_play,2026-07-21T09:00:44,1,the worst app I have used till now.....pehli baar ye app dali aur pehli baar me hi bad experience....I order something and the riders any relative is picking up my call and rider is not on my location.....mai bhut der se bukha tha to kuch managaya khane ko pr rider aya hi ni... rider ka naam arun kumar hai.....118rs kharb ho gye mere....sabse gandi app h ye..iseey achhi to blinkit hai,26.7.3,0,71
play_982f1293-0bc2-4ed8-bc3c-924aaf0f2641,google_play,2026-07-21T08:47:23,5,very good,26.7.2,0,2
play_92286901-7653-4ad2-b8d6-672289bba044,google_play,2026-07-21T08:46:14,5,super 👍,26.7.3,0,2
play_91f52977-45b4-4d6a-8f01-c0a0597b63d2,google_play,2026-07-21T08:45:46,1,don't purchase milk from the app,26.7.2,0,6
play_3d4ce4c9-7758-4068-bd5c-edefe6af63da,google_play,2026-07-21T08:42:34,5,good and low budget sweet is very good and giving free items also,26.7.3,0,13
play_dfc8b51d-bb61-41ac-ba91-2324c8384954,google_play,2026-07-21T08:41:38,5,nice 👍,26.7.2,0,2
play_f09331e1-94da-4fbd-9a3e-4786bcd59b6c,google_play,2026-07-21T08:40:20,2,Not bad,26.7.2,0,2
play_2b64fec2-9773-4ac1-8b53-0edb3ccc2bc8,google_play,2026-07-21T08:29:16,1,worst service... I advice don't waste time.. senseless people handling.. u can't apporach any person.. they wanted proof.. After that said its not cleared ..,26.7.3,0,25
play_d194c3c0-c3f4-4d68-a8f2-4481cab5d0cf,google_play,2026-07-21T08:22:21,4,good.fast delivery.,26.7.2,0,2
play_0076e355-c140-474b-922c-1c37d615e66e,google_play,2026-07-21T08:18:14,1,always delay in delivery,26.7.2,0,4
play_7248e1e3-a382-4f85-9ad6-d8ac74de636d,google_play,2026-07-21T08:01:33,5,good service 👍,26.7.1,0,3
play_da34638c-5406-4c81-afe9-a80f164570f9,google_play,2026-07-21T07:58:30,1,"Writing Very disappointing experience with Zepto. I ordered a bag of rice, but it was delivered to the wrong address. There is no customer care number, only chat support, which was extremely slow and unhelpful. They asked me to contact the delivery partner, but he said the order wasn't assigned to him. I eventually found the package myself after searching the entire apartment. The support team only apologized, said they would take the feedback, and closed the chat without any proper resolution.",26.7.3,0,82
play_e4b770f4-8599-462f-9a08-0749a69a26bf,google_play,2026-07-21T07:36:36,5,excellent,26.7.3,0,1
play_ad8456f5-c4ab-4dfd-98cc-00cc7dbd0203,google_play,2026-07-21T07:23:41,5,good 👍,26.7.3,0,2
play_1df42707-56e8-40ec-8922-839174639cec,google_play,2026-07-21T07:22:07,5,ok,26.7.3,0,1
play_4b34c90e-a142-4e66-b4c7-22a5089f184d,google_play,2026-07-21T07:01:30,5,best,26.7.2,0,1
play_8473137c-f192-4934-953d-de2a748fc0f7,google_play,2026-07-21T06:49:47,5,very 👍 good,26.7.3,0,3
play_145777b9-69cf-450a-9430-d5387120af7f,google_play,2026-07-21T06:30:08,4,lately experiencing app latency,26.7.2,0,4
play_d2ae8006-2be7-45f5-8557-8547ff35e1a9,google_play,2026-07-21T05:34:32,5,happy,26.7.2,0,1
play_e5d8379c-025e-48e3-bc61-a1c2c2c29074,google_play,2026-07-21T05:30:38,1,एकदम घटिया app है,,0,4
play_da289dea-6483-438d-860c-04aa8b89a574,google_play,2026-07-21T03:32:42,5,good,26.6.5,0,1
play_aee437dd-e806-4b69-aa50-fd3dccff9d82,google_play,2026-07-21T03:25:23,5,app is very fast,26.7.3,0,4
play_79ff2da2-2b03-4c4e-9181-4d1a1f77d003,google_play,2026-07-21T02:34:51,4,Good App,26.7.3,2,2
play_b77bba7c-8743-458b-a29f-a44e0a95d385,google_play,2026-07-21T02:23:47,5,nice fast delivery 🚚,26.7.3,0,4
play_e8490bb1-6708-474e-9fa7-d8b8dd9c95a0,google_play,2026-07-21T02:17:33,1,very bad bad zepto 😡😡,26.7.2,0,5
play_74221a4f-ff69-4b13-ac7e-4645587e80da,google_play,2026-07-21T01:36:06,5,super,26.7.3,0,1
play_44025463-40ef-4dc0-b5d5-bc248e537f48,google_play,2026-07-21T01:29:36,5,good service 👍,26.7.2,0,3
play_49682732-3636-4bc6-9481-c14bb9262bcb,google_play,2026-07-21T01:12:35,5,i like this food and drink,26.5.3,0,6
play_b4164ac1-0a2f-41e2-b04f-3ffb1ee9fdd0,google_play,2026-07-21T01:10:20,1,"Stop your stupid AI slop bots from handling customer care, because it misunderstands very real concerns in a 100 different ways, and just annoys me to no end.",26.7.3,0,28
play_c7de00b2-73dd-4d4f-86b7-c9425b258e5b,google_play,2026-07-21T01:05:40,5,fast delivery,26.7.2,0,2
play_ca6223fd-56ab-45e2-ad49-cdda331f2ab8,google_play,2026-07-21T00:57:44,5,Overall good.,26.7.3,0,2
play_93adaaf2-d184-4231-8033-d19406b2c7e5,google_play,2026-07-21T00:46:53,5,good,26.7.3,0,1
play_f2852be6-4b0e-44c7-9cca-badad266690c,google_play,2026-07-21T00:44:18,5,nice,26.7.3,0,1
play_87df3cdc-2278-4165-8cc5-82855343ec3d,google_play,2026-07-21T00:43:46,1,not placing an order because COD is not available after 12am.,,0,11
play_c25274b5-f2a0-41ae-b7ba-e070cdf5933d,google_play,2026-07-21T00:43:32,1,waste company does not care about customer at all waited for 1 hour for items no delivery partner available and when asked compensation denied and this is the 3rd time order getting cancelled and refund also takes 7 days to receive pathetic service agents not trained and delivery partner rude behaviour will uninstall and would recommend everyone to stop using this app,26.7.3,0,62
play_05028484-8f31-48d5-a92a-f9128f6bab6b,google_play,2026-07-21T00:25:53,1,Worst App. Blocking the account. unable to use my money to order which is there in waller.,26.6.5,0,17
play_600ed201-772e-4db5-968d-36f0a00b9cb6,google_play,2026-07-21T00:18:47,1,"Their only USP is that they offer Rs. 100 minimum order. No customer support when you have any issue. The delivery guy didn't deliver my order and when called to enquire, he started shouting. and there was no resolution from Zepto's side, I didn't even get to talk to a representative. I only got an automated response of ""we are sorry, we will look into it"". No refund, no resolution on the behaviour of the delivery partner, nothing.",26.7.2,0,78
play_488998e2-098b-4546-afa8-b384a2336d67,google_play,2026-07-21T00:18:41,5,good,26.7.3,0,1
play_f929728f-8601-41c0-bd6a-e7bfd35bb6aa,google_play,2026-07-21T00:15:40,1,biggest fraud zepto they are sending expiry products to customers again telling they covering if complaint clearly raised with pictures they covering again clear evidence I shown to customer support worst response customer service email response don't purchase grocery in zepto don't buy in zepto,,0,45
play_430f010e-205c-41ca-9935-bcf8d92b68c3,google_play,2026-07-21T00:07:42,5,good,26.7.3,0,1
play_dd9e3350-b148-4080-85ed-d0cc6fce55f5,google_play,2026-07-21T00:00:46,1,refer and earn option was worst I referred 2 people they ordered also but coin didn't get worst,26.7.3,0,18
play_0ba23331-274d-4f9d-af57-052feeaed116,google_play,2026-07-20T23:59:04,1,"Very disappointing experience. I received an order with a missing item, but my refund request was rejected without a proper investigation. Customer support kept saying that all items were delivered, even though one item was missing. I have raised a complaint and am still waiting for a fair resolution. This experience has made me lose trust in Zepto.",,0,58
play_4ad69a26-1a6e-43cc-9209-72b206b10bcc,google_play,2026-07-20T23:48:05,5,fast delivery,26.7.2,0,2
play_aa144875-0366-43b5-bb98-7636f3853d63,google_play,2026-07-20T23:43:12,5,Very Fast Delivery ASAP (As Soon As Possible). 👌,26.7.2,0,9
play_27948cbb-e90f-40e6-ad4c-7b0f14e23d9b,google_play,2026-07-20T23:42:04,5,too good 👍,26.6.4,0,3
play_5051d1fe-f59d-4d53-bb96-ec744a9265d5,google_play,2026-07-20T23:41:04,5,Good products 👍 And quickly and quietly delivery,26.7.3,0,8
play_273efd17-17fc-459c-9fed-6969cebf4e4f,google_play,2026-07-20T23:27:54,1,"delivered an expired product, don't use this app for anything.",26.7.2,0,10
play_6aea24cb-821a-48be-9d86-bff5041e33ca,google_play,2026-07-20T23:23:13,5,good vibes,26.7.3,0,2
play_4f66b35c-d32c-49db-b3b0-96945c8c283e,google_play,2026-07-20T23:18:33,1,worst service. Products are often not of quality. Worst customer support. It's a scam. Please don't buy from it.,,0,19
play_185feb16-ac38-4fe2-83e7-b53725f32d9f,google_play,2026-07-20T23:18:16,1,"Received rotten, insect-damaged vegetables. The app's mandatory photo upload freezes on a blank white screen, making it impossible to report the issue. After emailing clear photo evidence, I received a generic copy-paste rejection claiming the product was ""fine at dispatch"" while completely ignoring the app bug. If customers can't report genuine issues and support won't acknowledge them, what's the point of your quality guarantee? #BoycottZepto",26.7.3,0,65
play_f9b7887f-47ac-4b1d-9f8b-adafeb0255af,google_play,2026-07-20T23:17:35,5,best price,26.7.2,0,2
play_b07081f1-2ddc-46b6-bdd7-328061c0afd3,google_play,2026-07-20T23:13:48,5,super TQ,26.3.5,0,2
play_fb790dfb-3839-47a5-ae6a-fde82ad90098,google_play,2026-07-20T23:04:40,5,nice,26.7.3,0,1
play_bb7486b3-7273-410a-bc89-2e82a140d70b,google_play,2026-07-20T22:57:20,5,good sarvice,26.6.5,0,2
play_9802d879-2c94-4656-a085-8ea9ffccaa96,google_play,2026-07-20T22:55:04,4,easy and fast delivery,26.7.3,2,4
play_2b1b1977-9a0e-4ecb-a930-476e4b939d11,google_play,2026-07-20T22:49:18,5,good jop,26.7.1,0,2
play_99d23edd-b68a-4d28-b900-1037536930d5,google_play,2026-07-20T22:37:01,1,"I am having a lot of trouble with this app. What is the price of my item? I have problems with everything. When I order again, there is no cod option AVL. I will not use this app because you are playing with me a lot.",26.7.3,0,46
play_9f7b01c1-0f69-4409-b818-94b4ddfd9fb0,google_play,2026-07-20T22:36:17,3,Good vegetable,26.7.2,0,2
play_1e254ad8-d4f2-4542-8bc3-7db7c40efd38,google_play,2026-07-20T22:35:10,1,"Very poor response from customer support on rotten/over grown delivered item/product. delivery of bad product by store. I have made only 5-7 order over here, out of them 3 order have issues. very poor and bad experience with Zepto.",26.4.3,0,39
play_afe2bab9-ac8a-485e-90f9-810bc7d91c68,google_play,2026-07-20T22:28:24,3,Location issue persists,26.7.3,0,3
play_39027de5-eecf-49eb-9434-d11e246dbb32,google_play,2026-07-20T22:20:31,5,good service and product,26.7.2,0,4
play_9b1f73b8-8658-4b7d-b080-a612f09f7b83,google_play,2026-07-20T22:17:21,5,fast delivering is so good and on time,26.7.2,0,8
play_8628c8da-a948-47aa-8e49-a35559efdcaf,google_play,2026-07-20T22:14:47,5,very fast service,26.7.2,0,3
play_8c3fef43-a94b-404d-9b8c-66a639b153d7,google_play,2026-07-20T22:11:09,5,good,26.7.3,0,1
play_cb6817cd-68b1-4b09-af9b-9edb6e981cf8,google_play,2026-07-20T22:10:20,5,good,26.7.2,0,1
play_08b1f059-4d8c-4606-91c6-8c2180be6174,google_play,2026-07-20T22:07:22,5,diwine,26.7.2,0,1
play_13453493-eecf-4d92-ac97-ebae4c250912,google_play,2026-07-20T22:06:45,1,firstly there was good service of zepto nowadays they are giving hell type services I ordered a gym gloves 1hr before and now my order got cancelled due to their delivery issues and they initiated my refund of 262 rupees and now after initiated It didn't get it credited in my account it Shows it will be in my account in 5-7 working days what the hell @teamzepto you guys cancelled my order because of your lack of service and now I was waiting for my parcel Tommorow I needed that gloves what the f,,0,95
play_9dbb22b0-e8be-4182-88ac-894559a409cd,google_play,2026-07-20T22:03:51,1,It was a waste of experience. I have really ordered a 45w charger they have sent a 30w charger,26.7.2,0,19
play_d699d9f5-ee78-4050-bbe2-7b4bf2634158,google_play,2026-07-20T22:02:46,4,delhivery partner is very kind,26.7.2,0,5
play_5910da6e-cd59-4ab1-99c0-6a09791b0e6d,google_play,2026-07-20T21:59:26,5,Best app,,0,2
play_806ac3b4-2ca0-4acd-9a23-6e2fefe8a606,google_play,2026-07-20T21:58:37,5,quick and fast Even during rainy got the order on time,26.7.2,0,11
play_52970aeb-7476-41a8-b7f7-d1ae54a75f81,google_play,2026-07-20T21:57:21,4,nice experience,26.7.2,0,2
play_c9645344-15f2-4922-98c8-657b310c3f04,google_play,2026-07-20T21:57:18,5,good service,26.7.2,0,2
play_e8e385e3-1ac3-4c36-b1e0-7400ae73e51b,google_play,2026-07-20T21:56:48,5,good,26.7.3,0,1
play_9787330f-ec28-46a6-b259-470c9c60424f,google_play,2026-07-20T21:54:50,5,fast charging Manga tha Main fast charging nahin Hai Power Bank isliye cancel karna chahte hain,26.6.1,0,16
play_9efa2dcb-929d-46e7-b605-196d713ed37e,google_play,2026-07-20T21:50:13,5,best service,26.7.3,0,2
play_263df12e-4120-4a7f-a53c-230c3f86b44a,google_play,2026-07-20T21:40:42,5,excelent,26.7.2,0,1
play_c948c45e-1e0b-4d3c-9a1d-a5c35b5e2b00,google_play,2026-07-20T21:39:12,1,very slow service now,26.7.3,0,4
play_f5bbd571-6f3d-4c7c-a549-8ad2c95073c7,google_play,2026-07-20T21:35:15,1,"I would like to provide some critical feedback regarding the current AI chat agent. Unfortunately, it is not effectively assisting users and is frequently leading to customer frustration. Furthermore, it consistently fails to follow established AI guidelines and protocols. I highly recommend that the development team urgently review and address these issues to improve the tool's functionality.",26.7.2,0,57
play_65e76750-7db2-4a96-9431-36e601ef3aad,google_play,2026-07-20T21:24:11,5,beautiful. 💕wonderful. zepto. ❤️ love. u. so. much. zepto. 💕,26.6.4,0,10
play_d2096a59-dfe1-4462-a47e-ee095cc4d0a0,google_play,2026-07-20T21:21:54,1,"Along with other things I had ordered pineapple slices.On receiving the order I found that it was all rotten and there were small pieces of tissue paper all over the shredded pieces of pineapple. After eating this type of food products anyone can fall ill or have food poisoning ,I raised the issue in its customers support but there was no proper support or update from Zepto. Horrible experience!",26.7.2,0,69
play_5f38983e-8c5b-4c37-9a52-ba305159e466,google_play,2026-07-20T21:17:00,2,"they deliver only cod orders on time, prepaid orders keep on lingering, specially after 8pm",26.7.3,0,15
play_b3da3c74-4192-45f0-913b-3705c52737ab,google_play,2026-07-20T21:16:53,1,"today I ordered frooti from this app and received damaged product and some blood types seems inside cap bottel, expire date also mis print from bottel",26.7.3,0,26
play_5570881b-a69b-4b84-b1f4-24dc3454e387,google_play,2026-07-20T21:10:58,5,hmmm nice,26.5.2,0,2
play_00885c74-b4d0-440f-9fd4-7791aad94fdc,google_play,2026-07-20T21:08:43,5,super fast delivery,26.7.2,0,3
play_c19febb8-dab2-49ae-8cdf-4b1394a3f043,google_play,2026-07-20T20:58:46,5,good,26.7.3,0,1
play_a3f54353-67b3-4e2c-9362-84edf02c8689,google_play,2026-07-20T20:55:22,5,veri good material,26.7.3,0,3
play_9a9d938b-4bb4-4f43-9794-84ec027bacd8,google_play,2026-07-20T20:54:55,5,good products,26.6.5,0,2
play_d313b268-b5a3-46cb-8ad5-806911bda47a,google_play,2026-07-20T20:52:47,5,thank,26.7.2,0,1
play_69251369-55cf-4c4d-8298-de1b52fc2ce0,google_play,2026-07-20T20:52:43,5,super hero I love zepto,26.7.2,0,5
play_acc18ab2-67c1-459f-b347-756878ebbeae,google_play,2026-07-20T20:48:18,1,"Zepto kharab product (MRP, Manufacturing date and expiry date not available on product) deliver kar raha hai...aur customer care waale bolte hai hamare yahan se sahi bheja gaya hai es par koi action nahi liya jayega. very - very poor online shopping app..as per Zepto comment i have shared details on Mail but no solution. Zepto app is now very - very poor...do not buy any product from this app...",26.7.3,0,70
play_c59d154e-5725-4bf0-981d-8f175ceb049e,google_play,2026-07-20T20:47:28,1,"I used to love zepto a year ago... but it's one of the trashiest apps now, they keep changing minimum value for free delivery through out the day!! till I was filling the basket it was minimum 100 and right before I am ordering it changes to 299!!!",,0,48
play_0087e3b3-b98c-468f-a3b6-e8842a467b75,google_play,2026-07-20T20:44:18,5,thanku,26.7.3,0,1
play_a783c3f4-c70a-4554-8394-8584e565340f,google_play,2026-07-20T20:39:46,1,"the services have been very very poor.... they send broken, rotten and expired products!! whats the point of refund when we have to pay delivery and handling fee everytime we order??? even if we are ordering again they have to make it free",,0,43
play_d4716539-a9c4-4840-9ce1-b2e81bc34204,google_play,2026-07-20T20:35:48,1,sent damaged vegetables when raised replacement request they denied,26.7.3,0,9
play_b6900578-d787-4e60-979c-179ee017ed7f,google_play,2026-07-20T20:30:50,1,"useless application, never let you check with CSR",26.7.3,0,8
play_9463b535-af0b-4f48-ad76-95d23dbae72c,google_play,2026-07-20T20:25:35,5,best delivery app for groceries,26.7.2,0,5
play_74fb3650-083e-489c-90c6-8fc05b7bdfff,google_play,2026-07-20T20:20:34,1,"Don't buy.. Tempered Bread Package, fungus Bread Delivered. not Hygiene. not recommend. worst seles support.",26.7.2,0,15
play_1ff92ec3-c0d2-4cad-9f87-0919e3d3b8b4,google_play,2026-07-20T20:08:32,1,"very bad service from zepto never expected, an employee name sudhir kumar smartly ran away after delivering items n then confirm that he has not delivered the missing items and he will be delivering it by 6:30 and even the team of zepto said that he will be delivering by 6:30 and then afterwards suddenly they changed and the staff told us that know your all of the items were delivered which were not exactly delivered we waited for more than 5 to 6 hours but they were never delivered",26.7.2,0,90
play_7cde7fd3-ce38-4325-a616-b3c9f0532e43,google_play,2026-07-20T20:05:34,4,good 👍🏻 delevery fast and application experience on Android smooth,26.7.3,2,10
play_54322480-3682-4daf-ba37-22aafe9da289,google_play,2026-07-20T20:04:46,1,I am disapponted with the app as their services are going down. I got milk packet where UBD date is 19jul and today is. 20jul. zepto customer care is saying it's within expiry range. Basic sense got died. for 31 rs i did waste my tym to complain about it. did not replacement or refund. I am uninstallng the app.,26.7.3,0,60
play_af483dde-eb44-4b83-a133-9f85477692ed,google_play,2026-07-20T20:00:37,1,worst experience faced no Customer support only chatbot response that too limited and same reply,26.7.2,0,15
play_47d3aebb-cb2e-4cb5-86c8-b30bb85f2c7d,google_play,2026-07-20T19:58:48,1,What is this behavior first you tell to add referral in the new account and if you want to add the code then we are unable to find one in our app. If you didn't want us to refer then just delete that option. On top of that we aren't able to connect with any of the customer care team. Why is there even a customer support team if only bots are giving answers and are only there to help if there is a mishap with the orders. Other than that we can't connect with them. It is just a shameful act.,26.7.3,4,102
play_f11524d3-07cb-4148-b174-a17635a6fa1b,google_play,2026-07-20T19:58:34,5,good,26.7.3,0,1
play_08d8aef1-51c0-47b2-af5f-2c69c4e36dd8,google_play,2026-07-20T19:58:27,1,becoming worst day by day,26.7.2,0,5
play_07f4a097-6e1f-4eb0-aedf-70ec0b3e8b80,google_play,2026-07-20T19:48:02,1,not able to refer my friends,26.7.3,0,6
play_956ac330-20b0-4b84-a757-f6737b83f57e,google_play,2026-07-20T19:35:19,1,there customer care do not work properly,,0,7
play_3b68f851-1fcb-4988-8a0e-29840d9703f0,google_play,2026-07-20T19:33:50,1,The free added complimentary items will always go missing and from app help we will never resolve the issue yet the issue will be marked as resolved,25.9.1,0,27
play_2b746489-236c-4a10-b521-71089f73788e,google_play,2026-07-20T19:26:26,1,"Worst app ... every item available on this app is expired or rotten. I have experienced this soo many times. mostly the fruits and vegetables, they are raw and rotten. you find onions, potatoes are rotten and stinks. milk products are expired or the expiry date on the products were missing always. I boycott this app completely and advice others also not to use Zepto.",26.7.2,0,65
play_1c6627c2-5848-4dee-b5f7-3c7510c4ea18,google_play,2026-07-20T19:25:14,5,"I'm really happy with my experience on Zepto. I had a very limited budget, and I couldn't afford the groceries I needed from other stores or online platforms. After comparing several options, I found the best prices on Zepto. I was able to buy all the essential groceries within my budget, which helped me a lot. Thank you, Zepto, for making quality groceries affordable and accessible! thank you",26.7.2,1,68
play_56355fdf-8619-494a-9170-6436d55e25a4,google_play,2026-07-20T19:20:12,1,"Absolutely terrible experience. This app is a complete joke. I ordered ice cream for World Ice Cream Day, and they delivered something entirely different. What kind of service is this? Zepto is a total scam and a complete waste of time. Easily the worst app I’ve ever used.",,0,48
play_c3593ac2-1edc-48a0-9a9a-422953d13c58,google_play,2026-07-20T19:07:29,5,best experience,26.7.1,0,2
play_5297b1ca-d667-4115-a8c8-0555492382fa,google_play,2026-07-20T19:06:57,5,super,26.7.2,0,1
play_9271e136-40aa-4fae-92f7-b59cadd4ecaa,google_play,2026-07-20T19:04:36,5,best,26.7.3,0,1
play_53773a2f-504c-45ef-bdf7-edbe1bac4334,google_play,2026-07-20T18:53:24,1,sending empty bottles,,0,3
play_1fd01146-bfa1-4295-86b4-eb61acdbe783,google_play,2026-07-20T18:53:06,4,it's good but sometimes it take much more time than expected!!! but overall it's all good!,,0,16
play_92329f65-a947-4c49-9aee-dec03573c2cf,google_play,2026-07-20T18:44:54,5,Good,26.7.1,0,1
play_3c942c6f-2c36-47e6-8382-b5c76b128898,google_play,2026-07-20T18:39:27,5,best quick delivery app,26.7.2,0,4
play_efe18bbb-329a-4af9-85d9-f28e08d3da9d,google_play,2026-07-20T18:29:54,1,i got one eyed teddy bear delivered and when I asked for support the system says it's in good condition,26.7.3,0,20
play_02558625-1308-4c27-b35e-81361f0ddca5,google_play,2026-07-20T18:27:02,1,"Showing 4 minutes since last 15 minutes, making complete fool of me, and no customer care to help.",26.7.2,0,18
play_d63ada71-71df-4ae1-b737-bcccbc59cce8,google_play,2026-07-20T18:10:10,5,good,26.7.3,0,1
play_05ffbefa-828d-4691-8fea-88f5d56e387c,google_play,2026-07-20T17:56:19,5,thanks you so much❤,,0,4
play_048eb340-afeb-4a03-9a9f-f069b09897cc,google_play,2026-07-20T17:55:20,1,"i ordered clothes organiser they delivered a damaged bottle which they are not accepting in return citing it to be damaged. it's a scam app. be aware don't use it, use Swiggy or blinkit they are Good. never use this",26.7.2,0,40
play_069a4128-236b-47aa-b798-dece241f72b3,google_play,2026-07-20T17:39:57,5,nice,26.7.3,0,1
play_0678f5f3-616d-475b-a5e7-a9ad8c7c343e,google_play,2026-07-20T17:26:41,5,best,26.7.2,0,1
play_35a670fb-fa40-4314-afc7-904e3a9ddc45,google_play,2026-07-20T17:26:40,5,pliz update,,0,2
play_8cd7d627-e7e6-4f8d-b5fa-f01144ae0623,google_play,2026-07-20T17:06:44,5,good,,0,1
play_dc674a0c-e4e7-46e6-9b9f-0ab197a68a81,google_play,2026-07-20T17:05:23,5,gud,26.7.3,0,1
play_a2b6785d-d349-49d7-9e7a-36d421898ec5,google_play,2026-07-20T17:04:05,1,I ordered some items from Zepto but the delivery guy never made it to my house and called me and said I have two wheeler and I can't deliver all of the items so he cancelled our order and the money we paid never returned to us .This is my request to the Zepto management to kindly act upon this.,26.7.3,0,60
play_96b26687-0233-4672-bd60-69ec39e4faca,google_play,2026-07-20T17:03:28,5,good,26.7.2,0,1
play_37e29ae3-4abf-400a-8d41-6f6ac5358f8e,google_play,2026-07-20T16:55:53,5,nice🤩,,0,1
play_5089f067-5934-4e38-95c3-1f7405fadf30,google_play,2026-07-20T16:54:58,5,😘👍,26.7.3,0,1
play_a8e9dea9-5766-415a-9a6e-eea69203eb32,google_play,2026-07-20T16:48:30,5,like zepto,26.7.3,0,2
play_452c9aa4-8f24-4f17-a836-9b4a8821f278,google_play,2026-07-20T16:47:57,5,good app,26.7.2,0,2
play_bdf7ed1b-4992-4fc7-8afa-f57018e03818,google_play,2026-07-20T16:41:03,1,This app is good but the replacement about damage products are not available sometimes no return or refund and no service support available just a chat bot who can't understand the situation.,26.7.3,0,32
play_dfadc0a9-48b8-4b0b-bf0a-7de96ec23b2a,google_play,2026-07-20T16:34:59,1,bekarr,26.7.3,0,1
play_f1d9b8fb-09eb-4408-9c22-9141e16db714,google_play,2026-07-20T16:22:53,5,am really with your service it's very 👍 good,26.7.2,0,9
play_7a60ec4f-e11c-4088-98ab-53494b630368,google_play,2026-07-20T16:18:56,5,good job,,0,2
play_3cf75a4a-cadb-450b-ab63-a6933b61de8c,google_play,2026-07-20T16:16:57,1,"really poor customer handling i ordered 2 product costs Rs. 590 and both were expired I complaint against it even upload the picture right away after delivered and still tey have not refunded even they are not taking any action against this kind of service, I am uninstalling this app and suggest everyone not to use this fraud app.",26.7.2,0,59
play_c6634f21-fa75-4a65-b22b-be2092f59d6a,google_play,2026-07-20T16:15:43,1,fraud app and fraud customer care,26.7.2,0,6
play_4236563e-9641-4c2a-aab1-f1d34e141852,google_play,2026-07-20T16:14:04,1,bohat he ghatiya h ye zepto ghee liya mene wo bilkul ghatiya duplicate diliver kiya h or or na to wo jm raha h or na he wo ghee k jesa h wo to fourtune oil k jese h liquid jese na he zepto n pese diye na product change kiya,,0,51
play_b50b24ee-a2ea-4b1c-97db-dc0574af7aa5,google_play,2026-07-20T16:02:02,1,There was an incident with regards to a bullying delivery partner and it was dealt highly unprofessionally by the Zepto team. I can't trust these fellows anymore.,,0,27
play_53e01e3c-52ce-4e8d-a15e-5aea4b93632d,google_play,2026-07-20T16:01:17,5,great app,26.7.2,0,2
play_4bc14264-ded5-473f-bdb9-6837ce6feebf,google_play,2026-07-20T15:57:51,5,mst haa,26.7.3,0,2
play_5ba49867-83a3-467b-97a7-59671757cf35,google_play,2026-07-20T15:57:18,5,good oder app,,0,3
play_c973de79-9e82-4304-a525-ec9252da94e5,google_play,2026-07-20T15:52:08,1,quantity less of Maggi,26.7.2,0,4
play_3560dfef-77fe-4833-beb8-fb770d071a4d,google_play,2026-07-20T15:46:27,1,hey I want to give 0 star but there is no option yesterday I have bought a paneer of 95 rs but what I received is only a spoiled paneer and then when I asked for delivery they are like ok we will return in 1 hour. so I said ok they are good that they are offering return but after 1 hour when I checked they are saying that we delivered and no ise of any complaint .such a frustrating 😤 app they don't buy from zepto buy from instamart instead.,26.7.3,0,92
play_34685cce-11d1-4c36-bacf-5a6cae574c7d,google_play,2026-07-20T15:42:54,5,Nice app,26.6.5,0,2
play_f8078cb7-edc7-4c50-9a74-f7a4bdae67a2,google_play,2026-07-20T15:41:43,5,perfect delivery person,26.7.3,0,3
play_d0f1f1aa-8981-4fd0-94ff-b9a6f5bf8365,google_play,2026-07-20T15:35:21,5,very very good 👍,26.7.2,0,4
play_7f8f3685-47a8-45b4-899d-dc8b555af435,google_play,2026-07-20T15:31:56,2,this app was initially good but during the time it's started increasing price of products and they don't even call to confirm order I'd there is out of stock product order by customer even they replace it with the cheaper item and the change money they don't even return this app is doing worst perfomance also there is no custom support,,0,61
play_84685365-9877-4b2d-aa1b-21355866af82,google_play,2026-07-20T15:30:32,1,भाई बहुत ही खराब एप्लीकेशन है किसी भी प्रकार का कस्टमर सपोर्ट नहीं है प्रोडक्ट आर्डर करोगे तो प्रोडक्ट गलत या कच्चा प्रोडक्ट आ जाएगा कस्टमर केयर से बात करोगे तो बोलेंगे हमने सेलर से बात की थी प्रोडक्ट सही था अब आपका प्रोडक्ट रिफंड एंड रिटर्न नहीं हो पाएगा और आपको खराब प्रोडक्ट ही लेना होगा प्लीज सोच समझकर यह है एप्लीकेशन डाउनलोड करें मेरा एक्सपीरियंस बहुत ही गंदा रहा है इस इस ऐप के साथ 😭😭😭😭😭😭😭😭😭,26.3.2,0,78
play_393f96ff-f95d-42fe-9ad9-7c28211e1c7a,google_play,2026-07-20T15:25:20,1,wrost app,26.7.3,0,2
play_2bb11656-c8fb-4f83-bf0d-8f4b82fc1f94,google_play,2026-07-20T15:20:20,5,good going,26.7.3,0,2
play_3c3a51df-4a07-48a5-a005-c92ae5c9679f,google_play,2026-07-20T15:02:35,1,"Zepto delivered an incomplete order and has been completely useless about fixing it. I've messaged support multiple times and all I get is copy-paste responses — no refund, no redelivery, no accountability. Absolutely unacceptable for a company that boasts 10-minute delivery. Ordering from them again would be a mistake.",26.7.3,1,49
play_34086d7e-57e3-4fcf-8d8c-046302916e29,google_play,2026-07-20T14:56:46,5,good,26.7.3,0,1
play_6ff34717-bd2f-4be4-ab25-f8d1a328e1de,google_play,2026-07-20T14:36:18,5,thank you,26.7.2,0,2
